{"type":"FeatureCollection","features":[{"type":"Feature","properties":{"row":0,"col":0,"name":"Circulo Andaluz de Tebeos","street":"Calle Manolo Vázquez","number":"47","osm_id":"way/1169321643"},"geometry":{"type":"Polygon","coordinates":[[[-5.9956573,37.3713883],[-5.9955955,37.3711434],[-5.9955049,37.371155],[-5.9956073,37.3713939],[-5.9956573,37.3713883]]]}},{"type":"Feature","properties":{"row":0,"col":1,"name":"Peña los Catorce","street":"Calle Manolo Vázquez","number":"45","osm_id":"way/1169321644"},"geometry":{"type":"Polygon","coordinates":[[[-5.9957033,37.3713831],[-5.9956426,37.3711373],[-5.9955955,37.3711434],[-5.9956573,37.3713883],[-5.9957033,37.3713831]]]}},{"type":"Feature","properties":{"row":0,"col":2,"name":"La Marchenera","street":"Calle Manolo Vázquez","number":"43","osm_id":"way/1169321645"},"geometry":{"type":"Polygon","coordinates":[[[-5.9957492,37.3713779],[-5.9956896,37.3711313],[-5.9956426,37.3711373],[-5.9957033,37.3713831],[-5.9957492,37.3713779]]]}},{"type":"Feature","properties":{"row":0,"col":3,"name":"La Letra de Cambio","street":"Calle Manolo Vázquez","number":"41","osm_id":"way/1169321646"},"geometry":{"type":"Polygon","coordinates":[[[-5.9957952,37.3713727],[-5.9957367,37.3711252],[-5.9956896,37.3711313],[-5.9957492,37.3713779],[-5.9957952,37.3713727]]]}},{"type":"Feature","properties":{"row":0,"col":4,"name":"El Garbanzo Negro","street":"Calle Manolo Vázquez","number":"39","osm_id":"way/1169321647"},"geometry":{"type":"Polygon","coordinates":[[[-5.9958411,37.3713675],[-5.9957838,37.3711191],[-5.9957367,37.3711252],[-5.9957952,37.3713727],[-5.9958411,37.3713675]]]}},{"type":"Feature","properties":{"row":0,"col":5,"name":"Colegio Ing. Tcos. Agricolas","street":"Calle Manolo Vázquez","number":"23","osm_id":"way/1169321655"},"geometry":{"type":"Polygon","coordinates":[[[-5.9960946,37.3712247],[-5.9961168,37.3713363],[-5.9962191,37.3713248],[-5.9961934,37.3712142],[-5.9960946,37.3712247]]]}},{"type":"Feature","properties":{"row":0,"col":6,"name":"Asoc. Alfar Sevillana","street":"Calle Manolo Vázquez","number":"37","osm_id":"way/1169321648"},"geometry":{"type":"Polygon","coordinates":[[[-5.9958871,37.3713623],[-5.9958309,37.3711131],[-5.9957838,37.3711191],[-5.9958411,37.3713675],[-5.9958871,37.3713623]]]}},{"type":"Feature","properties":{"row":0,"col":7,"name":"Asociacion Cultural Pio Xii","street":"Calle Manolo Vázquez","number":"35","osm_id":"way/1169321649"},"geometry":{"type":"Polygon","coordinates":[[[-5.995933,37.3713571],[-5.995878,37.371107],[-5.9958309,37.3711131],[-5.9958871,37.3713623],[-5.995933,37.3713571]]]}},{"type":"Feature","properties":{"row":0,"col":8,"name":"Gomez-stern Sanchez Luis Fdo.","street":"Calle Manolo Vázquez","number":"19","osm_id":"way/1169321668"},"geometry":{"type":"Polygon","coordinates":[[[-5.9964639,37.3712929],[-5.9964406,37.3711878],[-5.9963563,37.3711968],[-5.9963784,37.3713032],[-5.9964639,37.3712929]]]}},{"type":"Feature","properties":{"row":0,"col":9,"name":"Asociacion Familiar la Oliva","street":"Calle Manolo Vázquez","number":"33","osm_id":"way/1169321650"},"geometry":{"type":"Polygon","coordinates":[[[-5.995979,37.3713519],[-5.9959251,37.371101],[-5.995878,37.371107],[-5.995933,37.3713571],[-5.995979,37.3713519]]]}},{"type":"Feature","properties":{"row":0,"col":10,"name":"La Marimorena","street":"Calle Manolo Vázquez","number":"31","osm_id":"way/1169321651"},"geometry":{"type":"Polygon","coordinates":[[[-5.9960249,37.3713467],[-5.9959722,37.3710949],[-5.9959251,37.371101],[-5.995979,37.3713519],[-5.9960249,37.3713467]]]}},{"type":"Feature","properties":{"row":0,"col":11,"name":"Cañera","street":"Calle Manolo Vázquez","number":"29","osm_id":"way/1169321652"},"geometry":{"type":"Polygon","coordinates":[[[-5.9960708,37.3713415],[-5.9960192,37.3710889],[-5.9959722,37.3710949],[-5.9960249,37.3713467],[-5.9960708,37.3713415]]]}},{"type":"Feature","properties":{"row":0,"col":12,"name":"Recinto niños perdidos","street":"Calle Gitanito de Triana","number":"120","osm_id":"way/1166212803"},"geometry":{"type":"Polygon","coordinates":[[[-6.0013275,37.3712501],[-6.0014336,37.3712477],[-6.0014465,37.3711846],[-6.0013464,37.3711681],[-6.0013275,37.3712501]]]}},{"type":"Feature","properties":{"row":0,"col":13,"name":"Sanchez-haro Carmona Juan","street":"Calle Espartero","number":"55","osm_id":"way/1164897427"},"geometry":{"type":"Polygon","coordinates":[[[-5.9994689,37.37125],[-5.9994693,37.3711789],[-5.9993378,37.3711646],[-5.9993199,37.3712527],[-5.9994689,37.37125]]]}},{"type":"Feature","properties":{"row":0,"col":14,"name":"Cuervas del Real Luis","street":"Calle Pepe Hillo","number":"2","osm_id":"way/1164882191"},"geometry":{"type":"Polygon","coordinates":[[[-5.9976901,37.3712402],[-5.9978772,37.3712623],[-5.9978919,37.3711821],[-5.9977062,37.3711595],[-5.9976901,37.3712402]]]}},{"type":"Feature","properties":{"row":0,"col":15,"name":"Mi Caseta","street":"Calle Espartero","number":"109","osm_id":"way/1164897393"},"geometry":{"type":"Polygon","coordinates":[[[-6.001005,37.3712527],[-6.0010213,37.3711834],[-6.0009326,37.3711704],[-6.0009302,37.3711796],[-6.0009116,37.3712535],[-6.001005,37.3712527]]]}},{"type":"Feature","properties":{"row":0,"col":16,"name":"La Piconera","street":"Calle Manolo Vázquez","number":"3","osm_id":"way/1169321674"},"geometry":{"type":"Polygon","coordinates":[[[-5.9968359,37.3712481],[-5.9968236,37.3711586],[-5.9967308,37.371163],[-5.9967451,37.3712591],[-5.9968359,37.3712481]]]}},{"type":"Feature","properties":{"row":0,"col":17,"name":"Asociacion la Caña-sevilla","street":"Calle Gitanito de Triana","number":"118","osm_id":"way/1164897399"},"geometry":{"type":"Polygon","coordinates":[[[-6.0013275,37.3712501],[-6.0013464,37.3711681],[-6.0012189,37.371147],[-6.0011909,37.3712512],[-6.0013275,37.3712501]]]}},{"type":"Feature","properties":{"row":0,"col":18,"name":"Caseta los Bermudo","street":"Calle Espartero","number":"9","osm_id":"way/1164882063"},"geometry":{"type":"Polygon","coordinates":[[[-5.9978772,37.3712623],[-5.9979262,37.3712654],[-5.9979456,37.3711507],[-5.9978988,37.3711447],[-5.9978919,37.3711821],[-5.9978772,37.3712623]]]}},{"type":"Feature","properties":{"row":0,"col":19,"name":"Los Seis Puntos","street":"Calle Manolo Vázquez","number":"27","osm_id":"way/1169321653"},"geometry":{"type":"Polygon","coordinates":[[[-5.9961168,37.3713363],[-5.9960946,37.3712247],[-5.9960874,37.3711889],[-5.9960803,37.371153],[-5.9960732,37.3711172],[-5.9960663,37.3710828],[-5.9960192,37.3710889],[-5.9960708,37.3713415],[-5.9961168,37.3713363]]]}},{"type":"Feature","properties":{"row":0,"col":20,"name":"Los Volaores","street":"Calle Pepe Luis Vázquez","number":"1","osm_id":"way/1164882047"},"geometry":{"type":"Polygon","coordinates":[[[-5.9988342,37.3712507],[-5.999026,37.3712459],[-5.9990482,37.3711588],[-5.9988368,37.3711297],[-5.9988342,37.3712507]]]}},{"type":"Feature","properties":{"row":0,"col":21,"name":"Pablos Peralta Francisco","street":"Calle Gitanito de Triana","number":"114","osm_id":"way/1164897398"},"geometry":{"type":"Polygon","coordinates":[[[-6.0011909,37.3712512],[-6.0012189,37.371147],[-6.0011274,37.3711319],[-6.0010979,37.371252],[-6.0011909,37.3712512]]]}},{"type":"Feature","properties":{"row":0,"col":22,"name":"La Flor de la Canela","street":"Calle Gitanito de Triana","number":"207","osm_id":"way/1166212821"},"geometry":{"type":"Polygon","coordinates":[[[-6.0033642,37.371245],[-6.0034615,37.3712587],[-6.0034858,37.3711482],[-6.0033953,37.3711343],[-6.0033642,37.371245]]]}},{"type":"Feature","properties":{"row":0,"col":23,"name":"Los 24 Amigos de Tejidos Toro","street":"Calle Espartero","number":"105","osm_id":"way/1164897392"},"geometry":{"type":"Polygon","coordinates":[[[-6.0008187,37.3711646],[-6.000799,37.3712544],[-6.0009116,37.3712535],[-6.0009302,37.3711796],[-6.0008187,37.3711646]]]}},{"type":"Feature","properties":{"row":0,"col":24,"name":"Por la Amistad","street":"Calle Gitanito de Triana","number":"112","osm_id":"way/1164897397"},"geometry":{"type":"Polygon","coordinates":[[[-6.0010979,37.371252],[-6.0011274,37.3711319],[-6.0010861,37.3711251],[-6.0010544,37.3712523],[-6.0010979,37.371252]]]}},{"type":"Feature","properties":{"row":0,"col":25,"name":"Afass. Asoc. Funcionarios de la Seguridad Social","street":"Calle Espartero","number":"99","osm_id":"way/1164897446"},"geometry":{"type":"Polygon","coordinates":[[[-6.0005203,37.3712471],[-6.0005331,37.371185],[-6.0004148,37.3711704],[-6.0003689,37.3711647],[-6.0003557,37.3711631],[-6.0003528,37.3712336],[-6.0005203,37.3712471]]]}},{"type":"Feature","properties":{"row":0,"col":26,"name":"","street":"","number":"","osm_id":"way/1169321656"},"geometry":{"type":"Polygon","coordinates":[[[-5.9960874,37.3711889],[-5.9960946,37.3712247],[-5.9961934,37.3712142],[-5.9961852,37.3711793],[-5.9960874,37.3711889]]]}},{"type":"Feature","properties":{"row":0,"col":27,"name":"Rojo Lozano Victor","street":"Calle Gitanito de Triana","number":"110","osm_id":"way/1164897396"},"geometry":{"type":"Polygon","coordinates":[[[-6.0010544,37.3712523],[-6.0010861,37.3711251],[-6.001037,37.371117],[-6.0010213,37.3711834],[-6.001005,37.3712527],[-6.0010544,37.3712523]]]}},{"type":"Feature","properties":{"row":0,"col":28,"name":"Martinez Mata Isabel","street":"Calle Gitanito de Triana","number":"205","osm_id":"way/1166212822"},"geometry":{"type":"Polygon","coordinates":[[[-6.0033225,37.3712392],[-6.0033642,37.371245],[-6.0033953,37.3711343],[-6.0033477,37.371127],[-6.0033225,37.3712392]]]}},{"type":"Feature","properties":{"row":0,"col":29,"name":"Entreparedes","street":"Calle Espartero","number":"97","osm_id":"way/1164897445"},"geometry":{"type":"Polygon","coordinates":[[[-6.0003528,37.3712336],[-6.0003557,37.3711631],[-6.0003206,37.3711588],[-6.0003075,37.3711571],[-6.0003017,37.3712345],[-6.0003528,37.3712336]]]}},{"type":"Feature","properties":{"row":0,"col":30,"name":"Los Flamencos","street":"Calle Espartero","number":"95","osm_id":"way/1164897444"},"geometry":{"type":"Polygon","coordinates":[[[-6.0003017,37.3712345],[-6.0003075,37.3711571],[-6.0002759,37.3711532],[-6.0002637,37.3711517],[-6.0002591,37.3712353],[-6.0003017,37.3712345]]]}},{"type":"Feature","properties":{"row":0,"col":31,"name":"Amigos de Espartero 93","street":"Calle Espartero","number":"93","osm_id":"way/1164897443"},"geometry":{"type":"Polygon","coordinates":[[[-6.0002591,37.3712353],[-6.0002637,37.3711517],[-6.0002326,37.3711479],[-6.0002139,37.3711456],[-6.0002151,37.3712361],[-6.0002591,37.3712353]]]}},{"type":"Feature","properties":{"row":0,"col":32,"name":"Los Amigos del Catavino","street":"Calle Espartero","number":"63","osm_id":"way/1164897429"},"geometry":{"type":"Polygon","coordinates":[[[-5.999557,37.3712483],[-5.9995563,37.3711061],[-5.9995173,37.3711051],[-5.9995123,37.3712492],[-5.999557,37.3712483]]]}},{"type":"Feature","properties":{"row":0,"col":33,"name":"Los de Don Bosco","street":"Calle Gitanito de Triana","number":"203","osm_id":"way/1166212823"},"geometry":{"type":"Polygon","coordinates":[[[-6.0032765,37.3712327],[-6.0033225,37.3712392],[-6.0033477,37.371127],[-6.0033022,37.3711201],[-6.0032765,37.3712327]]]}},{"type":"Feature","properties":{"row":0,"col":34,"name":"Los Amorosos","street":"Calle Espartero","number":"27","osm_id":"way/1164882056"},"geometry":{"type":"Polygon","coordinates":[[[-5.9983212,37.3712627],[-5.9984125,37.3712607],[-5.9984065,37.3710818],[-5.9983166,37.3710818],[-5.9983212,37.3712627]]]}},{"type":"Feature","properties":{"row":0,"col":35,"name":"Los Morelec","street":"Calle Espartero","number":"87","osm_id":"way/1164897440"},"geometry":{"type":"Polygon","coordinates":[[[-6.00012,37.3712379],[-6.0001157,37.3711408],[-6.0000915,37.3711412],[-6.0000731,37.3711403],[-6.0000752,37.3712387],[-6.00012,37.3712379]]]}},{"type":"Feature","properties":{"row":0,"col":36,"name":"La Barqueta","street":"Calle Espartero","number":"91","osm_id":"way/1164897442"},"geometry":{"type":"Polygon","coordinates":[[[-6.0002151,37.3712361],[-6.0002139,37.3711456],[-6.0001843,37.3711419],[-6.0001682,37.3711399],[-6.0001683,37.371237],[-6.0002151,37.3712361]]]}},{"type":"Feature","properties":{"row":0,"col":37,"name":"Lo Que Diga Maruja","street":"Calle Espartero","number":"85","osm_id":"way/1164897439"},"geometry":{"type":"Polygon","coordinates":[[[-6.0000752,37.3712387],[-6.0000731,37.3711403],[-6.0000416,37.3711387],[-6.000022,37.3711378],[-6.0000234,37.3712397],[-6.0000752,37.3712387]]]}},{"type":"Feature","properties":{"row":0,"col":38,"name":"Los de las 10 y 10","street":"Calle Espartero","number":"89","osm_id":"way/1164897441"},"geometry":{"type":"Polygon","coordinates":[[[-6.0001683,37.371237],[-6.0001682,37.3711399],[-6.0001372,37.3711404],[-6.0001157,37.3711408],[-6.00012,37.3712379],[-6.0001683,37.371237]]]}},{"type":"Feature","properties":{"row":0,"col":39,"name":"Caballistas del 90","street":"Calle Espartero","number":"83","osm_id":"way/1164897438"},"geometry":{"type":"Polygon","coordinates":[[[-6.0000234,37.3712397],[-6.000022,37.3711378],[-5.9999934,37.3711363],[-5.9999794,37.3711356],[-5.9999801,37.3712405],[-6.0000234,37.3712397]]]}},{"type":"Feature","properties":{"row":0,"col":40,"name":"Bajogüindo","street":"Calle Espartero","number":"81","osm_id":"way/1164897437"},"geometry":{"type":"Polygon","coordinates":[[[-5.9999801,37.3712405],[-5.9999794,37.3711356],[-5.9999472,37.371134],[-5.9999318,37.3711333],[-5.9999332,37.3712414],[-5.9999801,37.3712405]]]}},{"type":"Feature","properties":{"row":0,"col":41,"name":"La Prima","street":"Calle Antonio Bienvenida","number":"1","osm_id":"way/1164882179"},"geometry":{"type":"Polygon","coordinates":[[[-5.9969956,37.3711496],[-5.9968236,37.3711586],[-5.9968359,37.3712481],[-5.9969993,37.3712284],[-5.9969956,37.3711496]]]}},{"type":"Feature","properties":{"row":0,"col":42,"name":"Visitadores Medicos C.d.","street":"Calle Espartero","number":"79","osm_id":"way/1164897436"},"geometry":{"type":"Polygon","coordinates":[[[-5.9999332,37.3712414],[-5.9999318,37.3711333],[-5.9999033,37.3711319],[-5.9998836,37.3711309],[-5.9998864,37.3712422],[-5.9999332,37.3712414]]]}},{"type":"Feature","properties":{"row":0,"col":43,"name":"Los 20+1","street":"Calle Espartero","number":"45","osm_id":"way/1164882049"},"geometry":{"type":"Polygon","coordinates":[[[-5.9987423,37.371253],[-5.9987886,37.3712519],[-5.9987888,37.3710846],[-5.9987368,37.3710776],[-5.9987423,37.371253]]]}},{"type":"Feature","properties":{"row":0,"col":44,"name":"Los Reserva del 15","street":"Calle Manolo Vázquez","number":"15","osm_id":"way/1169321670"},"geometry":{"type":"Polygon","coordinates":[[[-5.9965572,37.3712817],[-5.9965096,37.3710311],[-5.9964602,37.3710367],[-5.9965159,37.3712867],[-5.9965572,37.3712817]]]}},{"type":"Feature","properties":{"row":0,"col":45,"name":"Los Dalton","street":"Calle Gitanito de Triana","number":"201","osm_id":"way/1166212824"},"geometry":{"type":"Polygon","coordinates":[[[-6.003229,37.371226],[-6.0032765,37.3712327],[-6.0033022,37.3711201],[-6.0032542,37.3711128],[-6.003229,37.371226]]]}},{"type":"Feature","properties":{"row":0,"col":46,"name":"Carrasco Villadoniga Francisco","street":"Calle Espartero","number":"61","osm_id":"way/1164897428"},"geometry":{"type":"Polygon","coordinates":[[[-5.9995123,37.3712492],[-5.9995173,37.3711051],[-5.9994697,37.3711038],[-5.9994695,37.3711422],[-5.9994693,37.3711789],[-5.9994689,37.37125],[-5.9995123,37.3712492]]]}},{"type":"Feature","properties":{"row":0,"col":47,"name":"Los Constantes","street":"Calle Espartero","number":"43","osm_id":"way/1164882050"},"geometry":{"type":"Polygon","coordinates":[[[-5.9986981,37.3712541],[-5.9987423,37.371253],[-5.9987368,37.3710776],[-5.9986951,37.371072],[-5.9986981,37.3712541]]]}},{"type":"Feature","properties":{"row":0,"col":48,"name":"Pal Año Que Viene","street":"Calle Espartero","number":"73","osm_id":"way/1164897434"},"geometry":{"type":"Polygon","coordinates":[[[-5.9997919,37.371244],[-5.9997921,37.371121],[-5.9997611,37.3711177],[-5.999741,37.3711156],[-5.9997436,37.3712449],[-5.9997919,37.371244]]]}},{"type":"Feature","properties":{"row":0,"col":49,"name":"Peña Puerta Grande","street":"Calle Espartero","number":"41","osm_id":"way/1164882051"},"geometry":{"type":"Polygon","coordinates":[[[-5.9986464,37.3712554],[-5.9986981,37.3712541],[-5.9986951,37.371072],[-5.9986446,37.3710653],[-5.9986464,37.3712554]]]}},{"type":"Feature","properties":{"row":0,"col":50,"name":"Lienzo Moreno","street":"Calle Espartero","number":"71","osm_id":"way/1164897433"},"geometry":{"type":"Polygon","coordinates":[[[-5.9997436,37.3712449],[-5.999741,37.3711156],[-5.9997123,37.3711125],[-5.9996964,37.3711108],[-5.9996961,37.3712458],[-5.9997436,37.3712449]]]}},{"type":"Feature","properties":{"row":0,"col":51,"name":"","street":"","number":"","osm_id":"way/1169321667"},"geometry":{"type":"Polygon","coordinates":[[[-5.9963563,37.3711968],[-5.9964406,37.3711878],[-5.9964325,37.3711515],[-5.9963487,37.3711605],[-5.9963563,37.3711968]]]}},{"type":"Feature","properties":{"row":0,"col":52,"name":"Espartero 69","street":"Calle Espartero","number":"69","osm_id":"way/1164897432"},"geometry":{"type":"Polygon","coordinates":[[[-5.9996961,37.3712458],[-5.9996964,37.3711108],[-5.9996633,37.3711072],[-5.9996489,37.3711056],[-5.9996485,37.3712466],[-5.9996961,37.3712458]]]}},{"type":"Feature","properties":{"row":0,"col":53,"name":"Venegas Laguens Javier","street":"Calle Espartero","number":"47","osm_id":"way/1164882048"},"geometry":{"type":"Polygon","coordinates":[[[-5.9987886,37.3712519],[-5.9988342,37.3712507],[-5.9988368,37.3711297],[-5.9988374,37.3710911],[-5.9987888,37.3710846],[-5.9987886,37.3712519]]]}},{"type":"Feature","properties":{"row":0,"col":54,"name":"Gallego Lopez Jose","street":"Calle Gitanito de Triana","number":"199","osm_id":"way/1166212825"},"geometry":{"type":"Polygon","coordinates":[[[-6.0031826,37.3712195],[-6.003229,37.371226],[-6.0032542,37.3711128],[-6.0032058,37.3711054],[-6.0031826,37.3712195]]]}},{"type":"Feature","properties":{"row":0,"col":55,"name":"Los Deciores","street":"Calle Espartero","number":"33","osm_id":"way/1164882054"},"geometry":{"type":"Polygon","coordinates":[[[-5.9984587,37.3712597],[-5.998509,37.3712586],[-5.9985036,37.3710503],[-5.998456,37.3710517],[-5.9984587,37.3712597]]]}},{"type":"Feature","properties":{"row":0,"col":56,"name":"Cargill","street":"Calle Espartero","number":"75","osm_id":"way/1164897435"},"geometry":{"type":"Polygon","coordinates":[[[-5.9998864,37.3712422],[-5.9998836,37.3711309],[-5.9998546,37.3711278],[-5.9998059,37.3711225],[-5.9997921,37.371121],[-5.9997919,37.371244],[-5.9998864,37.3712422]]]}},{"type":"Feature","properties":{"row":0,"col":57,"name":"Caseta de Mando de Policia Local","street":"Calle Manolo Vázquez","number":"11","osm_id":"way/1169321671"},"geometry":{"type":"Polygon","coordinates":[[[-5.996648,37.3712708],[-5.9965979,37.3710211],[-5.9965096,37.3710311],[-5.9965572,37.3712817],[-5.996648,37.3712708]]]}},{"type":"Feature","properties":{"row":0,"col":58,"name":"Quedaron 6+1","street":"Calle Espartero","number":"67","osm_id":"way/1164897431"},"geometry":{"type":"Polygon","coordinates":[[[-5.9996485,37.3712466],[-5.9996489,37.3711056],[-5.9996193,37.3711025],[-5.9996033,37.3711007],[-5.9996024,37.3712475],[-5.9996485,37.3712466]]]}},{"type":"Feature","properties":{"row":0,"col":59,"name":"Club Deportivo Barriada San Jose Obrero","street":"Calle Espartero","number":"65","osm_id":"way/1164897430"},"geometry":{"type":"Polygon","coordinates":[[[-5.9996024,37.3712475],[-5.9996033,37.3711007],[-5.9995741,37.3710976],[-5.9995563,37.3711061],[-5.999557,37.3712483],[-5.9996024,37.3712475]]]}},{"type":"Feature","properties":{"row":0,"col":60,"name":"Ya Era Hora","street":"Calle Gitanito de Triana","number":"197","osm_id":"way/1166212826"},"geometry":{"type":"Polygon","coordinates":[[[-6.0031336,37.3712125],[-6.0031826,37.3712195],[-6.0032058,37.3711054],[-6.0031575,37.371098],[-6.0031336,37.3712125]]]}},{"type":"Feature","properties":{"row":0,"col":61,"name":"El Pizarrin","street":"Calle Espartero","number":"17","osm_id":"way/1164882059"},"geometry":{"type":"Polygon","coordinates":[[[-5.9980918,37.3712678],[-5.9981354,37.3712668],[-5.9981293,37.3710256],[-5.9980919,37.3710186],[-5.9980918,37.3712678]]]}},{"type":"Feature","properties":{"row":0,"col":62,"name":"Los Sin Paseito","street":"Calle Manolo Vázquez","number":"9","osm_id":"way/1169321672"},"geometry":{"type":"Polygon","coordinates":[[[-5.9966967,37.3712649],[-5.9966531,37.3710148],[-5.9965979,37.3710211],[-5.996648,37.3712708],[-5.9966967,37.3712649]]]}},{"type":"Feature","properties":{"row":0,"col":63,"name":"Lima-limon","street":"Calle Manolo Vázquez","number":"17","osm_id":"way/1169321669"},"geometry":{"type":"Polygon","coordinates":[[[-5.9965159,37.3712867],[-5.9964602,37.3710367],[-5.9964083,37.3710426],[-5.9964164,37.3710789],[-5.9964244,37.3711153],[-5.9964325,37.3711515],[-5.9964406,37.3711878],[-5.9964639,37.3712929],[-5.9965159,37.3712867]]]}},{"type":"Feature","properties":{"row":0,"col":64,"name":"","street":"","number":"","osm_id":"way/1169321657"},"geometry":{"type":"Polygon","coordinates":[[[-5.9960803,37.371153],[-5.9960874,37.3711889],[-5.9961852,37.3711793],[-5.9961767,37.3711431],[-5.9960803,37.371153]]]}},{"type":"Feature","properties":{"row":0,"col":65,"name":"Fernandez Limon Manuel","street":"Calle Jiménez Chicuelo","number":"5","osm_id":"way/1164897401"},"geometry":{"type":"Polygon","coordinates":[[[-6.0005331,37.371185],[-6.0005423,37.3711439],[-6.0004212,37.3711289],[-6.0004148,37.3711704],[-6.0005331,37.371185]]]}},{"type":"Feature","properties":{"row":0,"col":66,"name":"La Alegria","street":"Calle Manolo Vázquez","number":"7","osm_id":"way/1169321673"},"geometry":{"type":"Polygon","coordinates":[[[-5.9967451,37.3712591],[-5.9967308,37.371163],[-5.9967193,37.3711636],[-5.9967078,37.3710086],[-5.9966531,37.3710148],[-5.9966967,37.3712649],[-5.9967451,37.3712591]]]}},{"type":"Feature","properties":{"row":0,"col":67,"name":"La Jumanca","street":"Calle Espartero","number":"31","osm_id":"way/1164882055"},"geometry":{"type":"Polygon","coordinates":[[[-5.9984125,37.3712607],[-5.9984587,37.3712597],[-5.998456,37.3710517],[-5.9984055,37.3710531],[-5.9984065,37.3710818],[-5.9984125,37.3712607]]]}},{"type":"Feature","properties":{"row":0,"col":68,"name":"Azahar","street":"Calle Pepe Luis Vázquez","number":"6","osm_id":"way/1164897426"},"geometry":{"type":"Polygon","coordinates":[[[-5.9993378,37.3711646],[-5.9994693,37.3711789],[-5.9994695,37.3711422],[-5.9993457,37.3711256],[-5.9993378,37.3711646]]]}},{"type":"Feature","properties":{"row":0,"col":69,"name":"Cortijo la Pluma","street":"Calle Espartero","number":"39","osm_id":"way/1164882052"},"geometry":{"type":"Polygon","coordinates":[[[-5.9986001,37.3712566],[-5.9986464,37.3712554],[-5.9986446,37.3710653],[-5.9986445,37.3710471],[-5.998599,37.3710432],[-5.9986001,37.3712566]]]}},{"type":"Feature","properties":{"row":0,"col":70,"name":"Rodriguez Heredia Miguel","street":"Calle Pepe Hillo","number":"6","osm_id":"way/1164882190"},"geometry":{"type":"Polygon","coordinates":[[[-5.9977062,37.3711595],[-5.9978919,37.3711821],[-5.9978988,37.3711447],[-5.9977139,37.371121],[-5.9977062,37.3711595]]]}},{"type":"Feature","properties":{"row":0,"col":71,"name":"Bb y Pk","street":"Calle Espartero","number":"19","osm_id":"way/1164882058"},"geometry":{"type":"Polygon","coordinates":[[[-5.9981354,37.3712668],[-5.998183,37.3712658],[-5.9981778,37.3710338],[-5.9981702,37.3710332],[-5.9981293,37.3710256],[-5.9981354,37.3712668]]]}},{"type":"Feature","properties":{"row":0,"col":72,"name":"","street":"","number":"","osm_id":"way/1169321666"},"geometry":{"type":"Polygon","coordinates":[[[-5.9963487,37.3711605],[-5.9964325,37.3711515],[-5.9964244,37.3711153],[-5.9963411,37.3711244],[-5.9963487,37.3711605]]]}},{"type":"Feature","properties":{"row":0,"col":73,"name":"Hermandad de San Gonzalo","street":"Calle Espartero","number":"15","osm_id":"way/1164882060"},"geometry":{"type":"Polygon","coordinates":[[[-5.9980483,37.3712687],[-5.9980918,37.3712678],[-5.9980919,37.3710186],[-5.998079,37.3710162],[-5.9980496,37.3710108],[-5.9980483,37.3712687]]]}},{"type":"Feature","properties":{"row":0,"col":74,"name":"8ª Jefatura Reg. Transportes Terrestres","street":"Calle Espartero","number":"13","osm_id":"way/1164882061"},"geometry":{"type":"Polygon","coordinates":[[[-5.997996,37.3712699],[-5.9980483,37.3712687],[-5.9980496,37.3710108],[-5.9980303,37.3710072],[-5.998002,37.371004],[-5.997996,37.3712699]]]}},{"type":"Feature","properties":{"row":0,"col":75,"name":"Los Padrinos","street":"Calle Gitanito de Triana","number":"106","osm_id":"way/1164897395"},"geometry":{"type":"Polygon","coordinates":[[[-6.001037,37.371117],[-6.0009497,37.3711025],[-6.0009326,37.3711704],[-6.0010213,37.3711834],[-6.001037,37.371117]]]}},{"type":"Feature","properties":{"row":0,"col":76,"name":"Peña Trianera","street":"Calle Espartero","number":"35","osm_id":"way/1164882053"},"geometry":{"type":"Polygon","coordinates":[[[-5.998509,37.3712586],[-5.9986001,37.3712566],[-5.998599,37.3710432],[-5.9985494,37.3710389],[-5.9985023,37.3710349],[-5.9985036,37.3710503],[-5.998509,37.3712586]]]}},{"type":"Feature","properties":{"row":0,"col":77,"name":"Los Demasiao","street":"Calle Gitanito de Triana","number":"102","osm_id":"way/1164897394"},"geometry":{"type":"Polygon","coordinates":[[[-6.0009497,37.3711025],[-6.0008364,37.3710838],[-6.0008187,37.3711646],[-6.0009302,37.3711796],[-6.0009326,37.3711704],[-6.0009497,37.3711025]]]}},{"type":"Feature","properties":{"row":0,"col":78,"name":"Los Extremeños","street":"Calle Pepe Luis Vázquez","number":"7","osm_id":"way/1164882046"},"geometry":{"type":"Polygon","coordinates":[[[-5.9990482,37.3711588],[-5.9990579,37.3711205],[-5.9988374,37.3710911],[-5.9988368,37.3711297],[-5.9990482,37.3711588]]]}},{"type":"Feature","properties":{"row":0,"col":79,"name":"Empleados de Euromaster Automocion y Servicios, S.a.u.","street":"Calle Espartero","number":"11","osm_id":"way/1164882062"},"geometry":{"type":"Polygon","coordinates":[[[-5.9979262,37.3712654],[-5.997996,37.3712699],[-5.998002,37.371004],[-5.997975,37.371001],[-5.9979676,37.3710389],[-5.9979607,37.3710738],[-5.9979538,37.3711091],[-5.9979456,37.3711507],[-5.9979262,37.3712654]]]}},{"type":"Feature","properties":{"row":0,"col":80,"name":"","street":"","number":"","osm_id":"way/1169321658"},"geometry":{"type":"Polygon","coordinates":[[[-5.9960732,37.3711172],[-5.9960803,37.371153],[-5.9961767,37.3711431],[-5.9961683,37.371107],[-5.9960732,37.3711172]]]}},{"type":"Feature","properties":{"row":0,"col":81,"name":"Los Cafelitos","street":"Calle Pepe Hillo","number":"8","osm_id":"way/1164882189"},"geometry":{"type":"Polygon","coordinates":[[[-5.9977139,37.371121],[-5.9978988,37.3711447],[-5.9979456,37.3711507],[-5.9979538,37.3711091],[-5.9977217,37.3710821],[-5.9977139,37.371121]]]}},{"type":"Feature","properties":{"row":0,"col":82,"name":"Chicuelo 7","street":"Calle Jiménez Chicuelo","number":"7","osm_id":"way/1164897400"},"geometry":{"type":"Polygon","coordinates":[[[-6.0005423,37.3711439],[-6.0005523,37.3710987],[-6.0004287,37.3710817],[-6.0004212,37.3711289],[-6.0005423,37.3711439]]]}},{"type":"Feature","properties":{"row":0,"col":83,"name":"El 8","street":"Calle Pepe Luis Vázquez","number":"8","osm_id":"way/1164897425"},"geometry":{"type":"Polygon","coordinates":[[[-5.9993457,37.3711256],[-5.9994695,37.3711422],[-5.9994697,37.3711038],[-5.999353,37.3710897],[-5.9993457,37.3711256]]]}},{"type":"Feature","properties":{"row":0,"col":84,"name":"Los Hipotecaos","street":"Calle Gitanito de Triana","number":"96","osm_id":"way/1164897403"},"geometry":{"type":"Polygon","coordinates":[[[-6.0003347,37.3710687],[-6.0003206,37.3711588],[-6.0003557,37.3711631],[-6.0003689,37.3711647],[-6.0003824,37.3710753],[-6.0003347,37.3710687]]]}},{"type":"Feature","properties":{"row":0,"col":85,"name":"Albero y Cal","street":"Calle Gitanito de Triana","number":"98","osm_id":"way/1164897402"},"geometry":{"type":"Polygon","coordinates":[[[-6.0003824,37.3710753],[-6.0003689,37.3711647],[-6.0004148,37.3711704],[-6.0004212,37.3711289],[-6.0004287,37.3710817],[-6.0003824,37.3710753]]]}},{"type":"Feature","properties":{"row":0,"col":86,"name":"Elliot Carriedo Dolores","street":"Calle Gitanito de Triana","number":"94","osm_id":"way/1164897404"},"geometry":{"type":"Polygon","coordinates":[[[-6.000292,37.3710628],[-6.0002759,37.3711532],[-6.0003075,37.3711571],[-6.0003206,37.3711588],[-6.0003347,37.3710687],[-6.000292,37.3710628]]]}},{"type":"Feature","properties":{"row":0,"col":87,"name":"Castillo Fagundez Juan Manuel","street":"Calle Gitanito de Triana","number":"193","osm_id":"way/1166212828"},"geometry":{"type":"Polygon","coordinates":[[[-6.0030451,37.3712001],[-6.0030895,37.3712063],[-6.0031386,37.3709725],[-6.0030907,37.3709664],[-6.0030451,37.3712001]]]}},{"type":"Feature","properties":{"row":0,"col":88,"name":"G.e.c.i.","street":"Calle Espartero","number":"21","osm_id":"way/1164882057"},"geometry":{"type":"Polygon","coordinates":[[[-5.998183,37.3712658],[-5.9983212,37.3712627],[-5.9983166,37.3710818],[-5.9984065,37.3710818],[-5.9984055,37.3710531],[-5.9984051,37.3710402],[-5.9983828,37.3710396],[-5.9982668,37.3710363],[-5.9982186,37.371035],[-5.9981778,37.3710338],[-5.998183,37.3712658]]]}},{"type":"Feature","properties":{"row":0,"col":89,"name":"","street":"","number":"","osm_id":"way/1169321665"},"geometry":{"type":"Polygon","coordinates":[[[-5.9963411,37.3711244],[-5.9964244,37.3711153],[-5.9964164,37.3710789],[-5.9963336,37.3710881],[-5.9963411,37.3711244]]]}},{"type":"Feature","properties":{"row":0,"col":90,"name":"Los + Rezagaos","street":"Calle Gitanito de Triana","number":"92","osm_id":"way/1164897405"},"geometry":{"type":"Polygon","coordinates":[[[-6.0002494,37.3710569],[-6.0002326,37.3711479],[-6.0002637,37.3711517],[-6.0002759,37.3711532],[-6.000292,37.3710628],[-6.0002494,37.3710569]]]}},{"type":"Feature","properties":{"row":0,"col":91,"name":"El Burladero","street":"Calle Gitanito de Triana","number":"90","osm_id":"way/1164897406"},"geometry":{"type":"Polygon","coordinates":[[[-6.0002,37.3710501],[-6.0001843,37.3711419],[-6.0002139,37.3711456],[-6.0002326,37.3711479],[-6.0002494,37.3710569],[-6.0002,37.3710501]]]}},{"type":"Feature","properties":{"row":0,"col":92,"name":"Los Rezagaos","street":"Calle Gitanito de Triana","number":"195","osm_id":"way/1166212827"},"geometry":{"type":"Polygon","coordinates":[[[-6.0030895,37.3712063],[-6.0031336,37.3712125],[-6.0031575,37.371098],[-6.0031798,37.3709913],[-6.0031826,37.3709781],[-6.0031386,37.3709725],[-6.0030895,37.3712063]]]}},{"type":"Feature","properties":{"row":0,"col":93,"name":"G.e.m.a.s.","street":"Calle Costillares","number":"7","osm_id":"way/1166212820"},"geometry":{"type":"Polygon","coordinates":[[[-6.0034858,37.3711482],[-6.0035016,37.3710763],[-6.0033184,37.3710514],[-6.0033274,37.3710088],[-6.0031798,37.3709913],[-6.0031575,37.371098],[-6.0032058,37.3711054],[-6.0032542,37.3711128],[-6.0033022,37.3711201],[-6.0033477,37.371127],[-6.0033953,37.3711343],[-6.0034858,37.3711482]]]}},{"type":"Feature","properties":{"row":0,"col":94,"name":"Martincho","street":"Calle Gitanito de Triana","number":"88","osm_id":"way/1164897407"},"geometry":{"type":"Polygon","coordinates":[[[-6.0001552,37.3710439],[-6.0001372,37.3711404],[-6.0001682,37.3711399],[-6.0001843,37.3711419],[-6.0002,37.3710501],[-6.0001552,37.3710439]]]}},{"type":"Feature","properties":{"row":0,"col":95,"name":"Palomar Martin Manuel","street":"Calle Gitanito de Triana","number":"86","osm_id":"way/1164897408"},"geometry":{"type":"Polygon","coordinates":[[[-6.000112,37.3710379],[-6.0000915,37.3711412],[-6.0001157,37.3711408],[-6.0001372,37.3711404],[-6.0001552,37.3710439],[-6.000112,37.3710379]]]}},{"type":"Feature","properties":{"row":0,"col":96,"name":"Hermandad de la Carreteria","street":"Calle Gitanito de Triana","number":"187","osm_id":"way/1166212830"},"geometry":{"type":"Polygon","coordinates":[[[-6.0029063,37.3711805],[-6.0029514,37.3711869],[-6.0030005,37.3709544],[-6.0029574,37.3709487],[-6.0029063,37.3711805]]]}},{"type":"Feature","properties":{"row":0,"col":97,"name":"","street":"","number":"","osm_id":"way/1169321659"},"geometry":{"type":"Polygon","coordinates":[[[-5.9961599,37.3710708],[-5.9960663,37.3710828],[-5.9960732,37.3711172],[-5.9961683,37.371107],[-5.9961599,37.3710708]]]}},{"type":"Feature","properties":{"row":0,"col":98,"name":"Martinez Camacho Juan Manuel","street":"Calle Gitanito de Triana","number":"84","osm_id":"way/1164897409"},"geometry":{"type":"Polygon","coordinates":[[[-6.0000597,37.3710307],[-6.0000416,37.3711387],[-6.0000731,37.3711403],[-6.0000915,37.3711412],[-6.000112,37.3710379],[-6.0000597,37.3710307]]]}},{"type":"Feature","properties":{"row":0,"col":99,"name":"Los Painas","street":"Calle Gitanito de Triana","number":"185","osm_id":"way/1166212831"},"geometry":{"type":"Polygon","coordinates":[[[-6.0028647,37.3711747],[-6.0029063,37.3711805],[-6.0029574,37.3709487],[-6.0029129,37.3709429],[-6.0028647,37.3711747]]]}},{"type":"Feature","properties":{"row":1,"col":0,"name":"Puerto de Sevilla","street":"Calle Antonio Bienvenida","number":"5","osm_id":"way/1164882192"},"geometry":{"type":"Polygon","coordinates":[[[-5.9967067,37.3709937],[-5.9967078,37.3710086],[-5.9967193,37.3711636],[-5.9967308,37.371163],[-5.9968236,37.3711586],[-5.9969956,37.3711496],[-5.9970197,37.3711484],[-5.9970041,37.3709776],[-5.9967067,37.3709937]]]}},{"type":"Feature","properties":{"row":1,"col":1,"name":"Los Diez Sin Na","street":"Calle Gitanito de Triana","number":"82","osm_id":"way/1164897410"},"geometry":{"type":"Polygon","coordinates":[[[-6.0000123,37.3710242],[-5.9999934,37.3711363],[-6.000022,37.3711378],[-6.0000416,37.3711387],[-6.0000597,37.3710307],[-6.0000123,37.3710242]]]}},{"type":"Feature","properties":{"row":1,"col":2,"name":"Quiroga Bernaldez Pilar","street":"Calle Pepe Luis Vázquez","number":"10","osm_id":"way/1164897424"},"geometry":{"type":"Polygon","coordinates":[[[-5.999353,37.3710897],[-5.9994697,37.3711038],[-5.9994774,37.3710637],[-5.9993605,37.3710526],[-5.999353,37.3710897]]]}},{"type":"Feature","properties":{"row":1,"col":3,"name":"El Zaguan","street":"Calle Pepe Hillo","number":"10","osm_id":"way/1164882188"},"geometry":{"type":"Polygon","coordinates":[[[-5.9977217,37.3710821],[-5.9979538,37.3711091],[-5.9979607,37.3710738],[-5.9977292,37.3710445],[-5.9977217,37.3710821]]]}},{"type":"Feature","properties":{"row":1,"col":4,"name":"La Avelina","street":"Calle Gitanito de Triana","number":"183","osm_id":"way/1166212832"},"geometry":{"type":"Polygon","coordinates":[[[-6.0028192,37.3711682],[-6.0028647,37.3711747],[-6.0029129,37.3709429],[-6.0028644,37.3709365],[-6.0028192,37.3711682]]]}},{"type":"Feature","properties":{"row":1,"col":5,"name":"Los de Duero Nueve","street":"Calle Gitanito de Triana","number":"80","osm_id":"way/1164897411"},"geometry":{"type":"Polygon","coordinates":[[[-5.9999696,37.3710183],[-5.9999472,37.371134],[-5.9999794,37.3711356],[-5.9999934,37.3711363],[-6.0000123,37.3710242],[-5.9999696,37.3710183]]]}},{"type":"Feature","properties":{"row":1,"col":6,"name":"Los Curritos","street":"Calle Gitanito de Triana","number":"189","osm_id":"way/1166212829"},"geometry":{"type":"Polygon","coordinates":[[[-6.0029514,37.3711869],[-6.0030451,37.3712001],[-6.0030907,37.3709664],[-6.0030471,37.3709608],[-6.0030005,37.3709544],[-6.0029514,37.3711869]]]}},{"type":"Feature","properties":{"row":1,"col":7,"name":"Asoc. Gitanillo Setenta y Ocho","street":"Calle Gitanito de Triana","number":"78","osm_id":"way/1164897412"},"geometry":{"type":"Polygon","coordinates":[[[-5.9999208,37.3710115],[-5.9999033,37.3711319],[-5.9999318,37.3711333],[-5.9999472,37.371134],[-5.9999696,37.3710183],[-5.9999208,37.3710115]]]}},{"type":"Feature","properties":{"row":1,"col":8,"name":"Jose Manuel Hernandez Palma","street":"Calle Gitanito de Triana","number":"167","osm_id":"way/1166212850"},"geometry":{"type":"Polygon","coordinates":[[[-6.0024406,37.3711149],[-6.0024852,37.3711212],[-6.0025078,37.3710093],[-6.0024635,37.371004],[-6.0024406,37.3711149]]]}},{"type":"Feature","properties":{"row":1,"col":9,"name":"Asociacion Amigos del Viaje","street":"Calle Gitanito de Triana","number":"181","osm_id":"way/1166212833"},"geometry":{"type":"Polygon","coordinates":[[[-6.0027716,37.3711615],[-6.0028192,37.3711682],[-6.0028644,37.3709365],[-6.0028169,37.3709302],[-6.0027716,37.3711615]]]}},{"type":"Feature","properties":{"row":1,"col":10,"name":"","street":"","number":"","osm_id":"way/1169321664"},"geometry":{"type":"Polygon","coordinates":[[[-5.9963336,37.3710881],[-5.9964164,37.3710789],[-5.9964083,37.3710426],[-5.996326,37.3710519],[-5.9963336,37.3710881]]]}},{"type":"Feature","properties":{"row":1,"col":11,"name":"Peña los 14","street":"Calle Gitanito de Triana","number":"76","osm_id":"way/1164897413"},"geometry":{"type":"Polygon","coordinates":[[[-5.9998743,37.3710051],[-5.9998546,37.3711278],[-5.9998836,37.3711309],[-5.9999033,37.3711319],[-5.9999208,37.3710115],[-5.9998743,37.3710051]]]}},{"type":"Feature","properties":{"row":1,"col":12,"name":"Gordon Huertas Rafael","street":"Calle Gitanito de Triana","number":"179","osm_id":"way/1166212834"},"geometry":{"type":"Polygon","coordinates":[[[-6.0027278,37.3711554],[-6.0027716,37.3711615],[-6.0028169,37.3709302],[-6.0027727,37.3709244],[-6.0027278,37.3711554]]]}},{"type":"Feature","properties":{"row":1,"col":13,"name":"Las Portadas del Tito","street":"Calle Gitanito de Triana","number":"177","osm_id":"way/1166212835"},"geometry":{"type":"Polygon","coordinates":[[[-6.0026753,37.371148],[-6.0027278,37.3711554],[-6.0027727,37.3709244],[-6.0027247,37.3709181],[-6.0026753,37.371148]]]}},{"type":"Feature","properties":{"row":1,"col":14,"name":"Alvarez-dardet Gonzalez Antonio","street":"Calle Gitanito de Triana","number":"72","osm_id":"way/1164897415"},"geometry":{"type":"Polygon","coordinates":[[[-5.9997825,37.3709924],[-5.9997611,37.3711177],[-5.9997921,37.371121],[-5.9998059,37.3711225],[-5.9998356,37.3709998],[-5.9997825,37.3709924]]]}},{"type":"Feature","properties":{"row":1,"col":15,"name":"Los Marcos","street":"Calle Gitanito de Triana","number":"169","osm_id":"way/1166212847"},"geometry":{"type":"Polygon","coordinates":[[[-6.0024852,37.3711212],[-6.0025406,37.371129],[-6.0025687,37.3709787],[-6.0025154,37.3709719],[-6.0025078,37.3710093],[-6.0024852,37.3711212]]]}},{"type":"Feature","properties":{"row":1,"col":16,"name":"La Odisea","street":"Calle Gitanito de Triana","number":"175","osm_id":"way/1166212836"},"geometry":{"type":"Polygon","coordinates":[[[-6.0026311,37.3711417],[-6.0026753,37.371148],[-6.0027247,37.3709181],[-6.0026756,37.3709117],[-6.0026311,37.3711417]]]}},{"type":"Feature","properties":{"row":1,"col":17,"name":"Club de Tenis Pitamo","street":"Calle Gitanito de Triana","number":"70","osm_id":"way/1164897416"},"geometry":{"type":"Polygon","coordinates":[[[-5.9997368,37.3709861],[-5.9997123,37.3711125],[-5.999741,37.3711156],[-5.9997611,37.3711177],[-5.9997825,37.3709924],[-5.9997368,37.3709861]]]}},{"type":"Feature","properties":{"row":1,"col":18,"name":"El Soberao","street":"Calle Gitanito de Triana","number":"74","osm_id":"way/1164897414"},"geometry":{"type":"Polygon","coordinates":[[[-5.9998356,37.3709998],[-5.9998059,37.3711225],[-5.9998546,37.3711278],[-5.9998743,37.3710051],[-5.9998356,37.3709998]]]}},{"type":"Feature","properties":{"row":1,"col":19,"name":"Los Siviane","street":"Calle Costillares","number":"11","osm_id":"way/1166212819"},"geometry":{"type":"Polygon","coordinates":[[[-6.0035016,37.3710763],[-6.0035107,37.3710349],[-6.0033274,37.3710088],[-6.0033184,37.3710514],[-6.0035016,37.3710763]]]}},{"type":"Feature","properties":{"row":1,"col":20,"name":"Don Jose","street":"Calle Gitanito de Triana","number":"68","osm_id":"way/1164897417"},"geometry":{"type":"Polygon","coordinates":[[[-5.9996906,37.3709797],[-5.9996633,37.3711072],[-5.9996964,37.3711108],[-5.9997123,37.3711125],[-5.9997368,37.3709861],[-5.9996906,37.3709797]]]}},{"type":"Feature","properties":{"row":1,"col":21,"name":"Orellana Alvarez Maria del Carmen","street":"Calle Gitanito de Triana","number":"173","osm_id":"way/1166212837"},"geometry":{"type":"Polygon","coordinates":[[[-6.0025847,37.3711352],[-6.0026311,37.3711417],[-6.0026756,37.3709117],[-6.0026291,37.3709055],[-6.0025847,37.3711352]]]}},{"type":"Feature","properties":{"row":1,"col":22,"name":"La Casetita","street":"Calle Pepe Luis Vázquez","number":"12","osm_id":"way/1164897423"},"geometry":{"type":"Polygon","coordinates":[[[-5.9993605,37.3710526],[-5.9994774,37.3710637],[-5.9994843,37.3710275],[-5.9993679,37.3710161],[-5.9993605,37.3710526]]]}},{"type":"Feature","properties":{"row":1,"col":23,"name":"La Rueda","street":"Calle Pepe Hillo","number":"12","osm_id":"way/1164882187"},"geometry":{"type":"Polygon","coordinates":[[[-5.9977292,37.3710445],[-5.9979607,37.3710738],[-5.9979676,37.3710389],[-5.997736,37.3710104],[-5.9977292,37.3710445]]]}},{"type":"Feature","properties":{"row":1,"col":24,"name":"Hermandad de Ntra.sra.del Carmen de San Gil","street":"Calle Gitanito de Triana","number":"163","osm_id":"way/1166212852"},"geometry":{"type":"Polygon","coordinates":[[[-6.0023728,37.3709934],[-6.0023497,37.3711021],[-6.0024406,37.3711149],[-6.0024635,37.371004],[-6.0023728,37.3709934]]]}},{"type":"Feature","properties":{"row":1,"col":25,"name":"Los Dos Amigos","street":"Calle Gitanito de Triana","number":"66","osm_id":"way/1164897418"},"geometry":{"type":"Polygon","coordinates":[[[-5.9996465,37.3709737],[-5.9996193,37.3711025],[-5.9996489,37.3711056],[-5.9996633,37.3711072],[-5.9996906,37.3709797],[-5.9996465,37.3709737]]]}},{"type":"Feature","properties":{"row":1,"col":26,"name":"Medicina Interna","street":"Calle Gitanito de Triana","number":"64","osm_id":"way/1164897419"},"geometry":{"type":"Polygon","coordinates":[[[-5.9995994,37.3709672],[-5.9995741,37.3710976],[-5.9996033,37.3711007],[-5.9996193,37.3711025],[-5.9996465,37.3709737],[-5.9995994,37.3709672]]]}},{"type":"Feature","properties":{"row":1,"col":27,"name":"","street":"","number":"","osm_id":"way/1169321660"},"geometry":{"type":"Polygon","coordinates":[[[-5.9962004,37.3710662],[-5.9961821,37.3709811],[-5.9961401,37.3709862],[-5.9961599,37.3710708],[-5.9962004,37.3710662]]]}},{"type":"Feature","properties":{"row":1,"col":28,"name":"Centro Cultural de los Ejercitos","street":"Calle Pepe Luis Vázquez","number":"9","osm_id":"way/1164882045"},"geometry":{"type":"Polygon","coordinates":[[[-5.9990579,37.3711205],[-5.9990855,37.371012],[-5.9989368,37.3709918],[-5.9988914,37.3709856],[-5.9988449,37.3709792],[-5.9987992,37.370973],[-5.9987527,37.3709667],[-5.9987135,37.3709613],[-5.9986951,37.371072],[-5.9987368,37.3710776],[-5.9987888,37.3710846],[-5.9988374,37.3710911],[-5.9990579,37.3711205]]]}},{"type":"Feature","properties":{"row":1,"col":29,"name":"Club Generalban","street":"Calle Gitanito de Triana","number":"62","osm_id":"way/1164897420"},"geometry":{"type":"Polygon","coordinates":[[[-5.9995506,37.3709604],[-5.9995173,37.3711051],[-5.9995563,37.3711061],[-5.9995741,37.3710976],[-5.9995994,37.3709672],[-5.9995506,37.3709604]]]}},{"type":"Feature","properties":{"row":1,"col":30,"name":"","street":"","number":"","osm_id":"way/1169321661"},"geometry":{"type":"Polygon","coordinates":[[[-5.996241,37.3710616],[-5.9962241,37.3709759],[-5.9961821,37.3709811],[-5.9962004,37.3710662],[-5.996241,37.3710616]]]}},{"type":"Feature","properties":{"row":1,"col":31,"name":"","street":"","number":"","osm_id":"way/1169321662"},"geometry":{"type":"Polygon","coordinates":[[[-5.9962816,37.371057],[-5.9962661,37.3709708],[-5.9962241,37.3709759],[-5.996241,37.3710616],[-5.9962816,37.371057]]]}},{"type":"Feature","properties":{"row":1,"col":32,"name":"Soro Cañas Maria del Carmen","street":"Calle Gitanito de Triana","number":"60","osm_id":"way/1164897421"},"geometry":{"type":"Polygon","coordinates":[[[-5.9994985,37.3709532],[-5.9994843,37.3710275],[-5.9994774,37.3710637],[-5.9994697,37.3711038],[-5.9995173,37.3711051],[-5.9995506,37.3709604],[-5.9994985,37.3709532]]]}},{"type":"Feature","properties":{"row":1,"col":33,"name":"","street":"","number":"","osm_id":"way/1169321663"},"geometry":{"type":"Polygon","coordinates":[[[-5.996326,37.3710519],[-5.996308,37.3709656],[-5.9962661,37.3709708],[-5.9962816,37.371057],[-5.996326,37.3710519]]]}},{"type":"Feature","properties":{"row":1,"col":34,"name":"Acevedo Arias Carmen","street":"Calle Gitanito de Triana","number":"171","osm_id":"way/1166212846"},"geometry":{"type":"Polygon","coordinates":[[[-6.0025406,37.371129],[-6.0025847,37.3711352],[-6.0026291,37.3709055],[-6.0025847,37.3708997],[-6.0025755,37.3709425],[-6.0025687,37.3709787],[-6.0025406,37.371129]]]}},{"type":"Feature","properties":{"row":1,"col":35,"name":"Syrsa Renault","street":"Calle Ricardo Torres Bombita","number":"1","osm_id":"way/1166212957"},"geometry":{"type":"Polygon","coordinates":[[[-6.0020545,37.3710599],[-6.0020789,37.3709481],[-6.0019748,37.3709351],[-6.0019516,37.3710454],[-6.0020545,37.3710599]]]}},{"type":"Feature","properties":{"row":1,"col":36,"name":"El Portal","street":"Calle Pepe Hillo","number":"14","osm_id":"way/1164882186"},"geometry":{"type":"Polygon","coordinates":[[[-5.997736,37.3710104],[-5.9979676,37.3710389],[-5.997975,37.371001],[-5.9977431,37.370975],[-5.997736,37.3710104]]]}},{"type":"Feature","properties":{"row":1,"col":37,"name":"Colegio Territorial de Arbitros de Futbol","street":"Calle Costillares","number":"2","osm_id":"way/1169337992"},"geometry":{"type":"Polygon","coordinates":[[[-6.0042177,37.3710433],[-6.0042396,37.3709551],[-6.0040023,37.3709334],[-6.0039899,37.3710203],[-6.0042177,37.3710433]]]}},{"type":"Feature","properties":{"row":1,"col":38,"name":"Los de Fuera","street":"Calle Gitanito de Triana","number":"155","osm_id":"way/1166212956"},"geometry":{"type":"Polygon","coordinates":[[[-6.0019516,37.3710454],[-6.0019748,37.3709351],[-6.0019128,37.3709273],[-6.0018904,37.3710368],[-6.0019516,37.3710454]]]}},{"type":"Feature","properties":{"row":1,"col":39,"name":"Al Alba","street":"Calle Pepe Luis Vázquez","number":"14","osm_id":"way/1164897422"},"geometry":{"type":"Polygon","coordinates":[[[-5.9993679,37.3710161],[-5.9994843,37.3710275],[-5.9994985,37.3709532],[-5.9993838,37.3709374],[-5.9993679,37.3710161]]]}},{"type":"Feature","properties":{"row":1,"col":40,"name":"Con Solera","street":"Calle Pepe Luis Vázquez","number":"15","osm_id":"way/1164882044"},"geometry":{"type":"Polygon","coordinates":[[[-5.9990855,37.371012],[-5.9990951,37.3709744],[-5.9989449,37.370956],[-5.9989368,37.3709918],[-5.9990855,37.371012]]]}},{"type":"Feature","properties":{"row":1,"col":41,"name":"Familia Gil Martinez","street":"Calle Ricardo Torres Bombita","number":"8","osm_id":"way/1166212851"},"geometry":{"type":"Polygon","coordinates":[[[-6.0023728,37.3709934],[-6.0024635,37.371004],[-6.0025078,37.3710093],[-6.0025154,37.3709719],[-6.0023815,37.3709528],[-6.0023728,37.3709934]]]}},{"type":"Feature","properties":{"row":1,"col":42,"name":"El Azahar","street":"Calle Pepe Hillo","number":"16","osm_id":"way/1164882185"},"geometry":{"type":"Polygon","coordinates":[[[-5.9977431,37.370975],[-5.997975,37.371001],[-5.998002,37.371004],[-5.9980303,37.3710072],[-5.9980368,37.3709704],[-5.997989,37.370965],[-5.9977505,37.3709379],[-5.9977431,37.370975]]]}},{"type":"Feature","properties":{"row":1,"col":43,"name":"Na Es Na","street":"Calle Gitanito de Triana","number":"40","osm_id":"way/1164882037"},"geometry":{"type":"Polygon","coordinates":[[[-5.9987311,37.3708476],[-5.9986815,37.3708403],[-5.9986445,37.3710471],[-5.9986446,37.3710653],[-5.9986951,37.371072],[-5.9987135,37.3709613],[-5.9987311,37.3708476]]]}},{"type":"Feature","properties":{"row":1,"col":44,"name":"Los 94","street":"Calle Ricardo Torres Bombita","number":"10","osm_id":"way/1166212849"},"geometry":{"type":"Polygon","coordinates":[[[-6.0023815,37.3709528],[-6.0025154,37.3709719],[-6.0025687,37.3709787],[-6.0025755,37.3709425],[-6.0023893,37.370916],[-6.0023815,37.3709528]]]}},{"type":"Feature","properties":{"row":1,"col":45,"name":"Portada de la Feria de Abril","street":"","number":"","osm_id":"way/277651006"},"geometry":{"type":"Polygon","coordinates":[[[-5.9976203,37.3709614],[-5.9976185,37.370924],[-5.9974266,37.3709299],[-5.997295,37.370934],[-5.9970565,37.3709414],[-5.9970583,37.3709788],[-5.9972965,37.3709714],[-5.9974283,37.3709673],[-5.9976203,37.3709614]]]}},{"type":"Feature","properties":{"row":1,"col":46,"name":"Distritos Macarena-norte","street":"Calle Costillares","number":"13","osm_id":"way/1166212818"},"geometry":{"type":"Polygon","coordinates":[[[-6.0035107,37.3710349],[-6.0035356,37.3709215],[-6.0035023,37.3709171],[-6.003456,37.3709109],[-6.0034015,37.3709037],[-6.0033531,37.3708972],[-6.0033065,37.370891],[-6.0032567,37.3708844],[-6.0032036,37.3708773],[-6.0031826,37.3709781],[-6.0031798,37.3709913],[-6.0033274,37.3710088],[-6.0035107,37.3710349]]]}},{"type":"Feature","properties":{"row":1,"col":47,"name":"U.g.t. Sevilla","street":"Calle Antonio Bienvenida","number":"13","osm_id":"way/1164882193"},"geometry":{"type":"Polygon","coordinates":[[[-5.9969974,37.370904],[-5.9967012,37.3709195],[-5.9967067,37.3709937],[-5.9970041,37.3709776],[-5.9969974,37.370904]]]}},{"type":"Feature","properties":{"row":1,"col":48,"name":"Profesores de la Facultad de Ciencias","street":"Calle Gitanito de Triana","number":"151","osm_id":"way/1166212954"},"geometry":{"type":"Polygon","coordinates":[[[-6.0018433,37.3710302],[-6.0018927,37.370808],[-6.0018458,37.370801],[-6.0017975,37.3710237],[-6.0018433,37.3710302]]]}},{"type":"Feature","properties":{"row":1,"col":49,"name":"Hernandez Callejas Antonio","street":"Calle Pepe Luis Vázquez","number":"17","osm_id":"way/1164882043"},"geometry":{"type":"Polygon","coordinates":[[[-5.9990951,37.3709744],[-5.9991132,37.3709033],[-5.998962,37.3708812],[-5.9989449,37.370956],[-5.9990951,37.3709744]]]}},{"type":"Feature","properties":{"row":1,"col":50,"name":"La Placita","street":"Calle Gitanito de Triana","number":"30","osm_id":"way/1164882031"},"geometry":{"type":"Polygon","coordinates":[[[-5.9985043,37.3708145],[-5.9984546,37.3708073],[-5.9984393,37.3708819],[-5.9984614,37.3708862],[-5.99845,37.3709533],[-5.9983977,37.3709475],[-5.9983828,37.3710396],[-5.9984051,37.3710402],[-5.9984055,37.3710531],[-5.998456,37.3710517],[-5.9985043,37.3708145]]]}},{"type":"Feature","properties":{"row":1,"col":51,"name":"El Gañafon","street":"Calle Pepe Hillo","number":"18","osm_id":"way/1164882184"},"geometry":{"type":"Polygon","coordinates":[[[-5.9977505,37.3709379],[-5.997989,37.370965],[-5.9979972,37.3709302],[-5.9977579,37.3709012],[-5.9977505,37.3709379]]]}},{"type":"Feature","properties":{"row":1,"col":52,"name":"La Calita","street":"Calle Gitanito de Triana","number":"153","osm_id":"way/1166212955"},"geometry":{"type":"Polygon","coordinates":[[[-6.0018904,37.3710368],[-6.0019128,37.3709273],[-6.0019215,37.3708845],[-6.0019359,37.3708145],[-6.0018927,37.370808],[-6.0018433,37.3710302],[-6.0018904,37.3710368]]]}},{"type":"Feature","properties":{"row":1,"col":53,"name":"Fernandez Ortiz Jose Antonio","street":"Calle Gitanito de Triana","number":"32","osm_id":"way/1164882032"},"geometry":{"type":"Polygon","coordinates":[[[-5.9985451,37.3708205],[-5.9985043,37.3708145],[-5.998456,37.3710517],[-5.9985036,37.3710503],[-5.9985023,37.3710349],[-5.9985451,37.3708205]]]}},{"type":"Feature","properties":{"row":1,"col":54,"name":"Aires de la Giralda","street":"Calle Gitanito de Triana","number":"149","osm_id":"way/1166212953"},"geometry":{"type":"Polygon","coordinates":[[[-6.0017975,37.3710237],[-6.0018458,37.370801],[-6.0018001,37.3707942],[-6.0017518,37.3710171],[-6.0017975,37.3710237]]]}},{"type":"Feature","properties":{"row":1,"col":55,"name":"Los Magos","street":"Calle Gitanito de Triana","number":"50","osm_id":"way/1164882042"},"geometry":{"type":"Polygon","coordinates":[[[-5.998962,37.3708812],[-5.9989172,37.3708747],[-5.9988914,37.3709856],[-5.9989368,37.3709918],[-5.9989449,37.370956],[-5.998962,37.3708812]]]}},{"type":"Feature","properties":{"row":1,"col":56,"name":"Almonte Paya Juan Manuel","street":"Calle Costillares","number":"6","osm_id":"way/1169337991"},"geometry":{"type":"Polygon","coordinates":[[[-6.0040023,37.3709334],[-6.0042396,37.3709551],[-6.0042503,37.370912],[-6.0039861,37.3708865],[-6.0039803,37.3709314],[-6.0040023,37.3709334]]]}},{"type":"Feature","properties":{"row":1,"col":57,"name":"No Caben Mas","street":"Calle Gitanito de Triana","number":"147","osm_id":"way/1166212952"},"geometry":{"type":"Polygon","coordinates":[[[-6.0017518,37.3710171],[-6.0018001,37.3707942],[-6.0017548,37.3707874],[-6.0017074,37.3710107],[-6.0017518,37.3710171]]]}},{"type":"Feature","properties":{"row":1,"col":58,"name":"El Pedigree","street":"Calle Gitanito de Triana","number":"38","osm_id":"way/1164882036"},"geometry":{"type":"Polygon","coordinates":[[[-5.9986815,37.3708403],[-5.9986372,37.3708339],[-5.998599,37.3710432],[-5.9986445,37.3710471],[-5.9986815,37.3708403]]]}},{"type":"Feature","properties":{"row":1,"col":59,"name":"Felizon Becerra Francisco","street":"Calle Ricardo Torres Bombita","number":"7","osm_id":"way/1166212916"},"geometry":{"type":"Polygon","coordinates":[[[-6.0020874,37.3709095],[-6.0019215,37.3708845],[-6.0019128,37.3709273],[-6.0019748,37.3709351],[-6.0020789,37.3709481],[-6.0020874,37.3709095]]]}},{"type":"Feature","properties":{"row":1,"col":60,"name":"Peña los Carrozas","street":"Calle Gitanito de Triana","number":"145","osm_id":"way/1166212951"},"geometry":{"type":"Polygon","coordinates":[[[-6.0017074,37.3710107],[-6.0017548,37.3707874],[-6.0017099,37.3707807],[-6.001657,37.3710035],[-6.0017074,37.3710107]]]}},{"type":"Feature","properties":{"row":1,"col":61,"name":"El Cirio","street":"Calle Gitanito de Triana","number":"48","osm_id":"way/1164882041"},"geometry":{"type":"Polygon","coordinates":[[[-5.9989172,37.3708747],[-5.9988705,37.3708679],[-5.9988449,37.3709792],[-5.9988914,37.3709856],[-5.9989172,37.3708747]]]}},{"type":"Feature","properties":{"row":1,"col":62,"name":"El Florero","street":"Calle Gitanito de Triana","number":"36","osm_id":"way/1164882035"},"geometry":{"type":"Polygon","coordinates":[[[-5.9986372,37.3708339],[-5.9985895,37.370827],[-5.9985494,37.3710389],[-5.998599,37.3710432],[-5.9986372,37.3708339]]]}},{"type":"Feature","properties":{"row":1,"col":63,"name":"Arenas Peñuela Francisco","street":"Calle Gitanito de Triana","number":"143","osm_id":"way/1166212950"},"geometry":{"type":"Polygon","coordinates":[[[-6.001657,37.3710035],[-6.0017099,37.3707807],[-6.0016611,37.3707734],[-6.0016132,37.3709972],[-6.001657,37.3710035]]]}},{"type":"Feature","properties":{"row":1,"col":64,"name":"Los Imposibles","street":"Calle Ricardo Torres Bombita","number":"12","osm_id":"way/1166212848"},"geometry":{"type":"Polygon","coordinates":[[[-6.0023893,37.370916],[-6.0025755,37.3709425],[-6.0025847,37.3708997],[-6.002398,37.3708751],[-6.0023893,37.370916]]]}},{"type":"Feature","properties":{"row":1,"col":65,"name":"El Manijero","street":"Calle Gitanito de Triana","number":"46","osm_id":"way/1164882040"},"geometry":{"type":"Polygon","coordinates":[[[-5.9988705,37.3708679],[-5.998822,37.3708608],[-5.9987992,37.370973],[-5.9988449,37.3709792],[-5.9988705,37.3708679]]]}},{"type":"Feature","properties":{"row":1,"col":66,"name":"Los Sanotes","street":"Calle Gitanito de Triana","number":"34","osm_id":"way/1164882034"},"geometry":{"type":"Polygon","coordinates":[[[-5.9985895,37.370827],[-5.9985451,37.3708205],[-5.9985023,37.3710349],[-5.9985494,37.3710389],[-5.9985895,37.370827]]]}},{"type":"Feature","properties":{"row":1,"col":67,"name":"Los Hispalitos","street":"Calle Gitanito de Triana","number":"26","osm_id":"way/1164882030"},"geometry":{"type":"Polygon","coordinates":[[[-5.9984546,37.3708073],[-5.9983652,37.3707943],[-5.9983384,37.3709412],[-5.9982868,37.3709352],[-5.9982668,37.3710363],[-5.9983828,37.3710396],[-5.9983977,37.3709475],[-5.9984131,37.3708793],[-5.9984393,37.3708819],[-5.9984546,37.3708073]]]}},{"type":"Feature","properties":{"row":1,"col":68,"name":"Lopez Rebolledo Jose","street":"Calle Gitanito de Triana","number":"20","osm_id":"way/1164882027"},"geometry":{"type":"Polygon","coordinates":[[[-5.9982702,37.3707804],[-5.9982274,37.3707742],[-5.9981702,37.3710332],[-5.9981778,37.3710338],[-5.9982186,37.371035],[-5.9982702,37.3707804]]]}},{"type":"Feature","properties":{"row":1,"col":69,"name":"Los Disfrutones","street":"Calle Gitanito de Triana","number":"141","osm_id":"way/1166212949"},"geometry":{"type":"Polygon","coordinates":[[[-6.0016132,37.3709972],[-6.0016611,37.3707734],[-6.0016196,37.3707672],[-6.00157,37.370991],[-6.0016132,37.3709972]]]}},{"type":"Feature","properties":{"row":1,"col":70,"name":"Gitanillo de Triana 44","street":"Calle Gitanito de Triana","number":"44","osm_id":"way/1164882039"},"geometry":{"type":"Polygon","coordinates":[[[-5.998822,37.3708608],[-5.9987748,37.3708539],[-5.9987527,37.3709667],[-5.9987992,37.370973],[-5.998822,37.3708608]]]}},{"type":"Feature","properties":{"row":1,"col":71,"name":"Caseta de Pedro","street":"Calle Pepe Hillo","number":"20","osm_id":"way/1164882183"},"geometry":{"type":"Polygon","coordinates":[[[-5.9977579,37.3709012],[-5.9979972,37.3709302],[-5.9980048,37.3708975],[-5.997765,37.3708653],[-5.9977579,37.3709012]]]}},{"type":"Feature","properties":{"row":1,"col":72,"name":"Circulo Juvenil Andaluz de Tebeos","street":"Calle Gitanito de Triana","number":"139","osm_id":"way/1166212948"},"geometry":{"type":"Polygon","coordinates":[[[-6.00157,37.370991],[-6.0016196,37.3707672],[-6.0015719,37.3707601],[-6.0015223,37.3709842],[-6.00157,37.370991]]]}},{"type":"Feature","properties":{"row":1,"col":73,"name":"Hermanos Montero Elena","street":"Calle Gitanito de Triana","number":"14","osm_id":"way/1164882024"},"geometry":{"type":"Polygon","coordinates":[[[-5.9981335,37.3707605],[-5.9980917,37.3707544],[-5.9980368,37.3709704],[-5.9980303,37.3710072],[-5.9980496,37.3710108],[-5.998079,37.3710162],[-5.9981335,37.3707605]]]}},{"type":"Feature","properties":{"row":1,"col":74,"name":"Rodriguez de la Borbolla y Vazquez Antonio","street":"Calle Gitanito de Triana","number":"42","osm_id":"way/1164882038"},"geometry":{"type":"Polygon","coordinates":[[[-5.9987748,37.3708539],[-5.9987311,37.3708476],[-5.9987135,37.3709613],[-5.9987527,37.3709667],[-5.9987748,37.3708539]]]}},{"type":"Feature","properties":{"row":1,"col":75,"name":"El Emperao","street":"Calle Gitanito de Triana","number":"22","osm_id":"way/1164882028"},"geometry":{"type":"Polygon","coordinates":[[[-5.998314,37.3707868],[-5.9982702,37.3707804],[-5.9982186,37.371035],[-5.9982668,37.3710363],[-5.9982868,37.3709352],[-5.998314,37.3707868]]]}},{"type":"Feature","properties":{"row":1,"col":76,"name":"Un Pone","street":"Calle Gitanito de Triana","number":"16","osm_id":"way/1164882025"},"geometry":{"type":"Polygon","coordinates":[[[-5.9981814,37.3707675],[-5.9981335,37.3707605],[-5.998079,37.3710162],[-5.9980919,37.3710186],[-5.9981293,37.3710256],[-5.9981814,37.3707675]]]}},{"type":"Feature","properties":{"row":1,"col":77,"name":"Martinez Labrado Mª Reyes","street":"Calle Gitanito de Triana","number":"137","osm_id":"way/1166212947"},"geometry":{"type":"Polygon","coordinates":[[[-6.0015223,37.3709842],[-6.0015719,37.3707601],[-6.0015283,37.3707535],[-6.0014788,37.3709779],[-6.0015223,37.3709842]]]}},{"type":"Feature","properties":{"row":1,"col":78,"name":"Calvo de Mora Rumsey Maria del Carmen","street":"Calle Gitanito de Triana","number":"135","osm_id":"way/1166212946"},"geometry":{"type":"Polygon","coordinates":[[[-6.0014788,37.3709779],[-6.0015283,37.3707535],[-6.0014785,37.3707461],[-6.0014316,37.3709712],[-6.0014788,37.3709779]]]}},{"type":"Feature","properties":{"row":1,"col":79,"name":"Los Mismos Desde el 55","street":"Calle Gitanito de Triana","number":"133","osm_id":"way/1166212945"},"geometry":{"type":"Polygon","coordinates":[[[-6.0014316,37.3709712],[-6.0014785,37.3707461],[-6.001431,37.370739],[-6.0013833,37.3709642],[-6.0014316,37.3709712]]]}},{"type":"Feature","properties":{"row":1,"col":80,"name":"Olmedo Galiano Juan Antonio","street":"Calle Joselito el Gallo","number":"216","osm_id":"way/1166212817"},"geometry":{"type":"Polygon","coordinates":[[[-6.0035356,37.3709215],[-6.0035596,37.3708123],[-6.0035254,37.3708073],[-6.0035023,37.3709171],[-6.0035356,37.3709215]]]}},{"type":"Feature","properties":{"row":1,"col":81,"name":"Los de la Cuesta","street":"Calle Gitanito de Triana","number":"18","osm_id":"way/1164882026"},"geometry":{"type":"Polygon","coordinates":[[[-5.9982274,37.3707742],[-5.9981814,37.3707675],[-5.9981293,37.3710256],[-5.9981702,37.3710332],[-5.9982274,37.3707742]]]}},{"type":"Feature","properties":{"row":1,"col":82,"name":"El Patio de los Duendes","street":"Calle Joselito el Gallo","number":"200","osm_id":"way/1166212808"},"geometry":{"type":"Polygon","coordinates":[[[-6.0031818,37.3707574],[-6.0031324,37.3707503],[-6.0031092,37.3708648],[-6.0030676,37.3708593],[-6.0030471,37.3709608],[-6.0030907,37.3709664],[-6.0031386,37.3709725],[-6.0031826,37.3709781],[-6.0032036,37.3708773],[-6.0031587,37.3708714],[-6.0031818,37.3707574]]]}},{"type":"Feature","properties":{"row":1,"col":83,"name":"Rodriguez Macias Ildefonso","street":"Calle Gitanito de Triana","number":"131","osm_id":"way/1166212944"},"geometry":{"type":"Polygon","coordinates":[[[-6.0013833,37.3709642],[-6.001431,37.370739],[-6.0013866,37.3707323],[-6.0013398,37.370958],[-6.0013833,37.3709642]]]}},{"type":"Feature","properties":{"row":1,"col":84,"name":"Casa de Soria en Sevilla","street":"Calle Antonio Bienvenida","number":"17","osm_id":"way/1164882194"},"geometry":{"type":"Polygon","coordinates":[[[-5.997047,37.3708282],[-5.996714,37.3708441],[-5.9967012,37.3709195],[-5.9969974,37.370904],[-5.9970504,37.3708994],[-5.997047,37.3708282]]]}},{"type":"Feature","properties":{"row":1,"col":85,"name":"Retamal Ramos Ana","street":"Calle Ricardo Torres Bombita","number":"14","osm_id":"way/1166212853"},"geometry":{"type":"Polygon","coordinates":[[[-6.0024049,37.3708425],[-6.002398,37.3708751],[-6.0025847,37.3708997],[-6.0025918,37.3708676],[-6.0025511,37.3708626],[-6.0024049,37.3708425]]]}},{"type":"Feature","properties":{"row":1,"col":86,"name":"Barrio Azcutia Teresa","street":"Calle Gitanito de Triana","number":"129","osm_id":"way/1166212943"},"geometry":{"type":"Polygon","coordinates":[[[-6.0013398,37.370958],[-6.0013866,37.3707323],[-6.0013404,37.3707254],[-6.0012907,37.3709509],[-6.0013398,37.370958]]]}},{"type":"Feature","properties":{"row":1,"col":87,"name":"Los Girasoles","street":"Calle Pepe Hillo","number":"22","osm_id":"way/1164882182"},"geometry":{"type":"Polygon","coordinates":[[[-5.997765,37.3708653],[-5.9980048,37.3708975],[-5.9980128,37.3708634],[-5.9977723,37.370829],[-5.997765,37.3708653]]]}},{"type":"Feature","properties":{"row":1,"col":88,"name":"Cruce de Caminos","street":"Calle Costillares","number":"8","osm_id":"way/1169337990"},"geometry":{"type":"Polygon","coordinates":[[[-6.0039861,37.3708865],[-6.0042503,37.370912],[-6.0042721,37.3708244],[-6.0039977,37.3707977],[-6.0039861,37.3708865]]]}},{"type":"Feature","properties":{"row":1,"col":89,"name":"Los Bala Perdia","street":"Calle Gitanito de Triana","number":"127","osm_id":"way/1166212942"},"geometry":{"type":"Polygon","coordinates":[[[-6.0012907,37.3709509],[-6.0013404,37.3707254],[-6.0012961,37.3707188],[-6.0012464,37.3709446],[-6.0012907,37.3709509]]]}},{"type":"Feature","properties":{"row":1,"col":90,"name":"El Ciento y la Madre","street":"Calle Jiménez Chicuelo","number":"2","osm_id":"way/1166212906"},"geometry":{"type":"Polygon","coordinates":[[[-6.0009172,37.3708176],[-6.0009044,37.3708947],[-6.0010621,37.3709181],[-6.0010799,37.3708398],[-6.0009172,37.3708176]]]}},{"type":"Feature","properties":{"row":1,"col":91,"name":"Club Taurino Sevillano","street":"Calle Ricardo Torres Bombita","number":"9","osm_id":"way/1166212917"},"geometry":{"type":"Polygon","coordinates":[[[-6.0021028,37.3708388],[-6.0019359,37.3708145],[-6.0019215,37.3708845],[-6.0020874,37.3709095],[-6.0021028,37.3708388]]]}},{"type":"Feature","properties":{"row":1,"col":92,"name":"La Tranca","street":"Calle Gitanito de Triana","number":"12","osm_id":"way/1164882033"},"geometry":{"type":"Polygon","coordinates":[[[-5.9980402,37.3707469],[-5.9980219,37.3708248],[-5.9980128,37.3708634],[-5.9980048,37.3708975],[-5.9979972,37.3709302],[-5.997989,37.370965],[-5.9980368,37.3709704],[-5.9980917,37.3707544],[-5.9980402,37.3707469]]]}},{"type":"Feature","properties":{"row":1,"col":93,"name":"Familia Aramburu","street":"Calle Gitanito de Triana","number":"24","osm_id":"way/1164882029"},"geometry":{"type":"Polygon","coordinates":[[[-5.9983652,37.3707943],[-5.998314,37.3707868],[-5.9982868,37.3709352],[-5.9983384,37.3709412],[-5.9983652,37.3707943]]]}},{"type":"Feature","properties":{"row":1,"col":94,"name":"Piñar Parias Fernando","street":"Calle Joselito el Gallo","number":"214","osm_id":"way/1166212816"},"geometry":{"type":"Polygon","coordinates":[[[-6.0035254,37.3708073],[-6.0034753,37.3708],[-6.003456,37.3709109],[-6.0035023,37.3709171],[-6.0035254,37.3708073]]]}},{"type":"Feature","properties":{"row":1,"col":95,"name":"Ahora Vengo","street":"Calle Joselito el Gallo","number":"212","osm_id":"way/1166212815"},"geometry":{"type":"Polygon","coordinates":[[[-6.0034753,37.3708],[-6.003421,37.3707922],[-6.0034015,37.3709037],[-6.003456,37.3709109],[-6.0034753,37.3708]]]}},{"type":"Feature","properties":{"row":1,"col":96,"name":"Gitanillo de Triana, 123","street":"Calle Gitanito de Triana","number":"123","osm_id":"way/1166212940"},"geometry":{"type":"Polygon","coordinates":[[[-6.0012057,37.3709387],[-6.0012522,37.3707018],[-6.0012065,37.3706957],[-6.0011544,37.3709314],[-6.0012057,37.3709387]]]}},{"type":"Feature","properties":{"row":1,"col":97,"name":"La Esquina","street":"Calle Gitanito de Triana","number":"121","osm_id":"way/1166212939"},"geometry":{"type":"Polygon","coordinates":[[[-6.0011544,37.3709314],[-6.0012065,37.3706957],[-6.0011623,37.3706898],[-6.0011107,37.3709251],[-6.0011544,37.3709314]]]}},{"type":"Feature","properties":{"row":1,"col":98,"name":"Olie Lopez Rosa","street":"Calle Joselito el Gallo","number":"210","osm_id":"way/1166212814"},"geometry":{"type":"Polygon","coordinates":[[[-6.003421,37.3707922],[-6.0033752,37.3707855],[-6.0033531,37.3708972],[-6.0034015,37.3709037],[-6.003421,37.3707922]]]}},{"type":"Feature","properties":{"row":1,"col":99,"name":"Vibegu","street":"Calle Joselito el Gallo","number":"196","osm_id":"way/1166212807"},"geometry":{"type":"Polygon","coordinates":[[[-6.0030911,37.3707443],[-6.0030469,37.3707378],[-6.0030005,37.3709544],[-6.0030471,37.3709608],[-6.0030676,37.3708593],[-6.0030911,37.3707443]]]}},{"type":"Feature","properties":{"row":2,"col":0,"name":"Los Sibaritas","street":"Calle Joselito el Gallo","number":"208","osm_id":"way/1166212813"},"geometry":{"type":"Polygon","coordinates":[[[-6.0033752,37.3707855],[-6.0033258,37.3707783],[-6.0033065,37.370891],[-6.0033531,37.3708972],[-6.0033752,37.3707855]]]}},{"type":"Feature","properties":{"row":2,"col":1,"name":"Cooperativismo","street":"Calle Pepe Hillo","number":"24","osm_id":"way/1164882181"},"geometry":{"type":"Polygon","coordinates":[[[-5.9977723,37.370829],[-5.9980128,37.3708634],[-5.9980219,37.3708248],[-5.99778,37.3707907],[-5.9977723,37.370829]]]}},{"type":"Feature","properties":{"row":2,"col":2,"name":"El Caballo de Copas","street":"Calle Ricardo Torres Bombita","number":"16","osm_id":"way/1166212854"},"geometry":{"type":"Polygon","coordinates":[[[-6.0024134,37.3708025],[-6.0024049,37.3708425],[-6.0025511,37.3708626],[-6.0025592,37.3708213],[-6.0024134,37.3708025]]]}},{"type":"Feature","properties":{"row":2,"col":3,"name":"Macias Iglesia Francisco","street":"Calle Gitanito de Triana","number":"125","osm_id":"way/1166212941"},"geometry":{"type":"Polygon","coordinates":[[[-6.0012464,37.3709446],[-6.0012961,37.3707188],[-6.0012979,37.3707079],[-6.0012522,37.3707018],[-6.0012057,37.3709387],[-6.0012464,37.3709446]]]}},{"type":"Feature","properties":{"row":2,"col":4,"name":"Silva Fernandez-chicarro Carmen","street":"Calle Joselito el Gallo","number":"194","osm_id":"way/1166212806"},"geometry":{"type":"Polygon","coordinates":[[[-6.0030469,37.3707378],[-6.0029977,37.3707307],[-6.0029574,37.3709487],[-6.0030005,37.3709544],[-6.0030469,37.3707378]]]}},{"type":"Feature","properties":{"row":2,"col":5,"name":"Ariza Sanchez Rafael","street":"Calle Joselito el Gallo","number":"206","osm_id":"way/1166212812"},"geometry":{"type":"Polygon","coordinates":[[[-6.0033258,37.3707783],[-6.0032785,37.3707715],[-6.0032567,37.3708844],[-6.0033065,37.370891],[-6.0033258,37.3707783]]]}},{"type":"Feature","properties":{"row":2,"col":6,"name":"Peña los Cordiales","street":"Calle Joselito el Gallo","number":"192","osm_id":"way/1166212805"},"geometry":{"type":"Polygon","coordinates":[[[-6.0029977,37.3707307],[-6.0029537,37.3707243],[-6.0029129,37.3709429],[-6.0029574,37.3709487],[-6.0029977,37.3707307]]]}},{"type":"Feature","properties":{"row":2,"col":7,"name":"Azucar, Canela y Clavo","street":"Calle Joselito el Gallo","number":"204","osm_id":"way/1166212811"},"geometry":{"type":"Polygon","coordinates":[[[-6.0032785,37.3707715],[-6.0032272,37.370764],[-6.0032036,37.3708773],[-6.0032567,37.3708844],[-6.0032785,37.3707715]]]}},{"type":"Feature","properties":{"row":2,"col":8,"name":"La Encomienda y la Embebienda","street":"Calle Joselito el Gallo","number":"190","osm_id":"way/1166212804"},"geometry":{"type":"Polygon","coordinates":[[[-6.0029537,37.3707243],[-6.002912,37.3707182],[-6.0028644,37.3709365],[-6.0029129,37.3709429],[-6.0029537,37.3707243]]]}},{"type":"Feature","properties":{"row":2,"col":9,"name":"Del Boz Fernandez Manuel","street":"Calle Antonio Bienvenida","number":"21","osm_id":"way/1164882195"},"geometry":{"type":"Polygon","coordinates":[[[-5.9970448,37.3707828],[-5.9967088,37.3707995],[-5.996714,37.3708441],[-5.997047,37.3708282],[-5.9970448,37.3707828]]]}},{"type":"Feature","properties":{"row":2,"col":10,"name":"Caballero Comas Joaquin","street":"Calle Joselito el Gallo","number":"202","osm_id":"way/1166212810"},"geometry":{"type":"Polygon","coordinates":[[[-6.0032272,37.370764],[-6.0031818,37.3707574],[-6.0031587,37.3708714],[-6.0032036,37.3708773],[-6.0032272,37.370764]]]}},{"type":"Feature","properties":{"row":2,"col":11,"name":"Caseta de Antonio","street":"Calle Ricardo Torres Bombita","number":"13","osm_id":"way/1166212918"},"geometry":{"type":"Polygon","coordinates":[[[-6.0021112,37.3708003],[-6.0019433,37.3707784],[-6.0019359,37.3708145],[-6.0021028,37.3708388],[-6.0021112,37.3708003]]]}},{"type":"Feature","properties":{"row":2,"col":12,"name":"Los Quince de Chicuelo 6","street":"Calle Jiménez Chicuelo","number":"6","osm_id":"way/1166212907"},"geometry":{"type":"Polygon","coordinates":[[[-6.0009241,37.3707817],[-6.0009172,37.3708176],[-6.0010799,37.3708398],[-6.0010881,37.3708035],[-6.0009241,37.3707817]]]}},{"type":"Feature","properties":{"row":2,"col":13,"name":"Siete Dias en la Gloria","street":"Calle Joselito el Gallo","number":"188","osm_id":"way/1166212838"},"geometry":{"type":"Polygon","coordinates":[[[-6.0028667,37.3707117],[-6.0028169,37.3709302],[-6.0028644,37.3709365],[-6.002912,37.3707182],[-6.0028667,37.3707117]]]}},{"type":"Feature","properties":{"row":2,"col":14,"name":"La Sugerencia","street":"Calle Jiménez Chicuelo","number":"9","osm_id":"way/1166212905"},"geometry":{"type":"Polygon","coordinates":[[[-6.0006391,37.3707802],[-6.0005029,37.3707622],[-6.0004924,37.3708328],[-6.0006244,37.3708514],[-6.0006391,37.3707802]]]}},{"type":"Feature","properties":{"row":2,"col":15,"name":"Prats Ramos Luis Miguel","street":"Calle Gitanito de Triana","number":"119","osm_id":"way/1166212938"},"geometry":{"type":"Polygon","coordinates":[[[-6.0011107,37.3709251],[-6.0011623,37.3706898],[-6.0011153,37.3706835],[-6.0011129,37.3706941],[-6.0011049,37.3707294],[-6.0010964,37.3707668],[-6.0010881,37.3708035],[-6.0010799,37.3708398],[-6.0010621,37.3709181],[-6.0011107,37.3709251]]]}},{"type":"Feature","properties":{"row":2,"col":16,"name":"Asociacion Costillares 12","street":"Calle Costillares","number":"12","osm_id":"way/1169337989"},"geometry":{"type":"Polygon","coordinates":[[[-6.0042721,37.3708244],[-6.0042829,37.3707811],[-6.0040032,37.370755],[-6.0039977,37.3707977],[-6.0042721,37.3708244]]]}},{"type":"Feature","properties":{"row":2,"col":17,"name":"Er-pes-es-pa","street":"Calle Joselito el Gallo","number":"186","osm_id":"way/1166212839"},"geometry":{"type":"Polygon","coordinates":[[[-6.0028209,37.370705],[-6.0027727,37.3709244],[-6.0028169,37.3709302],[-6.0028667,37.3707117],[-6.0028209,37.370705]]]}},{"type":"Feature","properties":{"row":2,"col":18,"name":"El Refugio del Duende","street":"Calle Joselito el Gallo","number":"198","osm_id":"way/1166212809"},"geometry":{"type":"Polygon","coordinates":[[[-6.0031324,37.3707503],[-6.0030911,37.3707443],[-6.0030676,37.3708593],[-6.0031092,37.3708648],[-6.0031324,37.3707503]]]}},{"type":"Feature","properties":{"row":2,"col":19,"name":"Hermandad Santisimo Cristo de Burgos","street":"Calle Joselito el Gallo","number":"184","osm_id":"way/1166212840"},"geometry":{"type":"Polygon","coordinates":[[[-6.0027709,37.3706978],[-6.0027247,37.3709181],[-6.0027727,37.3709244],[-6.0028209,37.370705],[-6.0027709,37.3706978]]]}},{"type":"Feature","properties":{"row":2,"col":20,"name":"El Trebol de Cuatro Hojas","street":"Calle Ricardo Torres Bombita","number":"18","osm_id":"way/1166212855"},"geometry":{"type":"Polygon","coordinates":[[[-6.0024215,37.3707646],[-6.0024134,37.3708025],[-6.0025592,37.3708213],[-6.0025664,37.3707843],[-6.0025164,37.3707776],[-6.0024215,37.3707646]]]}},{"type":"Feature","properties":{"row":2,"col":21,"name":"La Pergola","street":"Calle Joselito el Gallo","number":"178","osm_id":"way/1166212843"},"geometry":{"type":"Polygon","coordinates":[[[-6.0026336,37.3706778],[-6.0025918,37.3708676],[-6.0025847,37.3708997],[-6.0026291,37.3709055],[-6.002678,37.3706843],[-6.0026336,37.3706778]]]}},{"type":"Feature","properties":{"row":2,"col":22,"name":"La Alcazaba","street":"Calle Joselito el Gallo","number":"182","osm_id":"way/1166212841"},"geometry":{"type":"Polygon","coordinates":[[[-6.0027269,37.3706914],[-6.0026756,37.3709117],[-6.0027247,37.3709181],[-6.0027709,37.3706978],[-6.0027269,37.3706914]]]}},{"type":"Feature","properties":{"row":2,"col":23,"name":"Centro Recreativo Sevillano","street":"Calle Gitanito de Triana","number":"105","osm_id":"way/1166212904"},"geometry":{"type":"Polygon","coordinates":[[[-6.0004924,37.3708328],[-6.0005029,37.3707622],[-6.0005092,37.3707202],[-6.0004665,37.3707137],[-6.0004481,37.3708265],[-6.0004924,37.3708328]]]}},{"type":"Feature","properties":{"row":2,"col":24,"name":"Rodriguez de Quesada Tello Blas","street":"Calle Gitanito de Triana","number":"103","osm_id":"way/1166212901"},"geometry":{"type":"Polygon","coordinates":[[[-6.0004481,37.3708265],[-6.0004665,37.3707137],[-6.0004238,37.3707072],[-6.0004052,37.3708205],[-6.0004481,37.3708265]]]}},{"type":"Feature","properties":{"row":2,"col":25,"name":"Hermandad Ntra.sra. de las Mercedes","street":"Calle Joselito el Gallo","number":"180","osm_id":"way/1166212842"},"geometry":{"type":"Polygon","coordinates":[[[-6.002678,37.3706843],[-6.0026291,37.3709055],[-6.0026756,37.3709117],[-6.0027269,37.3706914],[-6.002678,37.3706843]]]}},{"type":"Feature","properties":{"row":2,"col":26,"name":"Hermandad Ntra. Sra. del Perpetuo Socorro","street":"Calle Pepe Hillo","number":"26","osm_id":"way/1164882180"},"geometry":{"type":"Polygon","coordinates":[[[-5.99778,37.3707907],[-5.9980219,37.3708248],[-5.9980402,37.3707469],[-5.9977958,37.3707113],[-5.99778,37.3707907]]]}},{"type":"Feature","properties":{"row":2,"col":27,"name":"Bombita 15","street":"Calle Ricardo Torres Bombita","number":"15","osm_id":"way/1166212919"},"geometry":{"type":"Polygon","coordinates":[[[-6.0021189,37.370765],[-6.0019506,37.3707428],[-6.0019433,37.3707784],[-6.0021112,37.3708003],[-6.0021189,37.370765]]]}},{"type":"Feature","properties":{"row":2,"col":28,"name":"Chicuelo 8","street":"Calle Jiménez Chicuelo","number":"8","osm_id":"way/1166212908"},"geometry":{"type":"Polygon","coordinates":[[[-6.0009312,37.3707448],[-6.0009241,37.3707817],[-6.0010881,37.3708035],[-6.0010964,37.3707668],[-6.0009312,37.3707448]]]}},{"type":"Feature","properties":{"row":2,"col":29,"name":"Los Poseros","street":"Calle Joselito el Gallo","number":"176","osm_id":"way/1166212844"},"geometry":{"type":"Polygon","coordinates":[[[-6.0025886,37.3706713],[-6.0025664,37.3707843],[-6.0025592,37.3708213],[-6.0025511,37.3708626],[-6.0025918,37.3708676],[-6.0026336,37.3706778],[-6.0025886,37.3706713]]]}},{"type":"Feature","properties":{"row":2,"col":30,"name":"Sal Si Puedes","street":"Calle Jiménez Chicuelo","number":"13","osm_id":"way/1166212903"},"geometry":{"type":"Polygon","coordinates":[[[-6.0006391,37.3707802],[-6.0006472,37.3707413],[-6.0005092,37.3707202],[-6.0005029,37.3707622],[-6.0006391,37.3707802]]]}},{"type":"Feature","properties":{"row":2,"col":31,"name":"Los Tormentos","street":"Calle Costillares","number":"14","osm_id":"way/1169337988"},"geometry":{"type":"Polygon","coordinates":[[[-6.0042829,37.3707811],[-6.0042936,37.3707378],[-6.0040088,37.3707123],[-6.0040032,37.370755],[-6.0042829,37.3707811]]]}},{"type":"Feature","properties":{"row":2,"col":32,"name":"Hermandad de San Benito","street":"Calle Ignacio Sánchez Mejías","number":"114","osm_id":"way/1169334194"},"geometry":{"type":"Polygon","coordinates":[[[-5.9958409,37.3706505],[-5.9957551,37.3706513],[-5.9957638,37.3707942],[-5.9957658,37.3708265],[-5.9958556,37.3708252],[-5.9958409,37.3706505]]]}},{"type":"Feature","properties":{"row":2,"col":33,"name":"La Carroza","street":"Calle Jiménez Chicuelo","number":"10","osm_id":"way/1166212909"},"geometry":{"type":"Polygon","coordinates":[[[-6.0009387,37.3707061],[-6.0009312,37.3707448],[-6.0010964,37.3707668],[-6.0011049,37.3707294],[-6.0009387,37.3707061]]]}},{"type":"Feature","properties":{"row":2,"col":34,"name":"","street":"","number":"","osm_id":"way/1166212920"},"geometry":{"type":"Polygon","coordinates":[[[-6.002128,37.3707236],[-6.0020543,37.3707144],[-6.0019589,37.3707024],[-6.0019506,37.3707428],[-6.0021189,37.370765],[-6.002128,37.3707236]]]}},{"type":"Feature","properties":{"row":2,"col":35,"name":"Las Tres Letras","street":"Calle Antonio Bienvenida","number":"23","osm_id":"way/1164882196"},"geometry":{"type":"Polygon","coordinates":[[[-5.9970399,37.3706804],[-5.9966967,37.3706952],[-5.9967088,37.3707995],[-5.9970448,37.3707828],[-5.9970399,37.3706804]]]}},{"type":"Feature","properties":{"row":2,"col":36,"name":"Corral los Pajaritos","street":"Calle Ignacio Sánchez Mejías","number":"136","osm_id":"way/1169334184"},"geometry":{"type":"Polygon","coordinates":[[[-5.9953205,37.3706555],[-5.9952723,37.370656],[-5.9952763,37.3708265],[-5.995325,37.3708233],[-5.9953205,37.3706555]]]}},{"type":"Feature","properties":{"row":2,"col":37,"name":"Mejias Franco Miguel","street":"Calle Ignacio Sánchez Mejías","number":"134","osm_id":"way/1169334185"},"geometry":{"type":"Polygon","coordinates":[[[-5.9953688,37.370655],[-5.9953205,37.3706555],[-5.995325,37.3708233],[-5.9953738,37.3708201],[-5.9953688,37.370655]]]}},{"type":"Feature","properties":{"row":2,"col":38,"name":"La Carreta","street":"Calle Ignacio Sánchez Mejías","number":"132","osm_id":"way/1169334186"},"geometry":{"type":"Polygon","coordinates":[[[-5.9954171,37.3706546],[-5.9953688,37.370655],[-5.9953738,37.3708201],[-5.9954225,37.3708168],[-5.9954171,37.3706546]]]}},{"type":"Feature","properties":{"row":2,"col":39,"name":"Los del Plumero","street":"Calle Ignacio Sánchez Mejías","number":"112","osm_id":"way/1169334195"},"geometry":{"type":"Polygon","coordinates":[[[-5.9958926,37.37065],[-5.9958409,37.3706505],[-5.9958556,37.3708252],[-5.9959063,37.3708244],[-5.9958926,37.37065]]]}},{"type":"Feature","properties":{"row":2,"col":40,"name":"Hermandad de Stma. Trinidad","street":"Calle Ignacio Sánchez Mejías","number":"110","osm_id":"way/1169334196"},"geometry":{"type":"Polygon","coordinates":[[[-5.9959443,37.3706495],[-5.9958926,37.37065],[-5.9959063,37.3708244],[-5.9959569,37.3708237],[-5.9959443,37.3706495]]]}},{"type":"Feature","properties":{"row":2,"col":41,"name":"El Retablo","street":"Calle Ignacio Sánchez Mejías","number":"108","osm_id":"way/1169334197"},"geometry":{"type":"Polygon","coordinates":[[[-5.9959959,37.370649],[-5.9959443,37.3706495],[-5.9959569,37.3708237],[-5.9960076,37.3708229],[-5.9959959,37.370649]]]}},{"type":"Feature","properties":{"row":2,"col":42,"name":"El Buen Paladar","street":"Calle Ignacio Sánchez Mejías","number":"130","osm_id":"way/1169334187"},"geometry":{"type":"Polygon","coordinates":[[[-5.9954654,37.3706541],[-5.9954171,37.3706546],[-5.9954225,37.3708168],[-5.9954713,37.3708136],[-5.9954654,37.3706541]]]}},{"type":"Feature","properties":{"row":2,"col":43,"name":"Tarari Que Te Vi","street":"Calle Ignacio Sánchez Mejías","number":"106","osm_id":"way/1169334198"},"geometry":{"type":"Polygon","coordinates":[[[-5.9960476,37.3706484],[-5.9959959,37.370649],[-5.9960076,37.3708229],[-5.9960583,37.3708221],[-5.9960476,37.3706484]]]}},{"type":"Feature","properties":{"row":2,"col":44,"name":"As. Caseta de Feria Sanchez Mejias 128","street":"Calle Ignacio Sánchez Mejías","number":"128","osm_id":"way/1169334188"},"geometry":{"type":"Polygon","coordinates":[[[-5.9955137,37.3706536],[-5.9954654,37.3706541],[-5.9954713,37.3708136],[-5.9955201,37.3708104],[-5.9955137,37.3706536]]]}},{"type":"Feature","properties":{"row":2,"col":45,"name":"La de Rosa","street":"Calle Ignacio Sánchez Mejías","number":"126","osm_id":"way/1169334189"},"geometry":{"type":"Polygon","coordinates":[[[-5.995562,37.3706532],[-5.9955137,37.3706536],[-5.9955201,37.3708104],[-5.9955688,37.3708071],[-5.995562,37.3706532]]]}},{"type":"Feature","properties":{"row":2,"col":46,"name":"Buena Gente","street":"Calle Gitanito de Triana","number":"97","osm_id":"way/1166212895"},"geometry":{"type":"Polygon","coordinates":[[[-6.0003085,37.3708069],[-6.000356,37.3705832],[-6.0003079,37.3705754],[-6.0002586,37.3707998],[-6.0003085,37.3708069]]]}},{"type":"Feature","properties":{"row":2,"col":47,"name":"La Fundicion","street":"Calle Jiménez Chicuelo","number":"15","osm_id":"way/1166212902"},"geometry":{"type":"Polygon","coordinates":[[[-6.0006472,37.3707413],[-6.0006548,37.3707044],[-6.0004298,37.3706707],[-6.0004238,37.3707072],[-6.0004665,37.3707137],[-6.0005092,37.3707202],[-6.0006472,37.3707413]]]}},{"type":"Feature","properties":{"row":2,"col":48,"name":"La Garrocha","street":"Calle Ignacio Sánchez Mejías","number":"124","osm_id":"way/1169334190"},"geometry":{"type":"Polygon","coordinates":[[[-5.9956102,37.3706527],[-5.995562,37.3706532],[-5.9955688,37.3708071],[-5.9956176,37.3708039],[-5.9956102,37.3706527]]]}},{"type":"Feature","properties":{"row":2,"col":49,"name":"Gonzalez Gaitan Hermanos","street":"Calle Joselito el Gallo","number":"174","osm_id":"way/1166212845"},"geometry":{"type":"Polygon","coordinates":[[[-6.0025404,37.3706643],[-6.0025164,37.3707776],[-6.0025664,37.3707843],[-6.0025886,37.3706713],[-6.0025404,37.3706643]]]}},{"type":"Feature","properties":{"row":2,"col":50,"name":"Ediciones Tartessos","street":"Calle Ignacio Sánchez Mejías","number":"122","osm_id":"way/1169334191"},"geometry":{"type":"Polygon","coordinates":[[[-5.9956585,37.3706522],[-5.9956102,37.3706527],[-5.9956176,37.3708039],[-5.9956663,37.3708007],[-5.9956585,37.3706522]]]}},{"type":"Feature","properties":{"row":2,"col":51,"name":"Jarana","street":"Calle Ignacio Sánchez Mejías","number":"120","osm_id":"way/1169334192"},"geometry":{"type":"Polygon","coordinates":[[[-5.9957068,37.3706518],[-5.9956585,37.3706522],[-5.9956663,37.3708007],[-5.9957151,37.3707974],[-5.9957068,37.3706518]]]}},{"type":"Feature","properties":{"row":2,"col":52,"name":"Monprodu","street":"Calle Costillares","number":"16","osm_id":"way/1169337987"},"geometry":{"type":"Polygon","coordinates":[[[-6.0042936,37.3707378],[-6.0043044,37.3706946],[-6.0040143,37.3706696],[-6.0040088,37.3707123],[-6.0042936,37.3707378]]]}},{"type":"Feature","properties":{"row":2,"col":53,"name":"Amigos de la Caseta de la Once","street":"Calle Ignacio Sánchez Mejías","number":"118","osm_id":"way/1169334193"},"geometry":{"type":"Polygon","coordinates":[[[-5.9957551,37.3706513],[-5.9957068,37.3706518],[-5.9957151,37.3707974],[-5.9957638,37.3707942],[-5.9957551,37.3706513]]]}},{"type":"Feature","properties":{"row":2,"col":54,"name":"Caballero Astillero Antonio","street":"Calle Gitanito de Triana","number":"101","osm_id":"way/1166212900"},"geometry":{"type":"Polygon","coordinates":[[[-6.0004052,37.3708205],[-6.0004238,37.3707072],[-6.0004298,37.3706707],[-6.0004357,37.3706345],[-6.000442,37.3705961],[-6.0003998,37.3705898],[-6.0003546,37.3708134],[-6.0004052,37.3708205]]]}},{"type":"Feature","properties":{"row":2,"col":55,"name":"Cadena Cope","street":"Calle Ricardo Torres Bombita","number":"20","osm_id":"way/1166212856"},"geometry":{"type":"Polygon","coordinates":[[[-6.0024457,37.3706505],[-6.0024215,37.3707646],[-6.0025164,37.3707776],[-6.0025404,37.3706643],[-6.0024457,37.3706505]]]}},{"type":"Feature","properties":{"row":2,"col":56,"name":"Los Abstemios","street":"Calle Joselito el Gallo","number":"162","osm_id":"way/1166212923"},"geometry":{"type":"Polygon","coordinates":[[[-6.0019429,37.3705796],[-6.0018927,37.370808],[-6.0019359,37.3708145],[-6.0019433,37.3707784],[-6.0019506,37.3707428],[-6.0019589,37.3707024],[-6.0019829,37.3705854],[-6.0019429,37.3705796]]]}},{"type":"Feature","properties":{"row":2,"col":57,"name":"Chicuelo 12","street":"Calle Jiménez Chicuelo","number":"12","osm_id":"way/1166212910"},"geometry":{"type":"Polygon","coordinates":[[[-6.0009451,37.3706731],[-6.0009387,37.3707061],[-6.0011049,37.3707294],[-6.0011129,37.3706941],[-6.0009451,37.3706731]]]}},{"type":"Feature","properties":{"row":2,"col":58,"name":"Aguilar Lopez Manuel","street":"Calle Gitanito de Triana","number":"89","osm_id":"way/1166212884"},"geometry":{"type":"Polygon","coordinates":[[[-6.0001247,37.3707804],[-6.0001721,37.3705544],[-6.0001272,37.3705475],[-6.0000775,37.3707735],[-6.0001247,37.3707804]]]}},{"type":"Feature","properties":{"row":2,"col":59,"name":"Los Magachos","street":"Calle Gitanito de Triana","number":"81","osm_id":"way/1166212872"},"geometry":{"type":"Polygon","coordinates":[[[-5.9999472,37.3707546],[-5.9999798,37.3705845],[-5.9999321,37.3705779],[-5.9998986,37.3707476],[-5.9999472,37.3707546]]]}},{"type":"Feature","properties":{"row":2,"col":60,"name":"Cossio Silva Encarnacion","street":"Calle Gitanito de Triana","number":"87","osm_id":"way/1166212883"},"geometry":{"type":"Polygon","coordinates":[[[-6.0000775,37.3707735],[-6.0001272,37.3705475],[-6.0000801,37.3705403],[-6.0000333,37.3707671],[-6.0000775,37.3707735]]]}},{"type":"Feature","properties":{"row":2,"col":61,"name":"Hermandad de la Paz","street":"Calle Jiménez Chicuelo","number":"17","osm_id":"way/1166212899"},"geometry":{"type":"Polygon","coordinates":[[[-6.0006548,37.3707044],[-6.0006616,37.370672],[-6.0004357,37.3706345],[-6.0004298,37.3706707],[-6.0006548,37.3707044]]]}},{"type":"Feature","properties":{"row":2,"col":62,"name":"Soto Lopez Maria Fernanda","street":"Calle Gitanito de Triana","number":"79","osm_id":"way/1166212871"},"geometry":{"type":"Polygon","coordinates":[[[-5.9998986,37.3707476],[-5.9999321,37.3705779],[-5.9998859,37.3705716],[-5.9998514,37.3707407],[-5.9998986,37.3707476]]]}},{"type":"Feature","properties":{"row":2,"col":63,"name":"Los Incansables","street":"Calle Gitanito de Triana","number":"99","osm_id":"way/1166212896"},"geometry":{"type":"Polygon","coordinates":[[[-6.000356,37.3705832],[-6.0003085,37.3708069],[-6.0003546,37.3708134],[-6.0003998,37.3705898],[-6.000356,37.3705832]]]}},{"type":"Feature","properties":{"row":2,"col":64,"name":"Esta Es","street":"Calle Gitanito de Triana","number":"85","osm_id":"way/1166212882"},"geometry":{"type":"Polygon","coordinates":[[[-6.0000333,37.3707671],[-6.0000801,37.3705403],[-6.0000377,37.3705338],[-5.9999867,37.3707604],[-6.0000333,37.3707671]]]}},{"type":"Feature","properties":{"row":2,"col":65,"name":"Nuestra Caseta","street":"Calle Gitanito de Triana","number":"77","osm_id":"way/1166212870"},"geometry":{"type":"Polygon","coordinates":[[[-5.9998514,37.3707407],[-5.9998859,37.3705716],[-5.9998396,37.3705652],[-5.9998023,37.3707336],[-5.9998514,37.3707407]]]}},{"type":"Feature","properties":{"row":2,"col":66,"name":"Narbona Soto Francisco Javier","street":"Calle Joselito el Gallo","number":"160","osm_id":"way/1166212924"},"geometry":{"type":"Polygon","coordinates":[[[-6.0019004,37.3705733],[-6.0018458,37.370801],[-6.0018927,37.370808],[-6.0019429,37.3705796],[-6.0019004,37.3705733]]]}},{"type":"Feature","properties":{"row":2,"col":67,"name":"La Polemica","street":"Calle Antonio Bienvenida","number":"29","osm_id":"way/1164882197"},"geometry":{"type":"Polygon","coordinates":[[[-5.9970381,37.3706417],[-5.9966925,37.3706585],[-5.9966967,37.3706952],[-5.9970399,37.3706804],[-5.9970381,37.3706417]]]}},{"type":"Feature","properties":{"row":2,"col":68,"name":"C.s.i.*c.s.i.f.","street":"Calle Costillares","number":"18","osm_id":"way/1169337982"},"geometry":{"type":"Polygon","coordinates":[[[-6.0040143,37.3706696],[-6.0043044,37.3706946],[-6.0043151,37.3706513],[-6.0040197,37.370628],[-6.0040143,37.3706696]]]}},{"type":"Feature","properties":{"row":2,"col":69,"name":"Los de Chicuelo 13","street":"Calle Jiménez Chicuelo","number":"14","osm_id":"way/1166212911"},"geometry":{"type":"Polygon","coordinates":[[[-6.000953,37.3706321],[-6.0009451,37.3706731],[-6.0011129,37.3706941],[-6.0011153,37.3706835],[-6.0011218,37.3706545],[-6.000953,37.3706321]]]}},{"type":"Feature","properties":{"row":2,"col":70,"name":"El Gallo","street":"Calle Joselito el Gallo","number":"150","osm_id":"way/1166212800"},"geometry":{"type":"Polygon","coordinates":[[[-6.0017583,37.3705524],[-6.0016668,37.370539],[-6.0016196,37.3707672],[-6.0016611,37.3707734],[-6.0017099,37.3707807],[-6.0017583,37.3705524]]]}},{"type":"Feature","properties":{"row":2,"col":71,"name":"El Clavel","street":"Calle Joselito el Gallo","number":"158","osm_id":"way/1166212925"},"geometry":{"type":"Polygon","coordinates":[[[-6.0018526,37.3705663],[-6.0018001,37.3707942],[-6.0018458,37.370801],[-6.0019004,37.3705733],[-6.0018526,37.3705663]]]}},{"type":"Feature","properties":{"row":2,"col":72,"name":"Er Bucaro","street":"Calle Joselito el Gallo","number":"156","osm_id":"way/1166212926"},"geometry":{"type":"Polygon","coordinates":[[[-6.0018032,37.370559],[-6.0017548,37.3707874],[-6.0018001,37.3707942],[-6.0018526,37.3705663],[-6.0018032,37.370559]]]}},{"type":"Feature","properties":{"row":2,"col":73,"name":"El Cogollu","street":"Calle Ricardo Torres Bombita","number":"19","osm_id":"way/1166212921"},"geometry":{"type":"Polygon","coordinates":[[[-6.0020774,37.3705993],[-6.0020543,37.3707144],[-6.002128,37.3707236],[-6.0021527,37.3706104],[-6.0020774,37.3705993]]]}},{"type":"Feature","properties":{"row":2,"col":74,"name":"Vazquez Moreno Enrique","street":"Calle Joselito el Gallo","number":"154","osm_id":"way/1166212801"},"geometry":{"type":"Polygon","coordinates":[[[-6.0018032,37.370559],[-6.0017583,37.3705524],[-6.0017099,37.3707807],[-6.0017548,37.3707874],[-6.0018032,37.370559]]]}},{"type":"Feature","properties":{"row":2,"col":75,"name":"Cuerpo Nacional de Policia","street":"Calle Gitanito de Triana","number":"61","osm_id":"way/1166212868"},"geometry":{"type":"Polygon","coordinates":[[[-5.9997502,37.3707261],[-5.9997871,37.3705618],[-5.9994905,37.3705197],[-5.9994562,37.3706834],[-5.9997502,37.3707261]]]}},{"type":"Feature","properties":{"row":2,"col":76,"name":"Suero Alonso Blas Jose","street":"Calle Jiménez Chicuelo","number":"19","osm_id":"way/1166212898"},"geometry":{"type":"Polygon","coordinates":[[[-6.0006616,37.370672],[-6.0006702,37.3706303],[-6.000442,37.3705961],[-6.0004357,37.3706345],[-6.0006616,37.370672]]]}},{"type":"Feature","properties":{"row":2,"col":77,"name":"Hispano Club","street":"Calle Gitanito de Triana","number":"91","osm_id":"way/1166212885"},"geometry":{"type":"Polygon","coordinates":[[[-6.0001721,37.3705544],[-6.0001247,37.3707804],[-6.0002586,37.3707998],[-6.0003079,37.3705754],[-6.0002596,37.3705677],[-6.0001721,37.3705544]]]}},{"type":"Feature","properties":{"row":2,"col":78,"name":"Hermandad de Montesion","street":"Calle Joselito el Gallo","number":"164","osm_id":"way/1166212922"},"geometry":{"type":"Polygon","coordinates":[[[-6.0019829,37.3705854],[-6.0019589,37.3707024],[-6.0020543,37.3707144],[-6.0020774,37.3705993],[-6.0019829,37.3705854]]]}},{"type":"Feature","properties":{"row":2,"col":79,"name":"Gomez Ruiz de Castro Enrique","street":"Calle Joselito el Gallo","number":"148","osm_id":"way/1166212927"},"geometry":{"type":"Polygon","coordinates":[[[-6.0016238,37.3705326],[-6.0015719,37.3707601],[-6.0016196,37.3707672],[-6.0016668,37.370539],[-6.0016238,37.3705326]]]}},{"type":"Feature","properties":{"row":2,"col":80,"name":"Los Boquerones","street":"Calle Antonio Bienvenida","number":"31","osm_id":"way/1164882198"},"geometry":{"type":"Polygon","coordinates":[[[-5.9970363,37.3706046],[-5.996688,37.3706199],[-5.9966925,37.3706585],[-5.9970381,37.3706417],[-5.9970363,37.3706046]]]}},{"type":"Feature","properties":{"row":2,"col":81,"name":"Los de la Salle","street":"Calle Joselito el Gallo","number":"146","osm_id":"way/1166212928"},"geometry":{"type":"Polygon","coordinates":[[[-6.0015785,37.370526],[-6.0015283,37.3707535],[-6.0015719,37.3707601],[-6.0016238,37.3705326],[-6.0015785,37.370526]]]}},{"type":"Feature","properties":{"row":2,"col":82,"name":"Chicuelo 16","street":"Calle Jiménez Chicuelo","number":"16","osm_id":"way/1166212912"},"geometry":{"type":"Polygon","coordinates":[[[-6.0009604,37.3705937],[-6.000953,37.3706321],[-6.0011218,37.3706545],[-6.0011299,37.3706189],[-6.0009604,37.3705937]]]}},{"type":"Feature","properties":{"row":2,"col":83,"name":"El Pegote","street":"Calle Joselito el Gallo","number":"144","osm_id":"way/1166212929"},"geometry":{"type":"Polygon","coordinates":[[[-6.0015327,37.3705193],[-6.0014785,37.3707461],[-6.0015283,37.3707535],[-6.0015785,37.370526],[-6.0015327,37.3705193]]]}},{"type":"Feature","properties":{"row":2,"col":84,"name":"El Colegio","street":"Calle Joselito el Gallo","number":"142","osm_id":"way/1166212930"},"geometry":{"type":"Polygon","coordinates":[[[-6.0014863,37.3705124],[-6.001431,37.370739],[-6.0014785,37.3707461],[-6.0015327,37.3705193],[-6.0014863,37.3705124]]]}},{"type":"Feature","properties":{"row":2,"col":85,"name":"La 33","street":"Calle Joselito el Gallo","number":"136","osm_id":"way/1166212933"},"geometry":{"type":"Polygon","coordinates":[[[-6.001345,37.3704917],[-6.0012979,37.3707079],[-6.0012961,37.3707188],[-6.0013404,37.3707254],[-6.0013874,37.3704979],[-6.001345,37.3704917]]]}},{"type":"Feature","properties":{"row":2,"col":86,"name":"Ponce Ruiz Maria Dolores","street":"Calle Gitanito de Triana","number":"75","osm_id":"way/1166212869"},"geometry":{"type":"Polygon","coordinates":[[[-5.9998023,37.3707336],[-5.9998396,37.3705652],[-5.9998582,37.3704947],[-5.9998041,37.3704862],[-5.9998003,37.3705032],[-5.9997871,37.3705618],[-5.9997502,37.3707261],[-5.9998023,37.3707336]]]}},{"type":"Feature","properties":{"row":2,"col":87,"name":"Ven Acá Pa Cá","street":"Calle Joselito el Gallo","number":"140","osm_id":"way/1166212931"},"geometry":{"type":"Polygon","coordinates":[[[-6.0014387,37.3705054],[-6.0013866,37.3707323],[-6.001431,37.370739],[-6.0014863,37.3705124],[-6.0014387,37.3705054]]]}},{"type":"Feature","properties":{"row":2,"col":88,"name":"Al-baran","street":"Calle Ignacio Sánchez Mejías","number":"102","osm_id":"way/1169334199"},"geometry":{"type":"Polygon","coordinates":[[[-5.9960417,37.3705652],[-5.9960476,37.3706484],[-5.9962898,37.3706432],[-5.9962845,37.3705621],[-5.9960417,37.3705652]]]}},{"type":"Feature","properties":{"row":2,"col":89,"name":"Distritos Nervion-san Pablo-sta. Justa","street":"Calle Costillares","number":"22","osm_id":"way/1169337981"},"geometry":{"type":"Polygon","coordinates":[[[-6.0043151,37.3706513],[-6.0043471,37.3705206],[-6.0040065,37.3704774],[-6.003987,37.3706254],[-6.0040197,37.370628],[-6.0043151,37.3706513]]]}},{"type":"Feature","properties":{"row":2,"col":90,"name":"Broquetas Molina Agustin","street":"Calle Joselito el Gallo","number":"138","osm_id":"way/1166212932"},"geometry":{"type":"Polygon","coordinates":[[[-6.0013874,37.3704979],[-6.0013404,37.3707254],[-6.0013866,37.3707323],[-6.0014387,37.3705054],[-6.0013874,37.3704979]]]}},{"type":"Feature","properties":{"row":2,"col":91,"name":"La Verea","street":"Calle Antonio Bienvenida","number":"33","osm_id":"way/1164882199"},"geometry":{"type":"Polygon","coordinates":[[[-5.9970345,37.3705668],[-5.9966833,37.3705797],[-5.996688,37.3706199],[-5.9970363,37.3706046],[-5.9970345,37.3705668]]]}},{"type":"Feature","properties":{"row":2,"col":92,"name":"El Patio","street":"Calle Gitanito de Triana","number":"53","osm_id":"way/1164882077"},"geometry":{"type":"Polygon","coordinates":[[[-5.9989786,37.3706228],[-5.9991655,37.3706485],[-5.9991908,37.3705346],[-5.9990005,37.3705084],[-5.9989786,37.3706228]]]}},{"type":"Feature","properties":{"row":2,"col":93,"name":"Piazza Rodriguez Luis","street":"Calle Jiménez Chicuelo","number":"18","osm_id":"way/1166212913"},"geometry":{"type":"Polygon","coordinates":[[[-6.0009675,37.370557],[-6.0009604,37.3705937],[-6.0011299,37.3706189],[-6.0011384,37.3705813],[-6.0009675,37.370557]]]}},{"type":"Feature","properties":{"row":2,"col":94,"name":"Los Leporidos","street":"Calle Joselito el Gallo","number":"128","osm_id":"way/1166212937"},"geometry":{"type":"Polygon","coordinates":[[[-6.0011647,37.3704652],[-6.0011458,37.3705486],[-6.0011384,37.3705813],[-6.0011299,37.3706189],[-6.0011218,37.3706545],[-6.0011153,37.3706835],[-6.0011623,37.3706898],[-6.0012079,37.3704715],[-6.0011647,37.3704652]]]}},{"type":"Feature","properties":{"row":2,"col":95,"name":"La Archiacademia","street":"Calle Joselito el Gallo","number":"134","osm_id":"way/1166212934"},"geometry":{"type":"Polygon","coordinates":[[[-6.0013007,37.3704852],[-6.0012522,37.3707018],[-6.0012979,37.3707079],[-6.001345,37.3704917],[-6.0013007,37.3704852]]]}},{"type":"Feature","properties":{"row":2,"col":96,"name":"Hortal Turmo Javier","street":"Calle Joselito el Gallo","number":"132","osm_id":"way/1166212935"},"geometry":{"type":"Polygon","coordinates":[[[-6.0012551,37.3704785],[-6.0012065,37.3706957],[-6.0012522,37.3707018],[-6.0013007,37.3704852],[-6.0012551,37.3704785]]]}},{"type":"Feature","properties":{"row":2,"col":97,"name":"Loscertales Pazos Maria Pilar","street":"Calle Joselito el Gallo","number":"130","osm_id":"way/1166212936"},"geometry":{"type":"Polygon","coordinates":[[[-6.0012079,37.3704715],[-6.0011623,37.3706898],[-6.0012065,37.3706957],[-6.0012551,37.3704785],[-6.0012079,37.3704715]]]}},{"type":"Feature","properties":{"row":2,"col":98,"name":"Hermandad Esperanza de Triana","street":"Calle Antonio Bienvenida","number":"35","osm_id":"way/1164882200"},"geometry":{"type":"Polygon","coordinates":[[[-5.9970328,37.370532],[-5.9966793,37.3705449],[-5.9966833,37.3705797],[-5.9970345,37.3705668],[-5.9970328,37.370532]]]}},{"type":"Feature","properties":{"row":2,"col":99,"name":"Niqui y Cia","street":"Calle Jiménez Chicuelo","number":"20","osm_id":"way/1166212914"},"geometry":{"type":"Polygon","coordinates":[[[-6.0009739,37.370524],[-6.0009675,37.370557],[-6.0011384,37.3705813],[-6.0011458,37.3705486],[-6.0009739,37.370524]]]}},{"type":"Feature","properties":{"row":3,"col":0,"name":"Radio Club Sevilla","street":"Calle Gitanito de Triana","number":"83","osm_id":"way/1166212878"},"geometry":{"type":"Polygon","coordinates":[[[-5.9999867,37.3707604],[-6.0000377,37.3705338],[-6.0000523,37.3704689],[-6.0000602,37.3704337],[-6.0000175,37.3704266],[-5.9999661,37.3704182],[-5.9999188,37.3704104],[-5.9998771,37.3704035],[-5.9998582,37.3704947],[-5.9998396,37.3705652],[-5.9998859,37.3705716],[-5.9999321,37.3705779],[-5.9999798,37.3705845],[-5.9999472,37.3707546],[-5.9999867,37.3707604]]]}},{"type":"Feature","properties":{"row":3,"col":1,"name":"Peña C. y S. Sevillista Puerta Carmona","street":"Calle Jiménez Chicuelo","number":"21","osm_id":"way/1166212897"},"geometry":{"type":"Polygon","coordinates":[[[-6.0006702,37.3706303],[-6.0006924,37.3705232],[-6.0006047,37.37051],[-6.0005631,37.3705037],[-6.0005159,37.3704966],[-6.0004713,37.3704899],[-6.0004264,37.3704832],[-6.0003814,37.3704764],[-6.000356,37.3705832],[-6.0003998,37.3705898],[-6.000442,37.3705961],[-6.0006702,37.3706303]]]}},{"type":"Feature","properties":{"row":3,"col":2,"name":"Asoc. Cult. Una Copa de Menos","street":"Calle Ignacio Sánchez Mejías","number":"100","osm_id":"way/1169334200"},"geometry":{"type":"Polygon","coordinates":[[[-5.9960391,37.370528],[-5.9960417,37.3705652],[-5.9962845,37.3705621],[-5.9962819,37.3705242],[-5.9960391,37.370528]]]}},{"type":"Feature","properties":{"row":3,"col":3,"name":"Garcia Diaz Leonardo","street":"Calle Gitanito de Triana","number":"49","osm_id":"way/1164882079"},"geometry":{"type":"Polygon","coordinates":[[[-5.9988815,37.3706095],[-5.9989276,37.3706158],[-5.9989764,37.3703815],[-5.9989294,37.3703767],[-5.9988815,37.3706095]]]}},{"type":"Feature","properties":{"row":3,"col":4,"name":"Martin Casillas S.l.","street":"Calle Antonio Bienvenida","number":"37","osm_id":"way/1164882201"},"geometry":{"type":"Polygon","coordinates":[[[-5.997031,37.3704941],[-5.9966789,37.3705057],[-5.9966793,37.3705449],[-5.9970328,37.370532],[-5.997031,37.3704941]]]}},{"type":"Feature","properties":{"row":3,"col":5,"name":"Asociacion Flores de Feria","street":"Calle Pepe Luis Vázquez","number":"28","osm_id":"way/1166212867"},"geometry":{"type":"Polygon","coordinates":[[[-5.9994905,37.3705197],[-5.9997871,37.3705618],[-5.9998003,37.3705032],[-5.9995022,37.3704642],[-5.9994905,37.3705197]]]}},{"type":"Feature","properties":{"row":3,"col":6,"name":"Club Bankunion","street":"Calle Joselito el Gallo","number":"211","osm_id":"way/1169317891"},"geometry":{"type":"Polygon","coordinates":[[[-6.0034749,37.3705431],[-6.0036153,37.370563],[-6.0036357,37.3704483],[-6.0035008,37.3704281],[-6.0034749,37.3705431]]]}},{"type":"Feature","properties":{"row":3,"col":7,"name":"Hermandad del Rocio del Cerro del Aguila","street":"Calle Ignacio Sánchez Mejías","number":"98","osm_id":"way/1169334201"},"geometry":{"type":"Polygon","coordinates":[[[-5.9960364,37.3704907],[-5.9960391,37.370528],[-5.9962819,37.3705242],[-5.9962794,37.3704863],[-5.9960364,37.3704907]]]}},{"type":"Feature","properties":{"row":3,"col":8,"name":"Los Plomez","street":"Calle Gitanito de Triana","number":"45","osm_id":"way/1164882081"},"geometry":{"type":"Polygon","coordinates":[[[-5.9987889,37.3705967],[-5.9988361,37.3706032],[-5.9988886,37.3703501],[-5.9988387,37.370343],[-5.9987889,37.3705967]]]}},{"type":"Feature","properties":{"row":3,"col":9,"name":"El Centro de Sevilla","street":"Calle Joselito el Gallo","number":"209","osm_id":"way/1169317892"},"geometry":{"type":"Polygon","coordinates":[[[-6.0034251,37.3705361],[-6.0034749,37.3705431],[-6.0035008,37.3704281],[-6.0034539,37.3704212],[-6.0034251,37.3705361]]]}},{"type":"Feature","properties":{"row":3,"col":10,"name":"A.e.i.h.","street":"Calle Jiménez Chicuelo","number":"22","osm_id":"way/1166212915"},"geometry":{"type":"Polygon","coordinates":[[[-6.0011647,37.3704652],[-6.0009902,37.3704395],[-6.0009739,37.370524],[-6.0011458,37.3705486],[-6.0011647,37.3704652]]]}},{"type":"Feature","properties":{"row":3,"col":11,"name":"La Culá","street":"Calle Joselito el Gallo","number":"207","osm_id":"way/1169317893"},"geometry":{"type":"Polygon","coordinates":[[[-6.0033801,37.3705297],[-6.0034251,37.3705361],[-6.0034539,37.3704212],[-6.0034059,37.370414],[-6.0033801,37.3705297]]]}},{"type":"Feature","properties":{"row":3,"col":12,"name":"Los Atornillaos","street":"Calle Gitanito de Triana","number":"51","osm_id":"way/1164882078"},"geometry":{"type":"Polygon","coordinates":[[[-5.9989276,37.3706158],[-5.9989786,37.3706228],[-5.9990005,37.3705084],[-5.9990212,37.3704002],[-5.999026,37.3703703],[-5.9989806,37.3703632],[-5.9989764,37.3703815],[-5.9989276,37.3706158]]]}},{"type":"Feature","properties":{"row":3,"col":13,"name":"Peña las Atarazanas","street":"Calle Gitanito de Triana","number":"39","osm_id":"way/1164882082"},"geometry":{"type":"Polygon","coordinates":[[[-5.9986486,37.3705774],[-5.9987889,37.3705967],[-5.9988387,37.370343],[-5.9987084,37.3703244],[-5.9986486,37.3705774]]]}},{"type":"Feature","properties":{"row":3,"col":14,"name":"Gitanillo de Triana 47","street":"Calle Gitanito de Triana","number":"47","osm_id":"way/1164882080"},"geometry":{"type":"Polygon","coordinates":[[[-5.9988361,37.3706032],[-5.9988815,37.3706095],[-5.9989294,37.3703767],[-5.9989335,37.3703565],[-5.9988886,37.3703501],[-5.9988361,37.3706032]]]}},{"type":"Feature","properties":{"row":3,"col":15,"name":"C.e.d.y. (empleados de Ybarra)","street":"Calle Pepe Luis Vázquez","number":"27","osm_id":"way/1164882076"},"geometry":{"type":"Polygon","coordinates":[[[-5.9991908,37.3705346],[-5.9992142,37.370429],[-5.9990212,37.3704002],[-5.9990005,37.3705084],[-5.9991908,37.3705346]]]}},{"type":"Feature","properties":{"row":3,"col":16,"name":"Los Mismos","street":"Calle Joselito el Gallo","number":"116","osm_id":"way/1166212894"},"geometry":{"type":"Polygon","coordinates":[[[-6.0006924,37.3705232],[-6.000715,37.370414],[-6.0006315,37.3704015],[-6.0006047,37.37051],[-6.0006924,37.3705232]]]}},{"type":"Feature","properties":{"row":3,"col":17,"name":"De la Feria al Rocio","street":"Calle Antonio Bienvenida","number":"39","osm_id":"way/1164882202"},"geometry":{"type":"Polygon","coordinates":[[[-5.997029,37.3704524],[-5.9966796,37.3704653],[-5.9966789,37.3705057],[-5.997031,37.3704941],[-5.997029,37.3704524]]]}},{"type":"Feature","properties":{"row":3,"col":18,"name":"Los Cariñosos","street":"Calle Joselito el Gallo","number":"100","osm_id":"way/1166212886"},"geometry":{"type":"Polygon","coordinates":[[[-6.0003113,37.3703539],[-6.0002649,37.3703468],[-6.0002367,37.3704634],[-6.0001895,37.3704562],[-6.0001354,37.3704479],[-6.0001289,37.3704804],[-6.0000766,37.3704724],[-6.0000523,37.3704689],[-6.0000377,37.3705338],[-6.0000801,37.3705403],[-6.0001272,37.3705475],[-6.0001721,37.3705544],[-6.0002596,37.3705677],[-6.0003113,37.3703539]]]}},{"type":"Feature","properties":{"row":3,"col":19,"name":"Pequeña Reina","street":"Calle Pepe Luis Vázquez","number":"30","osm_id":"way/1166212866"},"geometry":{"type":"Polygon","coordinates":[[[-5.9995022,37.3704642],[-5.9998003,37.3705032],[-5.9998041,37.3704862],[-5.9998085,37.3704666],[-5.99951,37.370427],[-5.9995022,37.3704642]]]}},{"type":"Feature","properties":{"row":3,"col":20,"name":"Giraldillo 19","street":"Calle Gitanito de Triana","number":"25","osm_id":"way/1164882085"},"geometry":{"type":"Polygon","coordinates":[[[-5.9983314,37.3705338],[-5.9983794,37.3705404],[-5.9984145,37.3703661],[-5.9983629,37.3703587],[-5.9983314,37.3705338]]]}},{"type":"Feature","properties":{"row":3,"col":21,"name":"Hermandad de la Lanzada","street":"Calle Ignacio Sánchez Mejías","number":"96","osm_id":"way/1169334202"},"geometry":{"type":"Polygon","coordinates":[[[-5.9960338,37.3704534],[-5.9960364,37.3704907],[-5.9962794,37.3704863],[-5.9962769,37.3704484],[-5.9960338,37.3704534]]]}},{"type":"Feature","properties":{"row":3,"col":22,"name":"La Grande y Su Gente","street":"Calle Costillares","number":"28","osm_id":"way/1169337980"},"geometry":{"type":"Polygon","coordinates":[[[-6.0043471,37.3705206],[-6.0043731,37.3704183],[-6.0040227,37.3703649],[-6.0040065,37.3704774],[-6.0043471,37.3705206]]]}},{"type":"Feature","properties":{"row":3,"col":23,"name":"G. Triana, 23","street":"Calle Gitanito de Triana","number":"23","osm_id":"way/1164882086"},"geometry":{"type":"Polygon","coordinates":[[[-5.9982858,37.3705276],[-5.9983314,37.3705338],[-5.9983629,37.3703587],[-5.9983166,37.370352],[-5.9982858,37.3705276]]]}},{"type":"Feature","properties":{"row":3,"col":24,"name":"Prado Perez Francisco","street":"Calle Joselito el Gallo","number":"104","osm_id":"way/1166212888"},"geometry":{"type":"Polygon","coordinates":[[[-6.0004082,37.3703682],[-6.0003602,37.370361],[-6.0003079,37.3705754],[-6.000356,37.3705832],[-6.0003814,37.3704764],[-6.0004082,37.3703682]]]}},{"type":"Feature","properties":{"row":3,"col":25,"name":"Pepesiete","street":"Calle Gitanito de Triana","number":"21","osm_id":"way/1164882087"},"geometry":{"type":"Polygon","coordinates":[[[-5.9982353,37.3705206],[-5.9982858,37.3705276],[-5.9983166,37.370352],[-5.998272,37.3703456],[-5.9982353,37.3705206]]]}},{"type":"Feature","properties":{"row":3,"col":26,"name":"Figaro","street":"Calle Joselito el Gallo","number":"102","osm_id":"way/1166212887"},"geometry":{"type":"Polygon","coordinates":[[[-6.0003602,37.370361],[-6.0003113,37.3703539],[-6.0002596,37.3705677],[-6.0003079,37.3705754],[-6.0003602,37.370361]]]}},{"type":"Feature","properties":{"row":3,"col":27,"name":"Centro Recreativo Peña Hispalense","street":"Calle Gitanito de Triana","number":"35","osm_id":"way/1164882083"},"geometry":{"type":"Polygon","coordinates":[[[-5.9985528,37.3705643],[-5.9986486,37.3705774],[-5.9987084,37.3703244],[-5.9986608,37.3703177],[-5.998612,37.3703107],[-5.9985528,37.3705643]]]}},{"type":"Feature","properties":{"row":3,"col":28,"name":"Centro de Control Electrico","street":"Calle Joselito el Gallo","number":"114","osm_id":"way/1166212893"},"geometry":{"type":"Polygon","coordinates":[[[-6.0006315,37.3704015],[-6.0005855,37.3703946],[-6.0005631,37.3705037],[-6.0006047,37.37051],[-6.0006315,37.3704015]]]}},{"type":"Feature","properties":{"row":3,"col":29,"name":"Peña Cultural Betica Heliopolis","street":"Calle Ignacio Sánchez Mejías","number":"117","osm_id":"way/1169334183"},"geometry":{"type":"Polygon","coordinates":[[[-5.9957728,37.3704615],[-5.9957692,37.3703905],[-5.9954572,37.3704034],[-5.9954625,37.3704737],[-5.9957728,37.3704615]]]}},{"type":"Feature","properties":{"row":3,"col":30,"name":"Guardiola Dominguez Alfonso","street":"Calle Joselito el Gallo","number":"112","osm_id":"way/1166212892"},"geometry":{"type":"Polygon","coordinates":[[[-6.0005855,37.3703946],[-6.0005411,37.370388],[-6.0005159,37.3704966],[-6.0005631,37.3705037],[-6.0005855,37.3703946]]]}},{"type":"Feature","properties":{"row":3,"col":31,"name":"Lobo Cantos Carmen","street":"Calle Antonio Bienvenida","number":"41","osm_id":"way/1164882203"},"geometry":{"type":"Polygon","coordinates":[[[-5.9970273,37.3704153],[-5.9966778,37.3704267],[-5.9966796,37.3704653],[-5.997029,37.3704524],[-5.9970273,37.3704153]]]}},{"type":"Feature","properties":{"row":3,"col":32,"name":"Los Tobalitos","street":"Calle Joselito el Gallo","number":"203","osm_id":"way/1169317906"},"geometry":{"type":"Polygon","coordinates":[[[-6.0032878,37.3705166],[-6.003336,37.3705234],[-6.0033893,37.3702979],[-6.0033395,37.370291],[-6.0032878,37.3705166]]]}},{"type":"Feature","properties":{"row":3,"col":33,"name":"El Revuelo","street":"Calle Ignacio Sánchez Mejías","number":"94","osm_id":"way/1169334203"},"geometry":{"type":"Polygon","coordinates":[[[-5.9960312,37.3704161],[-5.9960338,37.3704534],[-5.9962769,37.3704484],[-5.9962744,37.3704106],[-5.9960312,37.3704161]]]}},{"type":"Feature","properties":{"row":3,"col":34,"name":"Campoy Fernandez Eduardo","street":"Calle Joselito el Gallo","number":"110","osm_id":"way/1166212891"},"geometry":{"type":"Polygon","coordinates":[[[-6.0005411,37.370388],[-6.0004975,37.3703815],[-6.0004713,37.3704899],[-6.0005159,37.3704966],[-6.0005411,37.370388]]]}},{"type":"Feature","properties":{"row":3,"col":35,"name":"A Ver Si Nos Reunimos","street":"Calle Pepe Luis Vázquez","number":"32","osm_id":"way/1166212865"},"geometry":{"type":"Polygon","coordinates":[[[-5.99951,37.370427],[-5.9998085,37.3704666],[-5.9998166,37.3704306],[-5.9995178,37.3703899],[-5.99951,37.370427]]]}},{"type":"Feature","properties":{"row":3,"col":36,"name":"Gil Arevalo Juan Norberto","street":"Calle Joselito el Gallo","number":"108","osm_id":"way/1166212890"},"geometry":{"type":"Polygon","coordinates":[[[-6.0004975,37.3703815],[-6.0004553,37.3703752],[-6.0004264,37.3704832],[-6.0004713,37.3704899],[-6.0004975,37.3703815]]]}},{"type":"Feature","properties":{"row":3,"col":37,"name":"Azahares","street":"Calle Joselito el Gallo","number":"201","osm_id":"way/1169317907"},"geometry":{"type":"Polygon","coordinates":[[[-6.0032398,37.3705098],[-6.0032878,37.3705166],[-6.0033395,37.370291],[-6.0032882,37.3702838],[-6.0032398,37.3705098]]]}},{"type":"Feature","properties":{"row":3,"col":38,"name":"Los Incansables de Costillares","street":"Calle Costillares","number":"31","osm_id":"way/1169317894"},"geometry":{"type":"Polygon","coordinates":[[[-6.0034059,37.370414],[-6.0034539,37.3704212],[-6.0035008,37.3704281],[-6.0036357,37.3704483],[-6.0036422,37.3704123],[-6.0034139,37.3703783],[-6.0034059,37.370414]]]}},{"type":"Feature","properties":{"row":3,"col":39,"name":"Romero Diaz Antonio","street":"Calle Joselito el Gallo","number":"199","osm_id":"way/1169317908"},"geometry":{"type":"Polygon","coordinates":[[[-6.0031961,37.3705036],[-6.0032398,37.3705098],[-6.0032882,37.3702838],[-6.0032432,37.3702775],[-6.0031961,37.3705036]]]}},{"type":"Feature","properties":{"row":3,"col":40,"name":"Garcia del Saz Gines Jose","street":"Calle Joselito el Gallo","number":"106","osm_id":"way/1166212889"},"geometry":{"type":"Polygon","coordinates":[[[-6.0004553,37.3703752],[-6.0004082,37.3703682],[-6.0003814,37.3704764],[-6.0004264,37.3704832],[-6.0004553,37.3703752]]]}},{"type":"Feature","properties":{"row":3,"col":41,"name":"Los Buitres del Aljarafe","street":"Calle Joselito el Gallo","number":"205","osm_id":"way/1169317905"},"geometry":{"type":"Polygon","coordinates":[[[-6.003336,37.3705234],[-6.0033801,37.3705297],[-6.0034059,37.370414],[-6.0034139,37.3703783],[-6.0034221,37.3703412],[-6.0034305,37.3703037],[-6.0033893,37.3702979],[-6.003336,37.3705234]]]}},{"type":"Feature","properties":{"row":3,"col":42,"name":"Gomez-abascal Bernabeu Mercedes","street":"Calle Joselito el Gallo","number":"98","osm_id":"way/1166212857"},"geometry":{"type":"Polygon","coordinates":[[[-6.0001895,37.3704562],[-6.0002367,37.3704634],[-6.0002649,37.3703468],[-6.0002152,37.3703391],[-6.0001895,37.3704562]]]}},{"type":"Feature","properties":{"row":3,"col":43,"name":"Peña Cultural Sevillista de Triana","street":"Calle Joselito el Gallo","number":"197","osm_id":"way/1169317909"},"geometry":{"type":"Polygon","coordinates":[[[-6.0031512,37.3704972],[-6.0031961,37.3705036],[-6.0032432,37.3702775],[-6.0032005,37.3702715],[-6.0031512,37.3704972]]]}},{"type":"Feature","properties":{"row":3,"col":44,"name":"Gomez Abascal Bernabeu Concepcion","street":"Calle Joselito el Gallo","number":"96","osm_id":"way/1166212881"},"geometry":{"type":"Polygon","coordinates":[[[-6.0001895,37.3704562],[-6.0002152,37.3703391],[-6.0001765,37.3703331],[-6.0001602,37.3704117],[-6.0001432,37.3704095],[-6.0001354,37.3704479],[-6.0001895,37.3704562]]]}},{"type":"Feature","properties":{"row":3,"col":45,"name":"Amigos de Juan Carlos","street":"Calle Joselito el Gallo","number":"195","osm_id":"way/1169317913"},"geometry":{"type":"Polygon","coordinates":[[[-6.0031045,37.3704906],[-6.0031512,37.3704972],[-6.0032005,37.3702715],[-6.0031587,37.3702657],[-6.0031045,37.3704906]]]}},{"type":"Feature","properties":{"row":3,"col":46,"name":"El Polvorilla","street":"Calle Ignacio Sánchez Mejías","number":"125","osm_id":"way/1169334180"},"geometry":{"type":"Polygon","coordinates":[[[-5.9953624,37.3704776],[-5.9953523,37.370287],[-5.9952826,37.3702886],[-5.9952929,37.3704804],[-5.9953624,37.3704776]]]}},{"type":"Feature","properties":{"row":3,"col":47,"name":"Los del 93","street":"Calle Ignacio Sánchez Mejías","number":"123","osm_id":"way/1169334181"},"geometry":{"type":"Polygon","coordinates":[[[-5.9954125,37.3704757],[-5.9954002,37.370286],[-5.9953523,37.370287],[-5.9953624,37.3704776],[-5.9954125,37.3704757]]]}},{"type":"Feature","properties":{"row":3,"col":48,"name":"Los Amigos de Cerrillo","street":"Calle Joselito el Gallo","number":"193","osm_id":"way/1169317914"},"geometry":{"type":"Polygon","coordinates":[[[-6.0030568,37.3704838],[-6.0031045,37.3704906],[-6.0031587,37.3702657],[-6.0031093,37.3702588],[-6.0030568,37.3704838]]]}},{"type":"Feature","properties":{"row":3,"col":49,"name":"El 81","street":"Calle Joselito el Gallo","number":"92","osm_id":"way/1166212879"},"geometry":{"type":"Polygon","coordinates":[[[-6.0001331,37.370327],[-6.0000849,37.3703204],[-6.0000602,37.3704337],[-6.0000523,37.3704689],[-6.0000766,37.3704724],[-6.000091,37.3704027],[-6.0001161,37.370406],[-6.0001331,37.370327]]]}},{"type":"Feature","properties":{"row":3,"col":50,"name":"Garbo y Solera","street":"Calle Ignacio Sánchez Mejías","number":"121","osm_id":"way/1169334182"},"geometry":{"type":"Polygon","coordinates":[[[-5.9954625,37.3704737],[-5.9954572,37.3704034],[-5.995454,37.370362],[-5.9954482,37.3702849],[-5.9954002,37.370286],[-5.9954125,37.3704757],[-5.9954625,37.3704737]]]}},{"type":"Feature","properties":{"row":3,"col":51,"name":"Luna Gazquez Maria del Carmen","street":"Calle Joselito el Gallo","number":"82","osm_id":"way/1166212873"},"geometry":{"type":"Polygon","coordinates":[[[-5.9999003,37.3702924],[-5.9998493,37.3702848],[-5.9998246,37.3703949],[-5.9998166,37.3704306],[-5.9998085,37.3704666],[-5.9998041,37.3704862],[-5.9998582,37.3704947],[-5.9998771,37.3704035],[-5.9999003,37.3702924]]]}},{"type":"Feature","properties":{"row":3,"col":52,"name":"Los Catorce","street":"Calle Pepe Luis Vázquez","number":"33","osm_id":"way/1164882075"},"geometry":{"type":"Polygon","coordinates":[[[-5.9992142,37.370429],[-5.9992237,37.3703869],[-5.9990756,37.3703666],[-5.9990285,37.3703601],[-5.999026,37.3703703],[-5.9990212,37.3704002],[-5.9992142,37.370429]]]}},{"type":"Feature","properties":{"row":3,"col":53,"name":"La Caseta del Cosmos","street":"Calle Ignacio Sánchez Mejías","number":"92","osm_id":"way/1169334204"},"geometry":{"type":"Polygon","coordinates":[[[-5.9960285,37.3703789],[-5.9960312,37.3704161],[-5.9962744,37.3704106],[-5.9962719,37.3703727],[-5.9960285,37.3703789]]]}},{"type":"Feature","properties":{"row":3,"col":54,"name":"Derri Giraldez Manuel","street":"Calle Joselito el Gallo","number":"191","osm_id":"way/1169317915"},"geometry":{"type":"Polygon","coordinates":[[[-6.0030142,37.3704778],[-6.0030568,37.3704838],[-6.0031093,37.3702588],[-6.0030642,37.3702525],[-6.0030142,37.3704778]]]}},{"type":"Feature","properties":{"row":3,"col":55,"name":"Nuestra Caseta","street":"Calle Joselito el Gallo","number":"189","osm_id":"way/1169317916"},"geometry":{"type":"Polygon","coordinates":[[[-6.002967,37.3704711],[-6.0030142,37.3704778],[-6.0030642,37.3702525],[-6.0030187,37.3702461],[-6.002967,37.3704711]]]}},{"type":"Feature","properties":{"row":3,"col":56,"name":"Joselito el Gallo 175","street":"Calle Joselito el Gallo","number":"175","osm_id":"way/1169317923"},"geometry":{"type":"Polygon","coordinates":[[[-6.0026402,37.3704248],[-6.0026922,37.3704322],[-6.0027173,37.3703206],[-6.0026661,37.3703131],[-6.0026402,37.3704248]]]}},{"type":"Feature","properties":{"row":3,"col":57,"name":"Bomberos (reten de Feria)","street":"Calle Joselito el Gallo","number":"94","osm_id":"way/1166212880"},"geometry":{"type":"Polygon","coordinates":[[[-6.0001432,37.3704095],[-6.0001602,37.3704117],[-6.0001765,37.3703331],[-6.0001331,37.370327],[-6.0001161,37.370406],[-6.0001432,37.3704095]]]}},{"type":"Feature","properties":{"row":3,"col":58,"name":"Pepe Luis Vazquez 34","street":"Calle Pepe Luis Vázquez","number":"34","osm_id":"way/1166212864"},"geometry":{"type":"Polygon","coordinates":[[[-5.9995178,37.3703899],[-5.9998166,37.3704306],[-5.9998246,37.3703949],[-5.9997816,37.3703882],[-5.9997356,37.3703811],[-5.9996892,37.3703739],[-5.9996436,37.3703668],[-5.9995979,37.3703597],[-5.9995264,37.3703486],[-5.9995178,37.3703899]]]}},{"type":"Feature","properties":{"row":3,"col":59,"name":"Empleados de Gispert","street":"Calle Costillares","number":"33","osm_id":"way/1169317895"},"geometry":{"type":"Polygon","coordinates":[[[-6.0034139,37.3703783],[-6.0036422,37.3704123],[-6.0036484,37.3703772],[-6.0034221,37.3703412],[-6.0034139,37.3703783]]]}},{"type":"Feature","properties":{"row":3,"col":60,"name":"La Promesa","street":"Calle Joselito el Gallo","number":"187","osm_id":"way/1169317917"},"geometry":{"type":"Polygon","coordinates":[[[-6.0029172,37.370464],[-6.002967,37.3704711],[-6.0030187,37.3702461],[-6.0029697,37.3702393],[-6.0029172,37.370464]]]}},{"type":"Feature","properties":{"row":3,"col":61,"name":"Cortijo Pineda","street":"Calle Ignacio Sánchez Mejías","number":"115","osm_id":"way/1169334179"},"geometry":{"type":"Polygon","coordinates":[[[-5.9957692,37.3703905],[-5.9957671,37.370349],[-5.995491,37.3703604],[-5.995454,37.370362],[-5.9954572,37.3704034],[-5.9957692,37.3703905]]]}},{"type":"Feature","properties":{"row":3,"col":62,"name":"Familia Alberich","street":"Calle Joselito el Gallo","number":"185","osm_id":"way/1169317918"},"geometry":{"type":"Polygon","coordinates":[[[-6.0028743,37.370458],[-6.0029172,37.370464],[-6.0029697,37.3702393],[-6.0029234,37.3702328],[-6.0028743,37.370458]]]}},{"type":"Feature","properties":{"row":3,"col":63,"name":"La Tabla","street":"Calle Gitanito de Triana","number":"27","osm_id":"way/1164882084"},"geometry":{"type":"Polygon","coordinates":[[[-5.9983794,37.3705404],[-5.9985528,37.3705643],[-5.998612,37.3703107],[-5.9985671,37.3703043],[-5.9985212,37.3702978],[-5.9984738,37.370291],[-5.9983848,37.3702784],[-5.9982889,37.3702647],[-5.998272,37.3703456],[-5.9983166,37.370352],[-5.9983629,37.3703587],[-5.9984145,37.3703661],[-5.9983794,37.3705404]]]}},{"type":"Feature","properties":{"row":3,"col":64,"name":"Club Sevillaban","street":"Calle Joselito el Gallo","number":"169","osm_id":"way/1169317924"},"geometry":{"type":"Polygon","coordinates":[[[-6.0025059,37.3704057],[-6.0026402,37.3704248],[-6.0026661,37.3703131],[-6.0025277,37.3702949],[-6.0025059,37.3704057]]]}},{"type":"Feature","properties":{"row":3,"col":65,"name":"El Farol","street":"Calle Pepe Luis Vázquez","number":"35","osm_id":"way/1164882074"},"geometry":{"type":"Polygon","coordinates":[[[-5.9992237,37.3703869],[-5.9992312,37.3703525],[-5.9990832,37.3703328],[-5.9990756,37.3703666],[-5.9992237,37.3703869]]]}},{"type":"Feature","properties":{"row":3,"col":66,"name":"Peña Sevillista Curro San Jose","street":"Calle Joselito el Gallo","number":"183","osm_id":"way/1169317919"},"geometry":{"type":"Polygon","coordinates":[[[-6.0028267,37.3704512],[-6.0028743,37.370458],[-6.0029234,37.3702328],[-6.0028769,37.3702263],[-6.0028267,37.3704512]]]}},{"type":"Feature","properties":{"row":3,"col":67,"name":"Blanco Gonzalez Severino","street":"Calle Joselito el Gallo","number":"90","osm_id":"way/1166212877"},"geometry":{"type":"Polygon","coordinates":[[[-6.0000849,37.3703204],[-6.0000431,37.3703137],[-6.0000175,37.3704266],[-6.0000602,37.3704337],[-6.0000849,37.3703204]]]}},{"type":"Feature","properties":{"row":3,"col":68,"name":"Club de Pesca San Rafael","street":"Calle Joselito el Gallo","number":"181","osm_id":"way/1169317920"},"geometry":{"type":"Polygon","coordinates":[[[-6.002777,37.3704442],[-6.0028267,37.3704512],[-6.0028769,37.3702263],[-6.0028294,37.3702196],[-6.002777,37.3704442]]]}},{"type":"Feature","properties":{"row":3,"col":69,"name":"Joselito el Gallo 88","street":"Calle Joselito el Gallo","number":"88","osm_id":"way/1166212876"},"geometry":{"type":"Polygon","coordinates":[[[-6.0000431,37.3703137],[-5.9999921,37.3703061],[-5.9999661,37.3704182],[-6.0000175,37.3704266],[-6.0000431,37.3703137]]]}},{"type":"Feature","properties":{"row":3,"col":70,"name":"Limpieza Publica y Proteccion Ambiental S.a.m.","street":"Calle Antonio Bienvenida","number":"43","osm_id":"way/1164882204"},"geometry":{"type":"Polygon","coordinates":[[[-5.9970221,37.3703077],[-5.9966726,37.3703184],[-5.9966778,37.3704267],[-5.9970273,37.3704153],[-5.9970221,37.3703077]]]}},{"type":"Feature","properties":{"row":3,"col":71,"name":"Ca P'ancala","street":"Calle Ignacio Sánchez Mejías","number":"90","osm_id":"way/1169334205"},"geometry":{"type":"Polygon","coordinates":[[[-5.9960259,37.3703416],[-5.9960285,37.3703789],[-5.9962719,37.3703727],[-5.9962706,37.3703528],[-5.9962694,37.3703348],[-5.9960259,37.3703416]]]}},{"type":"Feature","properties":{"row":3,"col":72,"name":"Carvajal Ramirez Rocio","street":"Calle Joselito el Gallo","number":"179","osm_id":"way/1169317921"},"geometry":{"type":"Polygon","coordinates":[[[-6.0027359,37.3704383],[-6.002777,37.3704442],[-6.0028294,37.3702196],[-6.0027857,37.3702135],[-6.0027359,37.3704383]]]}},{"type":"Feature","properties":{"row":3,"col":73,"name":"Sanmartin Roche Arturo","street":"Calle Joselito el Gallo","number":"86","osm_id":"way/1166212875"},"geometry":{"type":"Polygon","coordinates":[[[-5.9999921,37.3703061],[-5.9999471,37.3702994],[-5.9999188,37.3704104],[-5.9999661,37.3704182],[-5.9999921,37.3703061]]]}},{"type":"Feature","properties":{"row":3,"col":74,"name":"Joselito el Gallo 84","street":"Calle Joselito el Gallo","number":"84","osm_id":"way/1166212874"},"geometry":{"type":"Polygon","coordinates":[[[-5.9999471,37.3702994],[-5.9999003,37.3702924],[-5.9998771,37.3704035],[-5.9999188,37.3704104],[-5.9999471,37.3702994]]]}},{"type":"Feature","properties":{"row":3,"col":75,"name":"La Familia","street":"Calle Costillares","number":"35","osm_id":"way/1169317896"},"geometry":{"type":"Polygon","coordinates":[[[-6.0034221,37.3703412],[-6.0036484,37.3703772],[-6.0036548,37.3703416],[-6.0034305,37.3703037],[-6.0034221,37.3703412]]]}},{"type":"Feature","properties":{"row":3,"col":76,"name":"Don Disco","street":"Calle Ignacio Sánchez Mejías","number":"113","osm_id":"way/1169334178"},"geometry":{"type":"Polygon","coordinates":[[[-5.9957671,37.370349],[-5.9957653,37.3703124],[-5.9954882,37.3703237],[-5.995491,37.3703604],[-5.9957671,37.370349]]]}},{"type":"Feature","properties":{"row":3,"col":77,"name":"Carvajal Ramirez Armando Carlos","street":"Calle Joselito el Gallo","number":"177","osm_id":"way/1169317922"},"geometry":{"type":"Polygon","coordinates":[[[-6.0026922,37.3704322],[-6.0027359,37.3704383],[-6.0027857,37.3702135],[-6.0027427,37.3702075],[-6.0027255,37.3702841],[-6.0027173,37.3703206],[-6.0026922,37.3704322]]]}},{"type":"Feature","properties":{"row":3,"col":78,"name":"Colegio Oficial de Aparejadores","street":"Calle Pepe Hillo","number":"1","osm_id":"way/1164882167"},"geometry":{"type":"Polygon","coordinates":[[[-5.9976111,37.3704332],[-5.9976563,37.370241],[-5.9975463,37.370224],[-5.9975079,37.3702165],[-5.9975038,37.3704098],[-5.9976111,37.3704332]]]}},{"type":"Feature","properties":{"row":3,"col":79,"name":"Del Pino Lazaro Pilar","street":"Calle Joselito el Gallo","number":"80","osm_id":"way/1166212863"},"geometry":{"type":"Polygon","coordinates":[[[-5.9998493,37.3702848],[-5.9998081,37.3702787],[-5.9997816,37.3703882],[-5.9998246,37.3703949],[-5.9998493,37.3702848]]]}},{"type":"Feature","properties":{"row":3,"col":80,"name":"Los Palitroques","street":"Calle Pepe Luis Vázquez","number":"37","osm_id":"way/1164882073"},"geometry":{"type":"Polygon","coordinates":[[[-5.9992312,37.3703525],[-5.9992406,37.3703101],[-5.999192,37.3703041],[-5.9991421,37.3702978],[-5.9990925,37.3702916],[-5.9990832,37.3703328],[-5.9992312,37.3703525]]]}},{"type":"Feature","properties":{"row":3,"col":81,"name":"Zalvide Alvarez-rementeria Ana","street":"Calle Joselito el Gallo","number":"78","osm_id":"way/1166212862"},"geometry":{"type":"Polygon","coordinates":[[[-5.9998081,37.3702787],[-5.9997612,37.3702717],[-5.9997356,37.3703811],[-5.9997816,37.3703882],[-5.9998081,37.3702787]]]}},{"type":"Feature","properties":{"row":3,"col":82,"name":"Tagarete","street":"Calle Ignacio Sánchez Mejías","number":"88","osm_id":"way/1169334206"},"geometry":{"type":"Polygon","coordinates":[[[-5.9960232,37.3703043],[-5.9960259,37.3703416],[-5.9962694,37.3703348],[-5.9962669,37.370297],[-5.9960232,37.3703043]]]}},{"type":"Feature","properties":{"row":3,"col":83,"name":"Hidalgo Serrano Emilio","street":"Calle Joselito el Gallo","number":"76","osm_id":"way/1166212861"},"geometry":{"type":"Polygon","coordinates":[[[-5.9997612,37.3702717],[-5.9997135,37.3702646],[-5.9996892,37.3703739],[-5.9997356,37.3703811],[-5.9997612,37.3702717]]]}},{"type":"Feature","properties":{"row":3,"col":84,"name":"Los Tiesos y el Americano","street":"Calle Joselito el Gallo","number":"167","osm_id":"way/1169318058"},"geometry":{"type":"Polygon","coordinates":[[[-6.0021546,37.3703505],[-6.0022233,37.3703598],[-6.0022445,37.3702519],[-6.0021742,37.3702432],[-6.0021546,37.3703505]]]}},{"type":"Feature","properties":{"row":3,"col":85,"name":"Real Circulo de Labradores","street":"Calle Gitanito de Triana","number":"5","osm_id":"way/1164882154"},"geometry":{"type":"Polygon","coordinates":[[[-5.99786,37.370469],[-5.9982353,37.3705206],[-5.998272,37.3703456],[-5.9982889,37.3702647],[-5.9983332,37.3700632],[-5.9979613,37.3700084],[-5.99786,37.370469]]]}},{"type":"Feature","properties":{"row":3,"col":86,"name":"Arenados Bringas Pilar","street":"Calle Joselito el Gallo","number":"74","osm_id":"way/1166212860"},"geometry":{"type":"Polygon","coordinates":[[[-5.9997135,37.3702646],[-5.9996683,37.3702578],[-5.9996436,37.3703668],[-5.9996892,37.3703739],[-5.9997135,37.3702646]]]}},{"type":"Feature","properties":{"row":3,"col":87,"name":"El Monton de Manila","street":"Calle Costillares","number":"37","osm_id":"way/1169317897"},"geometry":{"type":"Polygon","coordinates":[[[-6.0034305,37.3703037],[-6.0036548,37.3703416],[-6.0036614,37.3703042],[-6.0034374,37.3702726],[-6.0034305,37.3703037]]]}},{"type":"Feature","properties":{"row":3,"col":88,"name":"Fernandez Vial Enrique","street":"Calle Joselito el Gallo","number":"165","osm_id":"way/1169318059"},"geometry":{"type":"Polygon","coordinates":[[[-6.002101,37.3703432],[-6.0021546,37.3703505],[-6.0021742,37.3702432],[-6.0021207,37.3702366],[-6.002101,37.3703432]]]}},{"type":"Feature","properties":{"row":3,"col":89,"name":"Cerro del Aguila C.c. y Dvo.","street":"Calle Ignacio Sánchez Mejías","number":"111","osm_id":"way/1169334177"},"geometry":{"type":"Polygon","coordinates":[[[-5.9957653,37.3703124],[-5.9957634,37.3702757],[-5.9954853,37.3702847],[-5.9954882,37.3703237],[-5.9957653,37.3703124]]]}},{"type":"Feature","properties":{"row":3,"col":90,"name":"Lopez Martin Maria de los Reyes","street":"Calle Joselito el Gallo","number":"72","osm_id":"way/1166212859"},"geometry":{"type":"Polygon","coordinates":[[[-5.9996683,37.3702578],[-5.999625,37.3702513],[-5.9995979,37.3703597],[-5.9996436,37.3703668],[-5.9996683,37.3702578]]]}},{"type":"Feature","properties":{"row":3,"col":91,"name":"Actitud Endesa","street":"Calle Joselito el Gallo","number":"163","osm_id":"way/1169318060"},"geometry":{"type":"Polygon","coordinates":[[[-6.00205,37.3703362],[-6.002101,37.3703432],[-6.0021207,37.3702366],[-6.0020713,37.3702304],[-6.00205,37.3703362]]]}},{"type":"Feature","properties":{"row":3,"col":92,"name":"Los del 92","street":"Calle Antonio Bienvenida","number":"49","osm_id":"way/1164882023"},"geometry":{"type":"Polygon","coordinates":[[[-5.9970221,37.3703077],[-5.9970202,37.3702675],[-5.9966707,37.3702783],[-5.9966726,37.3703184],[-5.9970221,37.3703077]]]}},{"type":"Feature","properties":{"row":3,"col":93,"name":"La Cancilleria","street":"Calle Joselito el Gallo","number":"66","osm_id":"way/1166212858"},"geometry":{"type":"Polygon","coordinates":[[[-5.999625,37.3702513],[-5.9995492,37.37024],[-5.9995264,37.3703486],[-5.9995979,37.3703597],[-5.999625,37.3702513]]]}},{"type":"Feature","properties":{"row":3,"col":94,"name":"Bombita 32","street":"Calle Ricardo Torres Bombita","number":"32","osm_id":"way/1169317925"},"geometry":{"type":"Polygon","coordinates":[[[-6.0025349,37.3702584],[-6.0025277,37.3702949],[-6.0026661,37.3703131],[-6.0027173,37.3703206],[-6.0027255,37.3702841],[-6.0025349,37.3702584]]]}},{"type":"Feature","properties":{"row":3,"col":95,"name":"La Granja","street":"Calle Joselito el Gallo","number":"54","osm_id":"way/1164882093"},"geometry":{"type":"Polygon","coordinates":[[[-5.9989775,37.3701581],[-5.9989335,37.3703565],[-5.9989294,37.3703767],[-5.9989764,37.3703815],[-5.9989806,37.3703632],[-5.9990257,37.3701652],[-5.9989775,37.3701581]]]}},{"type":"Feature","properties":{"row":3,"col":96,"name":"Perez Lopez Sebastian","street":"Calle Ignacio Sánchez Mejías","number":"86","osm_id":"way/1169334207"},"geometry":{"type":"Polygon","coordinates":[[[-5.9960206,37.370267],[-5.9960232,37.3703043],[-5.9962669,37.370297],[-5.9962644,37.3702591],[-5.9960206,37.370267]]]}},{"type":"Feature","properties":{"row":3,"col":97,"name":"Los Veinte del Arte","street":"Calle Costillares","number":"39","osm_id":"way/1169317898"},"geometry":{"type":"Polygon","coordinates":[[[-6.0034374,37.3702726],[-6.0036614,37.3703042],[-6.0036688,37.3702627],[-6.0034462,37.3702334],[-6.0034374,37.3702726]]]}},{"type":"Feature","properties":{"row":3,"col":98,"name":"Muela Martin-buitrago Elisa","street":"Calle Joselito el Gallo","number":"58","osm_id":"way/1164882091"},"geometry":{"type":"Polygon","coordinates":[[[-5.9990739,37.3701723],[-5.9990285,37.3703601],[-5.9990756,37.3703666],[-5.9990832,37.3703328],[-5.9990925,37.3702916],[-5.9991178,37.3701788],[-5.9990739,37.3701723]]]}},{"type":"Feature","properties":{"row":3,"col":99,"name":"Union Deportiva Bellavista","street":"Calle Ignacio Sánchez Mejías","number":"109","osm_id":"way/1169334176"},"geometry":{"type":"Polygon","coordinates":[[[-5.9957634,37.3702757],[-5.9957618,37.3702428],[-5.9954827,37.3702515],[-5.9954853,37.3702847],[-5.9957634,37.3702757]]]}},{"type":"Feature","properties":{"row":4,"col":0,"name":"Arena y Farolillos","street":"Calle Joselito el Gallo","number":"56","osm_id":"way/1164882092"},"geometry":{"type":"Polygon","coordinates":[[[-5.9990257,37.3701652],[-5.9989806,37.3703632],[-5.999026,37.3703703],[-5.9990285,37.3703601],[-5.9990739,37.3701723],[-5.9990257,37.3701652]]]}},{"type":"Feature","properties":{"row":4,"col":1,"name":"Buhardilla Municipal","street":"Calle Joselito el Gallo","number":"143","osm_id":"way/1169318064"},"geometry":{"type":"Polygon","coordinates":[[[-6.0016901,37.3702869],[-6.0017075,37.3702051],[-6.001681,37.3702016],[-6.0016246,37.370194],[-6.0016072,37.3702758],[-6.0016901,37.3702869]]]}},{"type":"Feature","properties":{"row":4,"col":2,"name":"Peña los Aceituneros","street":"Calle Joselito el Gallo","number":"64","osm_id":"way/1164882088"},"geometry":{"type":"Polygon","coordinates":[[[-5.9992141,37.370193],[-5.999192,37.3703041],[-5.9992406,37.3703101],[-5.999264,37.3702004],[-5.9992141,37.370193]]]}},{"type":"Feature","properties":{"row":4,"col":3,"name":"Los Amigos de la Comunicacion","street":"Calle Joselito el Gallo","number":"159","osm_id":"way/1169318070"},"geometry":{"type":"Polygon","coordinates":[[[-6.0020032,37.3703298],[-6.0020512,37.3701116],[-6.0020032,37.3701048],[-6.0019567,37.3703235],[-6.0020032,37.3703298]]]}},{"type":"Feature","properties":{"row":4,"col":4,"name":"El Cencerro","street":"Calle Joselito el Gallo","number":"157","osm_id":"way/1169318069"},"geometry":{"type":"Polygon","coordinates":[[[-6.0019567,37.3703235],[-6.0020032,37.3701048],[-6.0019572,37.3700983],[-6.0019134,37.3703176],[-6.0019567,37.3703235]]]}},{"type":"Feature","properties":{"row":4,"col":5,"name":"Asociacion Peña Joselito el Gallo 52","street":"Calle Joselito el Gallo","number":"52","osm_id":"way/1164882094"},"geometry":{"type":"Polygon","coordinates":[[[-5.9989328,37.3701515],[-5.9988886,37.3703501],[-5.9989335,37.3703565],[-5.9989775,37.3701581],[-5.9989328,37.3701515]]]}},{"type":"Feature","properties":{"row":4,"col":6,"name":"Palma Alonso Andres","street":"Calle Joselito el Gallo","number":"62","osm_id":"way/1164882089"},"geometry":{"type":"Polygon","coordinates":[[[-5.9991624,37.3701854],[-5.9991421,37.3702978],[-5.999192,37.3703041],[-5.9992141,37.370193],[-5.9991624,37.3701854]]]}},{"type":"Feature","properties":{"row":4,"col":7,"name":"Club de Rugby Divina Pastora","street":"Calle Ignacio Sánchez Mejías","number":"107","osm_id":"way/1169334175"},"geometry":{"type":"Polygon","coordinates":[[[-5.9957618,37.3702428],[-5.9957597,37.3702027],[-5.9954797,37.3702109],[-5.9954827,37.3702515],[-5.9957618,37.3702428]]]}},{"type":"Feature","properties":{"row":4,"col":8,"name":"Casa de Granada","street":"Calle Antonio Bienvenida","number":"51","osm_id":"way/1164882205"},"geometry":{"type":"Polygon","coordinates":[[[-5.9970167,37.3701955],[-5.9966671,37.3702033],[-5.9966707,37.3702783],[-5.9970202,37.3702675],[-5.9970167,37.3701955]]]}},{"type":"Feature","properties":{"row":4,"col":9,"name":"El Camarote","street":"Calle Joselito el Gallo","number":"50","osm_id":"way/1164882095"},"geometry":{"type":"Polygon","coordinates":[[[-5.9988851,37.3701445],[-5.9988387,37.370343],[-5.9988886,37.3703501],[-5.9989328,37.3701515],[-5.9988851,37.3701445]]]}},{"type":"Feature","properties":{"row":4,"col":10,"name":"Peña Andalucia","street":"Calle Joselito el Gallo","number":"60","osm_id":"way/1164882090"},"geometry":{"type":"Polygon","coordinates":[[[-5.9991178,37.3701788],[-5.9990925,37.3702916],[-5.9991421,37.3702978],[-5.9991624,37.3701854],[-5.9991178,37.3701788]]]}},{"type":"Feature","properties":{"row":4,"col":11,"name":"Bombita 31","street":"Calle Ricardo Torres Bombita","number":"31","osm_id":"way/1169318061"},"geometry":{"type":"Polygon","coordinates":[[[-6.0022519,37.3702141],[-6.0020786,37.3701942],[-6.0020713,37.3702304],[-6.0021207,37.3702366],[-6.0021742,37.3702432],[-6.0022445,37.3702519],[-6.0022519,37.3702141]]]}},{"type":"Feature","properties":{"row":4,"col":12,"name":"Copiti Sevilla","street":"Calle Costillares","number":"34","osm_id":"way/1169337979"},"geometry":{"type":"Polygon","coordinates":[[[-6.0042843,37.3702925],[-6.004313,37.3701525],[-6.0040695,37.3701251],[-6.0040459,37.3702672],[-6.0042843,37.3702925]]]}},{"type":"Feature","properties":{"row":4,"col":13,"name":"Los del 48","street":"Calle Costillares","number":"41","osm_id":"way/1169317899"},"geometry":{"type":"Polygon","coordinates":[[[-6.0034462,37.3702334],[-6.0036688,37.3702627],[-6.0036755,37.3702253],[-6.0035517,37.370209],[-6.0035052,37.3702028],[-6.0034545,37.3701961],[-6.0034462,37.3702334]]]}},{"type":"Feature","properties":{"row":4,"col":14,"name":"Acedra","street":"Calle Ignacio Sánchez Mejías","number":"82","osm_id":"way/1169334208"},"geometry":{"type":"Polygon","coordinates":[[[-5.9960157,37.3701983],[-5.9960206,37.370267],[-5.9962644,37.3702591],[-5.99626,37.3701919],[-5.9960157,37.3701983]]]}},{"type":"Feature","properties":{"row":4,"col":15,"name":"Club Banco Popular","street":"Calle Ricardo Torres Bombita","number":"34","osm_id":"way/1169317926"},"geometry":{"type":"Polygon","coordinates":[[[-6.0025501,37.3701814],[-6.0025349,37.3702584],[-6.0027255,37.3702841],[-6.0027427,37.3702075],[-6.0025501,37.3701814]]]}},{"type":"Feature","properties":{"row":4,"col":16,"name":"Hermandad de los Gitanos","street":"Calle Juan Belmonte","number":"204","osm_id":"way/1169317903"},"geometry":{"type":"Polygon","coordinates":[[[-6.0033893,37.3702979],[-6.0034305,37.3703037],[-6.0034374,37.3702726],[-6.0034462,37.3702334],[-6.0034545,37.3701961],[-6.0034807,37.3700787],[-6.0034392,37.3700725],[-6.0033893,37.3702979]]]}},{"type":"Feature","properties":{"row":4,"col":17,"name":"Distrito Cerro-amate","street":"Calle Juan Belmonte","number":"196","osm_id":"way/1169317910"},"geometry":{"type":"Polygon","coordinates":[[[-6.0032005,37.3702715],[-6.0032432,37.3702775],[-6.0032882,37.3702838],[-6.0033395,37.370291],[-6.0033872,37.3700648],[-6.0032514,37.3700446],[-6.0032005,37.3702715]]]}},{"type":"Feature","properties":{"row":4,"col":18,"name":"El Patio de la Chacha","street":"Calle Joselito el Gallo","number":"151","osm_id":"way/1169318067"},"geometry":{"type":"Polygon","coordinates":[[[-6.0018178,37.3703045],[-6.0018645,37.3700853],[-6.0018163,37.3700785],[-6.0017696,37.3702979],[-6.0018178,37.3703045]]]}},{"type":"Feature","properties":{"row":4,"col":19,"name":"Excmo. Ateneo de Sevilla","street":"Calle Joselito el Gallo","number":"44","osm_id":"way/1164882096"},"geometry":{"type":"Polygon","coordinates":[[[-5.9987496,37.3701246],[-5.9987084,37.3703244],[-5.9988387,37.370343],[-5.9988851,37.3701445],[-5.9987496,37.3701246]]]}},{"type":"Feature","properties":{"row":4,"col":20,"name":"Club 2001","street":"Calle Joselito el Gallo","number":"149","osm_id":"way/1169318066"},"geometry":{"type":"Polygon","coordinates":[[[-6.0017696,37.3702979],[-6.0018163,37.3700785],[-6.0017723,37.3700723],[-6.0017274,37.3702922],[-6.0017696,37.3702979]]]}},{"type":"Feature","properties":{"row":4,"col":21,"name":"Quien Sabe Ande","street":"Calle Juan Belmonte","number":"202","osm_id":"way/1169317904"},"geometry":{"type":"Polygon","coordinates":[[[-6.0033893,37.3702979],[-6.0034392,37.3700725],[-6.0033872,37.3700648],[-6.0033395,37.370291],[-6.0033893,37.3702979]]]}},{"type":"Feature","properties":{"row":4,"col":22,"name":"Club Bancaya Sevilla","street":"Calle Joselito el Gallo","number":"153","osm_id":"way/1169318068"},"geometry":{"type":"Polygon","coordinates":[[[-6.0019134,37.3703176],[-6.0019572,37.3700983],[-6.0019079,37.3700914],[-6.0018645,37.3700853],[-6.0018178,37.3703045],[-6.0019134,37.3703176]]]}},{"type":"Feature","properties":{"row":4,"col":23,"name":"Bellon Gomez Candido","street":"Calle Joselito el Gallo","number":"42","osm_id":"way/1164882097"},"geometry":{"type":"Polygon","coordinates":[[[-5.9987021,37.3701176],[-5.9986608,37.3703177],[-5.9987084,37.3703244],[-5.9987496,37.3701246],[-5.9987021,37.3701176]]]}},{"type":"Feature","properties":{"row":4,"col":24,"name":"La Pergolita","street":"Calle Joselito el Gallo","number":"161","osm_id":"way/1169318071"},"geometry":{"type":"Polygon","coordinates":[[[-6.0020941,37.3701176],[-6.0020512,37.3701116],[-6.0020032,37.3703298],[-6.00205,37.3703362],[-6.0020713,37.3702304],[-6.0020786,37.3701942],[-6.0020862,37.3701564],[-6.0020941,37.3701176]]]}},{"type":"Feature","properties":{"row":4,"col":25,"name":"La Ventila","street":"Calle Ignacio Sánchez Mejías","number":"105","osm_id":"way/1169334174"},"geometry":{"type":"Polygon","coordinates":[[[-5.9957597,37.3702027],[-5.995758,37.3701676],[-5.9954317,37.3701787],[-5.9954335,37.3702122],[-5.9954797,37.3702109],[-5.9957597,37.3702027]]]}},{"type":"Feature","properties":{"row":4,"col":26,"name":"Pepe Hillo 11","street":"Calle Pepe Hillo","number":"11","osm_id":"way/1164882166"},"geometry":{"type":"Polygon","coordinates":[[[-5.9975079,37.3702165],[-5.9975463,37.370224],[-5.9975535,37.370179],[-5.9976664,37.3701977],[-5.9976724,37.370172],[-5.9975093,37.3701509],[-5.9975079,37.3702165]]]}},{"type":"Feature","properties":{"row":4,"col":27,"name":"Aznar Martin Antonio","street":"Calle Joselito el Gallo","number":"40","osm_id":"way/1164882098"},"geometry":{"type":"Polygon","coordinates":[[[-5.9986605,37.3701114],[-5.998612,37.3703107],[-5.9986608,37.3703177],[-5.9987021,37.3701176],[-5.9986605,37.3701114]]]}},{"type":"Feature","properties":{"row":4,"col":28,"name":"Planas","street":"Calle Joselito el Gallo","number":"38","osm_id":"way/1164882099"},"geometry":{"type":"Polygon","coordinates":[[[-5.9986117,37.3701042],[-5.9985671,37.3703043],[-5.998612,37.3703107],[-5.9986605,37.3701114],[-5.9986117,37.3701042]]]}},{"type":"Feature","properties":{"row":4,"col":29,"name":"Los Cuarenta Principales","street":"Calle Ricardo Torres Bombita","number":"33","osm_id":"way/1169318062"},"geometry":{"type":"Polygon","coordinates":[[[-6.0022588,37.3701791],[-6.0020862,37.3701564],[-6.0020786,37.3701942],[-6.0022519,37.3702141],[-6.0022588,37.3701791]]]}},{"type":"Feature","properties":{"row":4,"col":30,"name":"La Pareja","street":"Calle Juan Belmonte","number":"176","osm_id":"way/1169317932"},"geometry":{"type":"Polygon","coordinates":[[[-6.0031093,37.3702588],[-6.0031573,37.3700306],[-6.0027945,37.3699767],[-6.0027676,37.3700968],[-6.0027592,37.3701337],[-6.0027506,37.3701724],[-6.0027427,37.3702075],[-6.0027857,37.3702135],[-6.0028294,37.3702196],[-6.0028769,37.3702263],[-6.0029234,37.3702328],[-6.0029697,37.3702393],[-6.0030187,37.3702461],[-6.0030642,37.3702525],[-6.0031093,37.3702588]]]}},{"type":"Feature","properties":{"row":4,"col":31,"name":"Club Cultural Guadalquivir","street":"Calle Joselito el Gallo","number":"36","osm_id":"way/1164882100"},"geometry":{"type":"Polygon","coordinates":[[[-5.9985678,37.3700978],[-5.9985212,37.3702978],[-5.9985671,37.3703043],[-5.9986117,37.3701042],[-5.9985678,37.3700978]]]}},{"type":"Feature","properties":{"row":4,"col":32,"name":"Los Pindongos","street":"Calle Juan Belmonte","number":"194","osm_id":"way/1169317911"},"geometry":{"type":"Polygon","coordinates":[[[-6.0031587,37.3702657],[-6.0032005,37.3702715],[-6.0032514,37.3700446],[-6.0032055,37.3700378],[-6.0031587,37.3702657]]]}},{"type":"Feature","properties":{"row":4,"col":33,"name":"La Tortuga","street":"Calle Joselito el Gallo","number":"139","osm_id":"way/1169318087"},"geometry":{"type":"Polygon","coordinates":[[[-6.0014908,37.3702599],[-6.0015402,37.3702666],[-6.0015868,37.3700462],[-6.0015397,37.3700396],[-6.0014908,37.3702599]]]}},{"type":"Feature","properties":{"row":4,"col":34,"name":"El Palomar","street":"Calle Joselito el Gallo","number":"125","osm_id":"way/1169318096"},"geometry":{"type":"Polygon","coordinates":[[[-6.0011763,37.3702169],[-6.0012232,37.3702233],[-6.0012468,37.3701103],[-6.0011988,37.3701043],[-6.0011763,37.3702169]]]}},{"type":"Feature","properties":{"row":4,"col":35,"name":"Los Jovenes Carrozas","street":"Calle Antonio Bienvenida","number":"55","osm_id":"way/1164882206"},"geometry":{"type":"Polygon","coordinates":[[[-5.997015,37.3701586],[-5.9967701,37.3701628],[-5.9966653,37.3701661],[-5.9966671,37.3702033],[-5.9970167,37.3701955],[-5.997015,37.3701586]]]}},{"type":"Feature","properties":{"row":4,"col":36,"name":"Tos Palante","street":"Calle Joselito el Gallo","number":"34","osm_id":"way/1164882101"},"geometry":{"type":"Polygon","coordinates":[[[-5.9985183,37.3700905],[-5.9984738,37.370291],[-5.9985212,37.3702978],[-5.9985678,37.3700978],[-5.9985183,37.3700905]]]}},{"type":"Feature","properties":{"row":4,"col":37,"name":"Pi Guerra Francisco","street":"Calle Juan Belmonte","number":"192","osm_id":"way/1169317912"},"geometry":{"type":"Polygon","coordinates":[[[-6.0031587,37.3702657],[-6.0032055,37.3700378],[-6.0031573,37.3700306],[-6.0031093,37.3702588],[-6.0031587,37.3702657]]]}},{"type":"Feature","properties":{"row":4,"col":38,"name":"Las Golondrinas","street":"Calle Joselito el Gallo","number":"147","osm_id":"way/1169318065"},"geometry":{"type":"Polygon","coordinates":[[[-6.0017274,37.3702922],[-6.0017723,37.3700723],[-6.0017296,37.3700663],[-6.0016981,37.3700619],[-6.0016866,37.3701184],[-6.0016978,37.3701198],[-6.001681,37.3702016],[-6.0017075,37.3702051],[-6.0016901,37.3702869],[-6.0017274,37.3702922]]]}},{"type":"Feature","properties":{"row":4,"col":39,"name":"Los 60","street":"Calle Ignacio Sánchez Mejías","number":"80","osm_id":"way/1169334209"},"geometry":{"type":"Polygon","coordinates":[[[-5.9960129,37.3701584],[-5.9960157,37.3701983],[-5.99626,37.3701919],[-5.9962573,37.3701513],[-5.9960129,37.3701584]]]}},{"type":"Feature","properties":{"row":4,"col":40,"name":"Proveedora de Aluminio S.a.","street":"Calle Ricardo Torres Bombita","number":"38","osm_id":"way/1169317927"},"geometry":{"type":"Polygon","coordinates":[[[-6.0025573,37.3701449],[-6.0025501,37.3701814],[-6.0027427,37.3702075],[-6.0027506,37.3701724],[-6.0025573,37.3701449]]]}},{"type":"Feature","properties":{"row":4,"col":41,"name":"Emvisesa","street":"Calle Juan Belmonte","number":"210","osm_id":"way/1169317900"},"geometry":{"type":"Polygon","coordinates":[[[-6.0035517,37.370209],[-6.0036755,37.3702253],[-6.0036959,37.3701107],[-6.0035776,37.3700931],[-6.0035517,37.370209]]]}},{"type":"Feature","properties":{"row":4,"col":42,"name":"Guillen Soriano Francisco","street":"Calle Joselito el Gallo","number":"30","osm_id":"way/1164882102"},"geometry":{"type":"Polygon","coordinates":[[[-5.9984298,37.3700774],[-5.9983848,37.3702784],[-5.9984738,37.370291],[-5.9985183,37.3700905],[-5.9984298,37.3700774]]]}},{"type":"Feature","properties":{"row":4,"col":43,"name":"Gutierrez Rubio Miguel","street":"Calle Juan Belmonte","number":"208","osm_id":"way/1169317901"},"geometry":{"type":"Polygon","coordinates":[[[-6.0035052,37.3702028],[-6.0035517,37.370209],[-6.0035776,37.3700931],[-6.0035286,37.3700858],[-6.0035052,37.3702028]]]}},{"type":"Feature","properties":{"row":4,"col":44,"name":"Estudio 45","street":"Calle Juan Belmonte","number":"206","osm_id":"way/1169317902"},"geometry":{"type":"Polygon","coordinates":[[[-6.0034545,37.3701961],[-6.0035052,37.3702028],[-6.0035286,37.3700858],[-6.0034807,37.3700787],[-6.0034545,37.3701961]]]}},{"type":"Feature","properties":{"row":4,"col":45,"name":"Los Solteros","street":"Calle Joselito el Gallo","number":"131","osm_id":"way/1169318092"},"geometry":{"type":"Polygon","coordinates":[[[-6.0013076,37.3702349],[-6.0013981,37.3702472],[-6.0014495,37.3700269],[-6.0013594,37.3700142],[-6.0013076,37.3702349]]]}},{"type":"Feature","properties":{"row":4,"col":46,"name":"El Machacante","street":"Calle Joselito el Gallo","number":"26","osm_id":"way/1164882134"},"geometry":{"type":"Polygon","coordinates":[[[-5.9983332,37.3700632],[-5.9982889,37.3702647],[-5.9983848,37.3702784],[-5.9984298,37.3700774],[-5.9983332,37.3700632]]]}},{"type":"Feature","properties":{"row":4,"col":47,"name":"Club Santa Clara","street":"Calle Joselito el Gallo","number":"141","osm_id":"way/1169318085"},"geometry":{"type":"Polygon","coordinates":[[[-6.0015402,37.3702666],[-6.0016072,37.3702758],[-6.0016246,37.370194],[-6.0016415,37.3701135],[-6.0016866,37.3701184],[-6.0016981,37.3700619],[-6.0016781,37.3700591],[-6.0016305,37.3700524],[-6.0015868,37.3700462],[-6.0015402,37.3702666]]]}},{"type":"Feature","properties":{"row":4,"col":48,"name":"Manuel Andrade","street":"Calle Ricardo Torres Bombita","number":"35","osm_id":"way/1169318063"},"geometry":{"type":"Polygon","coordinates":[[[-6.0022672,37.3701365],[-6.0020941,37.3701176],[-6.0020862,37.3701564],[-6.0022588,37.3701791],[-6.0022672,37.3701365]]]}},{"type":"Feature","properties":{"row":4,"col":49,"name":"Club Caja Rural (caruse)","street":"Calle Joselito el Gallo","number":"135","osm_id":"way/1169318090"},"geometry":{"type":"Polygon","coordinates":[[[-6.0013981,37.3702472],[-6.0014908,37.3702599],[-6.0015397,37.3700396],[-6.0014934,37.3700331],[-6.0014495,37.3700269],[-6.0013981,37.3702472]]]}},{"type":"Feature","properties":{"row":4,"col":50,"name":"Mercasevilla S.a.","street":"Calle Joselito el Gallo","number":"119","osm_id":"way/1169318097"},"geometry":{"type":"Polygon","coordinates":[[[-6.0010785,37.3700889],[-6.0010568,37.3702006],[-6.0011763,37.3702169],[-6.0011988,37.3701043],[-6.0010785,37.3700889]]]}},{"type":"Feature","properties":{"row":4,"col":51,"name":"Centroban G.e.","street":"Calle Ignacio Sánchez Mejías","number":"101","osm_id":"way/1169334173"},"geometry":{"type":"Polygon","coordinates":[[[-5.995758,37.3701676],[-5.9957544,37.3700966],[-5.9954213,37.3701069],[-5.9954193,37.3700654],[-5.9954155,37.3699978],[-5.9953158,37.3700011],[-5.9953293,37.3702534],[-5.9954355,37.3702498],[-5.9954335,37.3702122],[-5.9954317,37.3701787],[-5.995758,37.3701676]]]}},{"type":"Feature","properties":{"row":4,"col":52,"name":"Bomberos (reten Principal de Feria)","street":"Calle Antonio Bienvenida","number":"57","osm_id":"way/1164882207"},"geometry":{"type":"Polygon","coordinates":[[[-5.9970132,37.3701213],[-5.996841,37.3701242],[-5.9967689,37.3701254],[-5.9967701,37.3701628],[-5.997015,37.3701586],[-5.9970132,37.3701213]]]}},{"type":"Feature","properties":{"row":4,"col":53,"name":"Pepe Hillo 15","street":"Calle Pepe Hillo","number":"13","osm_id":"way/1164882178"},"geometry":{"type":"Polygon","coordinates":[[[-5.9976724,37.370172],[-5.9976895,37.3700995],[-5.9975108,37.3700763],[-5.9975093,37.3701509],[-5.9976724,37.370172]]]}},{"type":"Feature","properties":{"row":4,"col":54,"name":"La Cachifa","street":"Calle Ricardo Torres Bombita","number":"40","osm_id":"way/1169317928"},"geometry":{"type":"Polygon","coordinates":[[[-6.002565,37.370106],[-6.0025573,37.3701449],[-6.0027506,37.3701724],[-6.0027592,37.3701337],[-6.002565,37.370106]]]}},{"type":"Feature","properties":{"row":4,"col":55,"name":"Los Rocieros por el Mundo","street":"Calle Ignacio Sánchez Mejías","number":"78","osm_id":"way/1169334210"},"geometry":{"type":"Polygon","coordinates":[[[-5.9960101,37.3701185],[-5.9960129,37.3701584],[-5.9962573,37.3701513],[-5.9962546,37.3701107],[-5.9960101,37.3701185]]]}},{"type":"Feature","properties":{"row":4,"col":56,"name":"Los Amigos de la Caña","street":"Calle Costillares","number":"40","osm_id":"way/1169337978"},"geometry":{"type":"Polygon","coordinates":[[[-6.004313,37.3701525],[-6.0043206,37.3701157],[-6.0040756,37.3700885],[-6.0040695,37.3701251],[-6.004313,37.3701525]]]}},{"type":"Feature","properties":{"row":4,"col":57,"name":"El Acoplador","street":"Calle Jiménez Chicuelo","number":"33","osm_id":"way/1166219378"},"geometry":{"type":"Polygon","coordinates":[[[-6.0006021,37.3701324],[-6.0007816,37.370158],[-6.0007975,37.3700824],[-6.000619,37.370058],[-6.0006021,37.3701324]]]}},{"type":"Feature","properties":{"row":4,"col":58,"name":"Los Asomaitos","street":"Calle Ricardo Torres Bombita","number":"37","osm_id":"way/1169318072"},"geometry":{"type":"Polygon","coordinates":[[[-6.0022741,37.3701015],[-6.0021011,37.3700827],[-6.0020941,37.3701176],[-6.0022672,37.3701365],[-6.0022741,37.3701015]]]}},{"type":"Feature","properties":{"row":4,"col":59,"name":"Antonio Bienvenida 59","street":"Calle Antonio Bienvenida","number":"59","osm_id":"way/1164882208"},"geometry":{"type":"Polygon","coordinates":[[[-5.9970115,37.3700864],[-5.9968405,37.3700881],[-5.996841,37.3701242],[-5.9970132,37.3701213],[-5.9970115,37.3700864]]]}},{"type":"Feature","properties":{"row":4,"col":60,"name":"Leon Gomez Antonio","street":"Calle Ricardo Torres Bombita","number":"42","osm_id":"way/1169317929"},"geometry":{"type":"Polygon","coordinates":[[[-6.0025723,37.3700689],[-6.002565,37.370106],[-6.0027592,37.3701337],[-6.0027676,37.3700968],[-6.0026724,37.3700832],[-6.0025723,37.3700689]]]}},{"type":"Feature","properties":{"row":4,"col":61,"name":"Los Liaos","street":"Calle Ignacio Sánchez Mejías","number":"76","osm_id":"way/1169334211"},"geometry":{"type":"Polygon","coordinates":[[[-5.9960073,37.3700786],[-5.9960101,37.3701185],[-5.9962546,37.3701107],[-5.9962519,37.37007],[-5.9960073,37.3700786]]]}},{"type":"Feature","properties":{"row":4,"col":62,"name":"Asaja-sevilla","street":"Calle Antonio Bienvenida","number":"61","osm_id":"way/1164882209"},"geometry":{"type":"Polygon","coordinates":[[[-5.9970097,37.3700483],[-5.9967666,37.3700536],[-5.9967689,37.3701254],[-5.996841,37.3701242],[-5.9968405,37.3700881],[-5.9970115,37.3700864],[-5.9970097,37.3700483]]]}},{"type":"Feature","properties":{"row":4,"col":63,"name":"El Castillo","street":"Calle Ignacio Sánchez Mejías","number":"99","osm_id":"way/1169334172"},"geometry":{"type":"Polygon","coordinates":[[[-5.9957544,37.3700966],[-5.9957525,37.3700589],[-5.9954703,37.3700644],[-5.9954193,37.3700654],[-5.9954213,37.3701069],[-5.9957544,37.3700966]]]}},{"type":"Feature","properties":{"row":4,"col":64,"name":"Caseta Mañana's","street":"Calle Costillares","number":"42","osm_id":"way/1169337977"},"geometry":{"type":"Polygon","coordinates":[[[-6.0043206,37.3701157],[-6.0043335,37.3700527],[-6.0040857,37.3700276],[-6.0040756,37.3700885],[-6.0043206,37.3701157]]]}},{"type":"Feature","properties":{"row":4,"col":65,"name":"Los Amigos de Paco Tenot","street":"Calle Jiménez Chicuelo","number":"32","osm_id":"way/1169318098"},"geometry":{"type":"Polygon","coordinates":[[[-6.001086,37.3700505],[-6.0010785,37.3700889],[-6.0011988,37.3701043],[-6.0012468,37.3701103],[-6.0012546,37.3700731],[-6.001086,37.3700505]]]}},{"type":"Feature","properties":{"row":4,"col":66,"name":"Club 375","street":"Calle Joselito el Gallo","number":"127","osm_id":"way/1169318093"},"geometry":{"type":"Polygon","coordinates":[[[-6.0013594,37.3700142],[-6.001313,37.3700077],[-6.0012695,37.3700016],[-6.0012623,37.370036],[-6.0012546,37.3700731],[-6.0012468,37.3701103],[-6.0012232,37.3702233],[-6.0013076,37.3702349],[-6.0013594,37.3700142]]]}},{"type":"Feature","properties":{"row":4,"col":67,"name":"Los Penultimos","street":"Calle Pepe Hillo","number":"17","osm_id":"way/1164882177"},"geometry":{"type":"Polygon","coordinates":[[[-5.9976895,37.3700995],[-5.9976984,37.3700613],[-5.9975116,37.3700369],[-5.9975108,37.3700763],[-5.9976895,37.3700995]]]}},{"type":"Feature","properties":{"row":4,"col":68,"name":"Los Errantes","street":"Calle Ricardo Torres Bombita","number":"39","osm_id":"way/1169318073"},"geometry":{"type":"Polygon","coordinates":[[[-6.0022808,37.3700675],[-6.0021086,37.3700453],[-6.0021011,37.3700827],[-6.0022741,37.3701015],[-6.0022808,37.3700675]]]}},{"type":"Feature","properties":{"row":4,"col":69,"name":"Cuatro Vientos","street":"Calle Joselito el Gallo","number":"109","osm_id":"way/1166219380"},"geometry":{"type":"Polygon","coordinates":[[[-6.0005099,37.3701193],[-6.0005552,37.3701257],[-6.0005859,37.3699746],[-6.0005409,37.3699684],[-6.0005099,37.3701193]]]}},{"type":"Feature","properties":{"row":4,"col":70,"name":"","street":"Calle Joselito el Gallo","number":"111","osm_id":"way/1166219379"},"geometry":{"type":"Polygon","coordinates":[[[-6.0005552,37.3701257],[-6.0006021,37.3701324],[-6.000619,37.370058],[-6.0006268,37.370018],[-6.0006347,37.3699814],[-6.0005859,37.3699746],[-6.0005552,37.3701257]]]}},{"type":"Feature","properties":{"row":4,"col":71,"name":"Chicuelo 37","street":"Calle Jiménez Chicuelo","number":"37","osm_id":"way/1166219377"},"geometry":{"type":"Polygon","coordinates":[[[-6.0007975,37.3700824],[-6.0008059,37.3700423],[-6.0006268,37.370018],[-6.000619,37.370058],[-6.0007975,37.3700824]]]}},{"type":"Feature","properties":{"row":4,"col":72,"name":"Club P.m.m.","street":"Calle Ignacio Sánchez Mejías","number":"74","osm_id":"way/1169334212"},"geometry":{"type":"Polygon","coordinates":[[[-5.9960045,37.3700402],[-5.9960073,37.3700786],[-5.9962519,37.37007],[-5.9962494,37.3700321],[-5.9960045,37.3700402]]]}},{"type":"Feature","properties":{"row":4,"col":73,"name":"El Taponazo","street":"Calle Ignacio Sánchez Mejías","number":"97","osm_id":"way/1169334171"},"geometry":{"type":"Polygon","coordinates":[[[-5.9957525,37.3700589],[-5.9957506,37.3700212],[-5.9954677,37.3700248],[-5.9954703,37.3700644],[-5.9957525,37.3700589]]]}},{"type":"Feature","properties":{"row":4,"col":74,"name":"Entre Marzo y Abril","street":"Calle Jiménez Chicuelo","number":"34","osm_id":"way/1169318099"},"geometry":{"type":"Polygon","coordinates":[[[-6.0010933,37.370013],[-6.001086,37.3700505],[-6.0012546,37.3700731],[-6.0012623,37.370036],[-6.0010933,37.370013]]]}},{"type":"Feature","properties":{"row":4,"col":75,"name":"A.r.c.a.","street":"Calle Joselito el Gallo","number":"99","osm_id":"way/1166219393"},"geometry":{"type":"Polygon","coordinates":[[[-6.0002804,37.3700866],[-6.000328,37.3700933],[-6.0003589,37.3699498],[-6.0003107,37.3699433],[-6.0002804,37.3700866]]]}},{"type":"Feature","properties":{"row":4,"col":76,"name":"Los Dos Rombos","street":"Calle Ricardo Torres Bombita","number":"41","osm_id":"way/1169318074"},"geometry":{"type":"Polygon","coordinates":[[[-6.0022888,37.3700271],[-6.0022044,37.3700163],[-6.0021168,37.370005],[-6.0021086,37.3700453],[-6.0022808,37.3700675],[-6.0022888,37.3700271]]]}},{"type":"Feature","properties":{"row":4,"col":77,"name":"Ximenez de Cisneros Rebollo Manuel","street":"Calle Juan Belmonte","number":"160","osm_id":"way/1169318077"},"geometry":{"type":"Polygon","coordinates":[[[-6.0020512,37.3701116],[-6.0020941,37.3701176],[-6.0021011,37.3700827],[-6.0021086,37.3700453],[-6.0021168,37.370005],[-6.0021403,37.3698882],[-6.0020966,37.3698822],[-6.0020512,37.3701116]]]}},{"type":"Feature","properties":{"row":4,"col":78,"name":"Bauza Castello Juan Diego","street":"Calle Costillares","number":"46","osm_id":"way/1169337976"},"geometry":{"type":"Polygon","coordinates":[[[-6.0043335,37.3700527],[-6.0043418,37.370012],[-6.0040926,37.3699859],[-6.0040857,37.3700276],[-6.0043335,37.3700527]]]}},{"type":"Feature","properties":{"row":4,"col":79,"name":"Peña Taurina el Estoque","street":"Calle Antonio Bienvenida","number":"63","osm_id":"way/1164882210"},"geometry":{"type":"Polygon","coordinates":[[[-5.9970078,37.3700097],[-5.9968148,37.3700151],[-5.9967653,37.3700165],[-5.9967666,37.3700536],[-5.9970097,37.3700483],[-5.9970078,37.3700097]]]}},{"type":"Feature","properties":{"row":4,"col":80,"name":"Valdes Rodriguez Miguel","street":"Calle Joselito el Gallo","number":"97","osm_id":"way/1166219394"},"geometry":{"type":"Polygon","coordinates":[[[-6.0002279,37.3700791],[-6.0002804,37.3700866],[-6.0003107,37.3699433],[-6.0002591,37.3699359],[-6.0002279,37.3700791]]]}},{"type":"Feature","properties":{"row":4,"col":81,"name":"Centro Cultural San Lorenzo","street":"Calle Juan Belmonte","number":"172","osm_id":"way/1169317931"},"geometry":{"type":"Polygon","coordinates":[[[-6.0027945,37.3699767],[-6.0027,37.3699626],[-6.0026724,37.3700832],[-6.0027676,37.3700968],[-6.0027945,37.3699767]]]}},{"type":"Feature","properties":{"row":4,"col":82,"name":"Los del Prado","street":"Calle Joselito el Gallo","number":"105","osm_id":"way/1166219382"},"geometry":{"type":"Polygon","coordinates":[[[-6.0004163,37.3701059],[-6.0004621,37.3701125],[-6.0005088,37.3698886],[-6.000466,37.3698829],[-6.0004163,37.3701059]]]}},{"type":"Feature","properties":{"row":4,"col":83,"name":"Hermandad Sagrada Mortaja","street":"Calle Jiménez Chicuelo","number":"39","osm_id":"way/1166219376"},"geometry":{"type":"Polygon","coordinates":[[[-6.0008059,37.3700423],[-6.0008135,37.370006],[-6.0006347,37.3699814],[-6.0006268,37.370018],[-6.0008059,37.3700423]]]}},{"type":"Feature","properties":{"row":4,"col":84,"name":"Maestre Carro Fernando","street":"Calle Juan Belmonte","number":"158","osm_id":"way/1169318078"},"geometry":{"type":"Polygon","coordinates":[[[-6.0020032,37.3701048],[-6.0020512,37.3701116],[-6.0020966,37.3698822],[-6.0020517,37.3698759],[-6.0020032,37.3701048]]]}},{"type":"Feature","properties":{"row":4,"col":85,"name":"Los Alarifes","street":"Calle Pepe Hillo","number":"19","osm_id":"way/1164882165"},"geometry":{"type":"Polygon","coordinates":[[[-5.9975116,37.3700369],[-5.9976984,37.3700613],[-5.9977171,37.3699819],[-5.9975132,37.3699611],[-5.9975116,37.3700369]]]}},{"type":"Feature","properties":{"row":4,"col":86,"name":"Hermandad de las Cigarreras","street":"Calle Ignacio Sánchez Mejías","number":"72","osm_id":"way/1169334213"},"geometry":{"type":"Polygon","coordinates":[[[-5.9960018,37.3700018],[-5.9960045,37.3700402],[-5.9962494,37.3700321],[-5.9962469,37.3699941],[-5.9960018,37.3700018]]]}},{"type":"Feature","properties":{"row":4,"col":87,"name":"El Catavino","street":"Calle Juan Belmonte","number":"156","osm_id":"way/1169318079"},"geometry":{"type":"Polygon","coordinates":[[[-6.0019572,37.3700983],[-6.0020032,37.3701048],[-6.0020517,37.3698759],[-6.0020079,37.3698698],[-6.0019572,37.3700983]]]}},{"type":"Feature","properties":{"row":4,"col":88,"name":"Los Mutuos","street":"Calle Ignacio Sánchez Mejías","number":"95","osm_id":"way/1169334170"},"geometry":{"type":"Polygon","coordinates":[[[-5.9957506,37.3700212],[-5.9957487,37.3699835],[-5.9954653,37.3699877],[-5.9954677,37.3700248],[-5.9957506,37.3700212]]]}},{"type":"Feature","properties":{"row":4,"col":89,"name":"La Ventila","street":"Calle Ricardo Torres Bombita","number":"44","osm_id":"way/1169317930"},"geometry":{"type":"Polygon","coordinates":[[[-6.0027,37.3699626],[-6.0025964,37.3699472],[-6.0025723,37.3700689],[-6.0026724,37.3700832],[-6.0027,37.3699626]]]}},{"type":"Feature","properties":{"row":4,"col":90,"name":"Joselito el Gallo 107","street":"Calle Joselito el Gallo","number":"107","osm_id":"way/1166219381"},"geometry":{"type":"Polygon","coordinates":[[[-6.0004621,37.3701125],[-6.0005099,37.3701193],[-6.0005409,37.3699684],[-6.0005482,37.3699332],[-6.0005566,37.3698949],[-6.0005088,37.3698886],[-6.0004621,37.3701125]]]}},{"type":"Feature","properties":{"row":4,"col":91,"name":"Las Doce Horas del Lunes Santo","street":"Calle Juan Belmonte","number":"154","osm_id":"way/1169318080"},"geometry":{"type":"Polygon","coordinates":[[[-6.0019079,37.3700914],[-6.0019572,37.3700983],[-6.0020079,37.3698698],[-6.0019592,37.3698631],[-6.0019079,37.3700914]]]}},{"type":"Feature","properties":{"row":4,"col":92,"name":"Ateneo Popular","street":"Calle Jiménez Chicuelo","number":"36","osm_id":"way/1169318100"},"geometry":{"type":"Polygon","coordinates":[[[-6.0011005,37.369976],[-6.0010933,37.370013],[-6.0012623,37.370036],[-6.0012695,37.3700016],[-6.0011005,37.369976]]]}},{"type":"Feature","properties":{"row":4,"col":93,"name":"Navegantes del Sur","street":"Calle Antonio Bienvenida","number":"65","osm_id":"way/1164882211"},"geometry":{"type":"Polygon","coordinates":[[[-5.997006,37.3699703],[-5.9968128,37.3699753],[-5.9968148,37.3700151],[-5.9970078,37.3700097],[-5.997006,37.3699703]]]}},{"type":"Feature","properties":{"row":4,"col":94,"name":"El Farolillo","street":"Calle Costillares","number":"48","osm_id":"way/1169337975"},"geometry":{"type":"Polygon","coordinates":[[[-6.0043418,37.370012],[-6.0043505,37.36997],[-6.0040994,37.3699446],[-6.0040926,37.3699859],[-6.0043418,37.370012]]]}},{"type":"Feature","properties":{"row":4,"col":95,"name":"Muñoz Martinez Maria del Carmen","street":"Calle Joselito el Gallo","number":"83","osm_id":"way/1166219396"},"geometry":{"type":"Polygon","coordinates":[[[-5.9999572,37.3700405],[-6.0000522,37.370054],[-6.0000873,37.3698982],[-5.999993,37.3698848],[-5.9999572,37.3700405]]]}},{"type":"Feature","properties":{"row":4,"col":96,"name":"","street":"Calle Joselito el Gallo","number":"101","osm_id":"way/1166219383"},"geometry":{"type":"Polygon","coordinates":[[[-6.000328,37.3700933],[-6.0004163,37.3701059],[-6.000466,37.3698829],[-6.0004213,37.369877],[-6.0003759,37.3698709],[-6.0003589,37.3699498],[-6.000328,37.3700933]]]}},{"type":"Feature","properties":{"row":4,"col":97,"name":"Hermandad del Museo","street":"Calle Jiménez Chicuelo","number":"41","osm_id":"way/1166219375"},"geometry":{"type":"Polygon","coordinates":[[[-6.0008135,37.370006],[-6.0008209,37.369971],[-6.0005482,37.3699332],[-6.0005409,37.3699684],[-6.0005859,37.3699746],[-6.0006347,37.3699814],[-6.0008135,37.370006]]]}},{"type":"Feature","properties":{"row":4,"col":98,"name":"Los M.i.t. Cruzcampo","street":"Calle Ignacio Sánchez Mejías","number":"70","osm_id":"way/1169334214"},"geometry":{"type":"Polygon","coordinates":[[[-5.9959991,37.3699634],[-5.9960018,37.3700018],[-5.9962469,37.3699941],[-5.9962444,37.3699561],[-5.9959991,37.3699634]]]}},{"type":"Feature","properties":{"row":4,"col":99,"name":"Amigos del Rey Melchor","street":"Calle Ignacio Sánchez Mejías","number":"93","osm_id":"way/1169334169"},"geometry":{"type":"Polygon","coordinates":[[[-5.9957487,37.3699835],[-5.9957468,37.3699458],[-5.9954628,37.3699512],[-5.9954653,37.3699877],[-5.9957487,37.3699835]]]}},{"type":"Feature","properties":{"row":5,"col":0,"name":"Caseta los Amigos","street":"Calle Juan Belmonte","number":"150","osm_id":"way/1169318081"},"geometry":{"type":"Polygon","coordinates":[[[-6.0018679,37.3698504],[-6.0018163,37.3700785],[-6.0018645,37.3700853],[-6.0019079,37.3700914],[-6.0019592,37.3698631],[-6.0018679,37.3698504]]]}},{"type":"Feature","properties":{"row":5,"col":1,"name":"Club Deportivo Portacoeli","street":"Calle Rafael Gómez Ortega","number":"23","osm_id":"way/1169334228"},"geometry":{"type":"Polygon","coordinates":[[[-5.9962862,37.3698726],[-5.9962389,37.3698733],[-5.9962444,37.3699561],[-5.9962469,37.3699941],[-5.9962494,37.3700321],[-5.9962519,37.37007],[-5.9963001,37.3700691],[-5.9962862,37.3698726]]]}},{"type":"Feature","properties":{"row":5,"col":2,"name":"Peña Sevillista R.s.pizjuan","street":"Calle Jiménez Chicuelo","number":"38","osm_id":"way/1169318101"},"geometry":{"type":"Polygon","coordinates":[[[-6.0011083,37.3699358],[-6.0011005,37.369976],[-6.0012695,37.3700016],[-6.0012778,37.3699617],[-6.0011083,37.3699358]]]}},{"type":"Feature","properties":{"row":5,"col":3,"name":"Doce + Uno","street":"Calle Rafael Gómez Ortega","number":"7","osm_id":"way/1169334236"},"geometry":{"type":"Polygon","coordinates":[[[-5.9966651,37.3698669],[-5.9966178,37.3698676],[-5.9966259,37.3700628],[-5.9966724,37.3700619],[-5.9966708,37.3700191],[-5.9966651,37.3698669]]]}},{"type":"Feature","properties":{"row":5,"col":4,"name":"Hermandad de la Estrella","street":"Calle Juan Belmonte","number":"166","osm_id":"way/1169318075"},"geometry":{"type":"Polygon","coordinates":[[[-6.0022266,37.3699002],[-6.0022044,37.3700163],[-6.0022888,37.3700271],[-6.0023114,37.369912],[-6.0022266,37.3699002]]]}},{"type":"Feature","properties":{"row":5,"col":5,"name":"Radio Taxi de Sevilla","street":"Calle Rafael Gómez Ortega","number":"21","osm_id":"way/1169334229"},"geometry":{"type":"Polygon","coordinates":[[[-5.9963336,37.3698719],[-5.9962862,37.3698726],[-5.9963001,37.3700691],[-5.9963467,37.3700682],[-5.9963336,37.3698719]]]}},{"type":"Feature","properties":{"row":5,"col":6,"name":"De Vicente Cantillana Africa","street":"Calle Antonio Bienvenida","number":"67","osm_id":"way/1164882212"},"geometry":{"type":"Polygon","coordinates":[[[-5.9970042,37.3699347],[-5.9968109,37.3699383],[-5.9968128,37.3699753],[-5.997006,37.3699703],[-5.9970042,37.3699347]]]}},{"type":"Feature","properties":{"row":5,"col":7,"name":"La Papa","street":"Calle Rafael Gómez Ortega","number":"19","osm_id":"way/1169334230"},"geometry":{"type":"Polygon","coordinates":[[[-5.996381,37.3698712],[-5.9963336,37.3698719],[-5.9963467,37.3700682],[-5.9963932,37.3700673],[-5.996381,37.3698712]]]}},{"type":"Feature","properties":{"row":5,"col":8,"name":"El Puente","street":"Calle Rafael Gómez Ortega","number":"17","osm_id":"way/1169334231"},"geometry":{"type":"Polygon","coordinates":[[[-5.9964283,37.3698705],[-5.996381,37.3698712],[-5.9963932,37.3700673],[-5.9964397,37.3700664],[-5.9964283,37.3698705]]]}},{"type":"Feature","properties":{"row":5,"col":9,"name":"La Chicota","street":"Calle Rafael Gómez Ortega","number":"15","osm_id":"way/1169334232"},"geometry":{"type":"Polygon","coordinates":[[[-5.9964757,37.3698698],[-5.9964283,37.3698705],[-5.9964397,37.3700664],[-5.9964863,37.3700655],[-5.9964757,37.3698698]]]}},{"type":"Feature","properties":{"row":5,"col":10,"name":"Asociacion Amigos de la Buena Mesa","street":"Calle Joselito el Gallo","number":"81","osm_id":"way/1166219397"},"geometry":{"type":"Polygon","coordinates":[[[-5.9999097,37.3700337],[-5.9999572,37.3700405],[-5.999993,37.3698848],[-6.0000008,37.3698503],[-5.9999526,37.3698434],[-5.9999097,37.3700337]]]}},{"type":"Feature","properties":{"row":5,"col":11,"name":"Ya Güele a Feria","street":"Calle Juan Belmonte","number":"144","osm_id":"way/1169318084"},"geometry":{"type":"Polygon","coordinates":[[[-6.0017262,37.3698307],[-6.0016781,37.3700591],[-6.0016981,37.3700619],[-6.0017296,37.3700663],[-6.0017736,37.3698373],[-6.0017262,37.3698307]]]}},{"type":"Feature","properties":{"row":5,"col":12,"name":"Amigos del Tambor","street":"Calle Rafael Gómez Ortega","number":"13","osm_id":"way/1169334233"},"geometry":{"type":"Polygon","coordinates":[[[-5.996523,37.3698691],[-5.9964757,37.3698698],[-5.9964863,37.3700655],[-5.9965328,37.3700646],[-5.996523,37.3698691]]]}},{"type":"Feature","properties":{"row":5,"col":13,"name":"Bermudo de Ercilla Jose Felix","street":"Calle Rafael Gómez Ortega","number":"11","osm_id":"way/1169334234"},"geometry":{"type":"Polygon","coordinates":[[[-5.9965704,37.3698683],[-5.996523,37.3698691],[-5.9965328,37.3700646],[-5.9965793,37.3700637],[-5.9965704,37.3698683]]]}},{"type":"Feature","properties":{"row":5,"col":14,"name":"Los de la Autonomia","street":"Calle Rafael Gómez Ortega","number":"9","osm_id":"way/1169334235"},"geometry":{"type":"Polygon","coordinates":[[[-5.9966178,37.3698676],[-5.9965704,37.3698683],[-5.9965793,37.3700637],[-5.9966259,37.3700628],[-5.9966178,37.3698676]]]}},{"type":"Feature","properties":{"row":5,"col":15,"name":"Agrupacion Vendedores Prensa","street":"Calle Juan Belmonte","number":"162","osm_id":"way/1169318076"},"geometry":{"type":"Polygon","coordinates":[[[-6.0021403,37.3698882],[-6.0021168,37.370005],[-6.0022044,37.3700163],[-6.0022266,37.3699002],[-6.0021403,37.3698882]]]}},{"type":"Feature","properties":{"row":5,"col":16,"name":"Skal Club Sevilla","street":"Calle Juan Belmonte","number":"148","osm_id":"way/1169318082"},"geometry":{"type":"Polygon","coordinates":[[[-6.0018224,37.3698441],[-6.0017723,37.3700723],[-6.0018163,37.3700785],[-6.0018679,37.3698504],[-6.0018224,37.3698441]]]}},{"type":"Feature","properties":{"row":5,"col":17,"name":"Los Escopeteros","street":"Calle Rafael Gómez Ortega","number":"1","osm_id":"way/1169334239"},"geometry":{"type":"Polygon","coordinates":[[[-5.9968072,37.3698648],[-5.9967598,37.3698655],[-5.9967653,37.3700165],[-5.9968148,37.3700151],[-5.9968128,37.3699753],[-5.9968109,37.3699383],[-5.9968072,37.3698648]]]}},{"type":"Feature","properties":{"row":5,"col":18,"name":"La Rumba","street":"Calle Ignacio Sánchez Mejías","number":"91","osm_id":"way/1169334168"},"geometry":{"type":"Polygon","coordinates":[[[-5.9957468,37.3699458],[-5.9957449,37.3699081],[-5.9954602,37.369911],[-5.9954628,37.3699512],[-5.9957468,37.3699458]]]}},{"type":"Feature","properties":{"row":5,"col":19,"name":"La Breva","street":"Calle Juan Belmonte","number":"146","osm_id":"way/1169318083"},"geometry":{"type":"Polygon","coordinates":[[[-6.0017736,37.3698373],[-6.0017296,37.3700663],[-6.0017723,37.3700723],[-6.0018224,37.3698441],[-6.0017736,37.3698373]]]}},{"type":"Feature","properties":{"row":5,"col":20,"name":"Moncase Club","street":"Calle Juan Belmonte","number":"130","osm_id":"way/1169318091"},"geometry":{"type":"Polygon","coordinates":[[[-6.0014495,37.3700269],[-6.0014949,37.3697986],[-6.0014055,37.3697862],[-6.0013594,37.3700142],[-6.0014495,37.3700269]]]}},{"type":"Feature","properties":{"row":5,"col":21,"name":"El Aliño","street":"Calle Rafael Gómez Ortega","number":"5","osm_id":"way/1169334237"},"geometry":{"type":"Polygon","coordinates":[[[-5.9967125,37.3698662],[-5.9966651,37.3698669],[-5.9966708,37.3700191],[-5.9967172,37.3700178],[-5.9967125,37.3698662]]]}},{"type":"Feature","properties":{"row":5,"col":22,"name":"Los Agueletes","street":"Calle Rafael Gómez Ortega","number":"3","osm_id":"way/1169334238"},"geometry":{"type":"Polygon","coordinates":[[[-5.9967598,37.3698655],[-5.9967125,37.3698662],[-5.9967172,37.3700178],[-5.9967653,37.3700165],[-5.9967598,37.3698655]]]}},{"type":"Feature","properties":{"row":5,"col":23,"name":"Roman Hernandez Jose Antonio","street":"Calle Pepe Luis Vázquez","number":"45","osm_id":"way/1164882111"},"geometry":{"type":"Polygon","coordinates":[[[-5.9993495,37.36992],[-5.9991842,37.3698966],[-5.9991779,37.3699297],[-5.9993412,37.3699536],[-5.9993495,37.36992]]]}},{"type":"Feature","properties":{"row":5,"col":24,"name":"Aprocom","street":"Calle Jiménez Chicuelo","number":"40","osm_id":"way/1169318102"},"geometry":{"type":"Polygon","coordinates":[[[-6.0011152,37.3699003],[-6.0011083,37.3699358],[-6.0012778,37.3699617],[-6.0012863,37.3699209],[-6.0011152,37.3699003]]]}},{"type":"Feature","properties":{"row":5,"col":25,"name":"Las Cornetillas","street":"Calle Jiménez Chicuelo","number":"43","osm_id":"way/1166219374"},"geometry":{"type":"Polygon","coordinates":[[[-6.0008209,37.369971],[-6.0008361,37.3698983],[-6.0005641,37.3698606],[-6.0005566,37.3698949],[-6.0005482,37.3699332],[-6.0008209,37.369971]]]}},{"type":"Feature","properties":{"row":5,"col":26,"name":"El Limona","street":"Calle Juan Belmonte","number":"128","osm_id":"way/1169318094"},"geometry":{"type":"Polygon","coordinates":[[[-6.001313,37.3700077],[-6.0013594,37.3700142],[-6.0014055,37.3697862],[-6.0013601,37.3697799],[-6.001313,37.3700077]]]}},{"type":"Feature","properties":{"row":5,"col":27,"name":"Personal de Astilleros","street":"Calle Costillares","number":"50","osm_id":"way/1169337974"},"geometry":{"type":"Polygon","coordinates":[[[-6.0043505,37.36997],[-6.0043712,37.3698689],[-6.0041166,37.3698411],[-6.0040994,37.3699446],[-6.0043505,37.36997]]]}},{"type":"Feature","properties":{"row":5,"col":28,"name":"El Patinillo","street":"Calle Juan Belmonte","number":"142","osm_id":"way/1169318086"},"geometry":{"type":"Polygon","coordinates":[[[-6.0016785,37.3698241],[-6.0016305,37.3700524],[-6.0016781,37.3700591],[-6.0017262,37.3698307],[-6.0016785,37.3698241]]]}},{"type":"Feature","properties":{"row":5,"col":29,"name":"Los Náufragos","street":"","number":"","osm_id":"way/404246419"},"geometry":{"type":"Polygon","coordinates":[[[-6.0016785,37.3698241],[-6.0016368,37.3698183],[-6.0015873,37.3698114],[-6.0015397,37.3700396],[-6.0015868,37.3700462],[-6.0016305,37.3700524],[-6.0016785,37.3698241]]]}},{"type":"Feature","properties":{"row":5,"col":30,"name":"Real Club de Andalucia","street":"Calle Joselito el Gallo","number":"75","osm_id":"way/1166219398"},"geometry":{"type":"Polygon","coordinates":[[[-5.9999526,37.3698434],[-5.9998227,37.3698227],[-5.9997843,37.3700158],[-5.9999097,37.3700337],[-5.9999526,37.3698434]]]}},{"type":"Feature","properties":{"row":5,"col":31,"name":"Ziriyab. Peluqueros de Señoras","street":"Calle Ignacio Sánchez Mejías","number":"66","osm_id":"way/1169334215"},"geometry":{"type":"Polygon","coordinates":[[[-5.9962389,37.3698733],[-5.9959932,37.3698795],[-5.9959991,37.3699634],[-5.9962444,37.3699561],[-5.9962389,37.3698733]]]}},{"type":"Feature","properties":{"row":5,"col":32,"name":"Los Amigos de Santa Ana","street":"Calle Juan Belmonte","number":"136","osm_id":"way/1169318088"},"geometry":{"type":"Polygon","coordinates":[[[-6.0015392,37.3698048],[-6.0014934,37.3700331],[-6.0015397,37.3700396],[-6.0015873,37.3698114],[-6.0015392,37.3698048]]]}},{"type":"Feature","properties":{"row":5,"col":33,"name":"Los Rebollos","street":"Calle Ignacio Sánchez Mejías","number":"89","osm_id":"way/1169334167"},"geometry":{"type":"Polygon","coordinates":[[[-5.9957449,37.3699081],[-5.995743,37.3698704],[-5.9953914,37.369874],[-5.995392,37.3699117],[-5.9954602,37.369911],[-5.9957449,37.3699081]]]}},{"type":"Feature","properties":{"row":5,"col":34,"name":"Casal Romero Victor Gabriel","street":"Calle Juan Belmonte","number":"134","osm_id":"way/1169318089"},"geometry":{"type":"Polygon","coordinates":[[[-6.0014949,37.3697986],[-6.0014495,37.3700269],[-6.0014934,37.3700331],[-6.0015392,37.3698048],[-6.0014949,37.3697986]]]}},{"type":"Feature","properties":{"row":5,"col":35,"name":"A.e.s.g.","street":"Calle Antonio Bienvenida","number":"69","osm_id":"way/1164882213"},"geometry":{"type":"Polygon","coordinates":[[[-5.9970007,37.3698612],[-5.9968072,37.3698648],[-5.9968109,37.3699383],[-5.9970042,37.3699347],[-5.9970007,37.3698612]]]}},{"type":"Feature","properties":{"row":5,"col":36,"name":"Peña Guitarrista Niño Ricardo","street":"Calle Juan Belmonte","number":"126","osm_id":"way/1169318095"},"geometry":{"type":"Polygon","coordinates":[[[-6.0013169,37.3697739],[-6.0012934,37.3698866],[-6.0012863,37.3699209],[-6.0012778,37.3699617],[-6.0012695,37.3700016],[-6.001313,37.3700077],[-6.0013601,37.3697799],[-6.0013169,37.3697739]]]}},{"type":"Feature","properties":{"row":5,"col":37,"name":"Club 17 A.c.","street":"Calle Pepe Luis Vázquez","number":"47","osm_id":"way/1164882112"},"geometry":{"type":"Polygon","coordinates":[[[-5.9993588,37.3698824],[-5.999192,37.3698561],[-5.9991842,37.3698966],[-5.9993495,37.36992],[-5.9993588,37.3698824]]]}},{"type":"Feature","properties":{"row":5,"col":38,"name":"Sanchez Martinez Juan","street":"Calle Jiménez Chicuelo","number":"42","osm_id":"way/1169318103"},"geometry":{"type":"Polygon","coordinates":[[[-6.0011219,37.3698659],[-6.0011152,37.3699003],[-6.0012863,37.3699209],[-6.0012934,37.3698866],[-6.0012436,37.3698806],[-6.0011219,37.3698659]]]}},{"type":"Feature","properties":{"row":5,"col":39,"name":"Real Club Pineda de Sevilla","street":"","number":"","osm_id":"way/1166219395"},"geometry":{"type":"Polygon","coordinates":[[[-5.9999756,37.3697499],[-5.9999526,37.3698434],[-6.0000008,37.3698503],[-5.999993,37.3698848],[-6.0000873,37.3698982],[-6.0000522,37.370054],[-6.000147,37.3700666],[-6.0002279,37.3700791],[-6.0002591,37.3699359],[-6.0003107,37.3699433],[-6.0003589,37.3699498],[-6.0003759,37.3698709],[-6.0003889,37.3698087],[-6.0003412,37.3698019],[-6.0002068,37.3697828],[-6.0001576,37.3697758],[-6.0000654,37.3697627],[-5.9999756,37.3697499]]]}},{"type":"Feature","properties":{"row":5,"col":40,"name":"Joselito el Gallo 61","street":"Calle Joselito el Gallo","number":"61","osm_id":"way/1164882110"},"geometry":{"type":"Polygon","coordinates":[[[-5.9991779,37.3699297],[-5.9991842,37.3698966],[-5.999192,37.3698561],[-5.9991986,37.3698212],[-5.999203,37.3697985],[-5.9991567,37.3697914],[-5.9991308,37.3699229],[-5.9991779,37.3699297]]]}},{"type":"Feature","properties":{"row":5,"col":41,"name":"Tertulia los Cuarenta","street":"Calle Joselito el Gallo","number":"57","osm_id":"way/1164882109"},"geometry":{"type":"Polygon","coordinates":[[[-5.9991308,37.3699229],[-5.9991567,37.3697914],[-5.9990681,37.3697778],[-5.9990405,37.3699097],[-5.9991308,37.3699229]]]}},{"type":"Feature","properties":{"row":5,"col":42,"name":"El Cuajaron","street":"Calle Jiménez Chicuelo","number":"47","osm_id":"way/1166219373"},"geometry":{"type":"Polygon","coordinates":[[[-6.0008361,37.3698983],[-6.0008437,37.3698619],[-6.000666,37.3698356],[-6.0006203,37.3698297],[-6.0005725,37.3698235],[-6.0005641,37.3698606],[-6.0008361,37.3698983]]]}},{"type":"Feature","properties":{"row":5,"col":43,"name":"El Zaguan","street":"Calle Ignacio Sánchez Mejías","number":"87","osm_id":"way/1169334166"},"geometry":{"type":"Polygon","coordinates":[[[-5.995743,37.3698704],[-5.9957411,37.3698327],[-5.9953909,37.3698362],[-5.9953914,37.369874],[-5.995743,37.3698704]]]}},{"type":"Feature","properties":{"row":5,"col":44,"name":"La Cancela","street":"Calle Joselito el Gallo","number":"55","osm_id":"way/1164882108"},"geometry":{"type":"Polygon","coordinates":[[[-5.9990405,37.3699097],[-5.9990681,37.3697778],[-5.9990223,37.3697707],[-5.9989924,37.3699026],[-5.9990405,37.3699097]]]}},{"type":"Feature","properties":{"row":5,"col":45,"name":"Ramos Cardona Jose Manuel","street":"Calle Pepe Luis Vázquez","number":"49","osm_id":"way/1164882113"},"geometry":{"type":"Polygon","coordinates":[[[-5.9993678,37.3698457],[-5.9991986,37.3698212],[-5.999192,37.3698561],[-5.9993588,37.3698824],[-5.9993678,37.3698457]]]}},{"type":"Feature","properties":{"row":5,"col":46,"name":"Garcia Gonzalez Cristobal","street":"Calle Joselito el Gallo","number":"53","osm_id":"way/1164882107"},"geometry":{"type":"Polygon","coordinates":[[[-5.9989924,37.3699026],[-5.9990223,37.3697707],[-5.9989718,37.3697629],[-5.9989424,37.3698953],[-5.9989924,37.3699026]]]}},{"type":"Feature","properties":{"row":5,"col":47,"name":"Ortiz Carmona Santiago","street":"Calle Costillares","number":"56","osm_id":"way/1169337973"},"geometry":{"type":"Polygon","coordinates":[[[-6.0043712,37.3698689],[-6.0043799,37.3698264],[-6.0041234,37.3697999],[-6.0041166,37.3698411],[-6.0043712,37.3698689]]]}},{"type":"Feature","properties":{"row":5,"col":48,"name":"Las Mudas","street":"Calle Juan Belmonte","number":"124","osm_id":"way/1169318104"},"geometry":{"type":"Polygon","coordinates":[[[-6.0012436,37.3698806],[-6.0012934,37.3698866],[-6.0013169,37.3697739],[-6.0012663,37.3697669],[-6.0012436,37.3698806]]]}},{"type":"Feature","properties":{"row":5,"col":49,"name":"Club Farmaceutico","street":"Calle Joselito el Gallo","number":"67","osm_id":"way/1166219405"},"geometry":{"type":"Polygon","coordinates":[[[-5.9996017,37.3699898],[-5.9997843,37.3700158],[-5.9998227,37.3698227],[-5.9999526,37.3698434],[-5.9999756,37.3697499],[-5.9999257,37.3697428],[-5.9998821,37.3697366],[-5.9998411,37.3697307],[-5.9997885,37.3697233],[-5.9997595,37.3698527],[-5.9996349,37.3698351],[-5.9996017,37.3699898]]]}},{"type":"Feature","properties":{"row":5,"col":50,"name":"Los de la Bodeguita","street":"Calle Joselito el Gallo","number":"49","osm_id":"way/1164882105"},"geometry":{"type":"Polygon","coordinates":[[[-5.9988989,37.369889],[-5.9989239,37.3697555],[-5.9988795,37.3697487],[-5.9988519,37.3698821],[-5.9988989,37.369889]]]}},{"type":"Feature","properties":{"row":5,"col":51,"name":"Joselito el Gallo 47","street":"Calle Joselito el Gallo","number":"47","osm_id":"way/1164882104"},"geometry":{"type":"Polygon","coordinates":[[[-5.9988519,37.3698821],[-5.9988795,37.3697487],[-5.9988378,37.3697423],[-5.998807,37.3698755],[-5.9988519,37.3698821]]]}},{"type":"Feature","properties":{"row":5,"col":52,"name":"Mantilla Tuells Fernando","street":"Calle Joselito el Gallo","number":"51","osm_id":"way/1164882106"},"geometry":{"type":"Polygon","coordinates":[[[-5.9989424,37.3698953],[-5.9989718,37.3697629],[-5.9989403,37.3697561],[-5.9989239,37.3697555],[-5.9988989,37.369889],[-5.9989424,37.3698953]]]}},{"type":"Feature","properties":{"row":5,"col":53,"name":"Gimenez de Aragon Vidal Pedro","street":"Calle Jiménez Chicuelo","number":"49","osm_id":"way/1166219372"},"geometry":{"type":"Polygon","coordinates":[[[-6.0008437,37.3698619],[-6.0008591,37.3697889],[-6.0006799,37.3697664],[-6.000666,37.3698356],[-6.0008437,37.3698619]]]}},{"type":"Feature","properties":{"row":5,"col":54,"name":"Astigi","street":"Calle Joselito el Gallo","number":"45","osm_id":"way/1164882103"},"geometry":{"type":"Polygon","coordinates":[[[-5.998807,37.3698755],[-5.9988378,37.3697423],[-5.9987902,37.369735],[-5.9987604,37.3698687],[-5.998807,37.3698755]]]}},{"type":"Feature","properties":{"row":5,"col":55,"name":"La Alegria","street":"Calle Ignacio Sánchez Mejías","number":"85","osm_id":"way/1169334165"},"geometry":{"type":"Polygon","coordinates":[[[-5.9957411,37.3698327],[-5.9957392,37.369795],[-5.9953903,37.3697985],[-5.9953909,37.3698362],[-5.9957411,37.3698327]]]}},{"type":"Feature","properties":{"row":5,"col":56,"name":"Peña Cultural y Deportiva Oiga","street":"Calle Juan Belmonte","number":"221","osm_id":"way/1169318016"},"geometry":{"type":"Polygon","coordinates":[[[-6.0037184,37.3698577],[-6.0037383,37.3697644],[-6.0036519,37.3697516],[-6.0036346,37.3698462],[-6.0037184,37.3698577]]]}},{"type":"Feature","properties":{"row":5,"col":57,"name":"Asociacion los Soleanos","street":"Calle Juan Belmonte","number":"110","osm_id":"way/1166219384"},"geometry":{"type":"Polygon","coordinates":[[[-6.0005088,37.3698886],[-6.0005566,37.3698949],[-6.0005641,37.3698606],[-6.0005725,37.3698235],[-6.000605,37.3696697],[-6.0005612,37.3696637],[-6.0005088,37.3698886]]]}},{"type":"Feature","properties":{"row":5,"col":58,"name":"Los Papas Aliña","street":"Calle Juan Belmonte","number":"219","osm_id":"way/1169318014"},"geometry":{"type":"Polygon","coordinates":[[[-6.0036346,37.3698462],[-6.0036519,37.3697516],[-6.0036069,37.3697442],[-6.0035884,37.3698399],[-6.0036346,37.3698462]]]}},{"type":"Feature","properties":{"row":5,"col":59,"name":"Lerdo de Tejada","street":"Calle Pepe Luis Vázquez","number":"51","osm_id":"way/1164882114"},"geometry":{"type":"Polygon","coordinates":[[[-5.9993803,37.3697953],[-5.9992091,37.3697666],[-5.999203,37.3697985],[-5.9991986,37.3698212],[-5.9993678,37.3698457],[-5.9993803,37.3697953]]]}},{"type":"Feature","properties":{"row":5,"col":60,"name":"Bancobao Club","street":"Calle Juan Belmonte","number":"120","osm_id":"way/1169318105"},"geometry":{"type":"Polygon","coordinates":[[[-6.0011445,37.3697499],[-6.0011219,37.3698659],[-6.0012436,37.3698806],[-6.0012663,37.3697669],[-6.0011445,37.3697499]]]}},{"type":"Feature","properties":{"row":5,"col":61,"name":"Asociacion Nazari","street":"Calle Juan Belmonte","number":"217","osm_id":"way/1169318013"},"geometry":{"type":"Polygon","coordinates":[[[-6.0035884,37.3698399],[-6.0036069,37.3697442],[-6.0035554,37.369738],[-6.0035344,37.3698325],[-6.0035884,37.3698399]]]}},{"type":"Feature","properties":{"row":5,"col":62,"name":"Los Agustines","street":"Calle Juan Belmonte","number":"108","osm_id":"way/1166219385"},"geometry":{"type":"Polygon","coordinates":[[[-6.000466,37.3698829],[-6.0005088,37.3698886],[-6.0005612,37.3696637],[-6.0005192,37.3696579],[-6.000466,37.3698829]]]}},{"type":"Feature","properties":{"row":5,"col":63,"name":"Real Club de Tenis Betis","street":"Calle Pepe Luis Vázquez","number":"50","osm_id":"way/1166219404"},"geometry":{"type":"Polygon","coordinates":[[[-5.9996349,37.3698351],[-5.9997595,37.3698527],[-5.9997885,37.3697233],[-5.9996628,37.3697054],[-5.9996349,37.3698351]]]}},{"type":"Feature","properties":{"row":5,"col":64,"name":"Antiguas Subsidiarias de Aviacion Asa","street":"Calle Costillares","number":"58","osm_id":"way/1169337972"},"geometry":{"type":"Polygon","coordinates":[[[-6.0043799,37.3698264],[-6.0043931,37.3697623],[-6.004134,37.3697361],[-6.0041234,37.3697999],[-6.0043799,37.3698264]]]}},{"type":"Feature","properties":{"row":5,"col":65,"name":"El Abuelo","street":"Calle Juan Belmonte","number":"106","osm_id":"way/1166219386"},"geometry":{"type":"Polygon","coordinates":[[[-6.0004213,37.369877],[-6.000466,37.3698829],[-6.0005192,37.3696579],[-6.0004707,37.3696513],[-6.0004213,37.369877]]]}},{"type":"Feature","properties":{"row":5,"col":66,"name":"En Ca Mi Cuña","street":"Calle Ignacio Sánchez Mejías","number":"83","osm_id":"way/1169334164"},"geometry":{"type":"Polygon","coordinates":[[[-5.9957392,37.369795],[-5.9957373,37.3697573],[-5.9953897,37.3697608],[-5.9953903,37.3697985],[-5.9957392,37.369795]]]}},{"type":"Feature","properties":{"row":5,"col":67,"name":"Alamanese","street":"Calle Juan Belmonte","number":"213","osm_id":"way/1169318011"},"geometry":{"type":"Polygon","coordinates":[[[-6.0034915,37.3698267],[-6.0035196,37.3696921],[-6.0034745,37.3696855],[-6.0034453,37.3698203],[-6.0034915,37.3698267]]]}},{"type":"Feature","properties":{"row":5,"col":68,"name":"Prensa del Corazon","street":"Calle Juan Belmonte","number":"215","osm_id":"way/1169318012"},"geometry":{"type":"Polygon","coordinates":[[[-6.0035344,37.3698325],[-6.0035554,37.369738],[-6.0035638,37.3696986],[-6.0035196,37.3696921],[-6.0034915,37.3698267],[-6.0035344,37.3698325]]]}},{"type":"Feature","properties":{"row":5,"col":69,"name":"Los Deseosos","street":"Calle Juan Belmonte","number":"211","osm_id":"way/1169318010"},"geometry":{"type":"Polygon","coordinates":[[[-6.0034453,37.3698203],[-6.0034745,37.3696855],[-6.0034325,37.3696794],[-6.0034033,37.3698146],[-6.0034453,37.3698203]]]}},{"type":"Feature","properties":{"row":5,"col":70,"name":"Gallardo Fernandez Francisco","street":"Calle Juan Belmonte","number":"209","osm_id":"way/1169318009"},"geometry":{"type":"Polygon","coordinates":[[[-6.0034033,37.3698146],[-6.0034325,37.3696794],[-6.0033862,37.3696727],[-6.0033582,37.3698084],[-6.0034033,37.3698146]]]}},{"type":"Feature","properties":{"row":5,"col":71,"name":"Delgado Delgado Manuel","street":"Calle Juan Belmonte","number":"207","osm_id":"way/1169318008"},"geometry":{"type":"Polygon","coordinates":[[[-6.0033582,37.3698084],[-6.0033862,37.3696727],[-6.0033378,37.3696656],[-6.0033073,37.3698015],[-6.0033582,37.3698084]]]}},{"type":"Feature","properties":{"row":5,"col":72,"name":"Los de Caoba","street":"Calle Juan Belmonte","number":"104","osm_id":"way/1166219387"},"geometry":{"type":"Polygon","coordinates":[[[-6.0004266,37.3696452],[-6.0003889,37.3698087],[-6.0003759,37.3698709],[-6.0004213,37.369877],[-6.0004707,37.3696513],[-6.0004266,37.3696452]]]}},{"type":"Feature","properties":{"row":5,"col":73,"name":"El Esquinazo","street":"Calle Jiménez Chicuelo","number":"53","osm_id":"way/1166219371"},"geometry":{"type":"Polygon","coordinates":[[[-6.0008591,37.3697889],[-6.0008763,37.3697069],[-6.0006969,37.3696823],[-6.0006799,37.3697664],[-6.0008591,37.3697889]]]}},{"type":"Feature","properties":{"row":5,"col":74,"name":"Canela","street":"Calle Juan Belmonte","number":"114","osm_id":"way/1166219370"},"geometry":{"type":"Polygon","coordinates":[[[-6.0006969,37.3696823],[-6.0006527,37.3696762],[-6.0006203,37.3698297],[-6.000666,37.3698356],[-6.0006799,37.3697664],[-6.0006969,37.3696823]]]}},{"type":"Feature","properties":{"row":5,"col":75,"name":"Castillo Bravo Leovigildo","street":"Calle Juan Belmonte","number":"205","osm_id":"way/1169318007"},"geometry":{"type":"Polygon","coordinates":[[[-6.0033073,37.3698015],[-6.0033378,37.3696656],[-6.0032936,37.3696591],[-6.0032621,37.3697953],[-6.0033073,37.3698015]]]}},{"type":"Feature","properties":{"row":5,"col":76,"name":"Instituto Municipal de Deportes","street":"Calle Ignacio Sánchez Mejías","number":"81","osm_id":"way/1169334163"},"geometry":{"type":"Polygon","coordinates":[[[-5.9957373,37.3697573],[-5.9957354,37.3697196],[-5.9953891,37.3697231],[-5.9953897,37.3697608],[-5.9957373,37.3697573]]]}},{"type":"Feature","properties":{"row":5,"col":77,"name":"Y Nosotros","street":"Calle Juan Belmonte","number":"203","osm_id":"way/1169318006"},"geometry":{"type":"Polygon","coordinates":[[[-6.0032621,37.3697953],[-6.0032936,37.3696591],[-6.0032487,37.3696526],[-6.0032171,37.3697891],[-6.0032621,37.3697953]]]}},{"type":"Feature","properties":{"row":5,"col":78,"name":"Asociacion Turistica Ferroviaria","street":"Calle Costillares","number":"62","osm_id":"way/1169337971"},"geometry":{"type":"Polygon","coordinates":[[[-6.0043931,37.3697623],[-6.0044011,37.369723],[-6.0041406,37.3696963],[-6.004134,37.3697361],[-6.0043931,37.3697623]]]}},{"type":"Feature","properties":{"row":5,"col":79,"name":"Rodero Rodriguez Luis","street":"Calle Juan Belmonte","number":"112","osm_id":"way/1166219369"},"geometry":{"type":"Polygon","coordinates":[[[-6.0006527,37.3696762],[-6.000605,37.3696697],[-6.0005725,37.3698235],[-6.0006203,37.3698297],[-6.0006527,37.3696762]]]}},{"type":"Feature","properties":{"row":5,"col":80,"name":"Bomberos (reten de Feria)","street":"Calle Juan Belmonte","number":"195","osm_id":"way/1169317975"},"geometry":{"type":"Polygon","coordinates":[[[-6.0030268,37.3697631],[-6.0030784,37.3697702],[-6.0030946,37.3696985],[-6.0030686,37.369695],[-6.0030672,37.3697018],[-6.0030393,37.3696969],[-6.0030268,37.3697631]]]}},{"type":"Feature","properties":{"row":5,"col":81,"name":"Los Polillas","street":"Calle Costillares","number":"55","osm_id":"way/1169318015"},"geometry":{"type":"Polygon","coordinates":[[[-6.0037383,37.3697644],[-6.0037531,37.3696955],[-6.0036605,37.3696818],[-6.0036175,37.3696757],[-6.0035709,37.3696682],[-6.0035638,37.3696986],[-6.0035554,37.369738],[-6.0036069,37.3697442],[-6.0036519,37.3697516],[-6.0037383,37.3697644]]]}},{"type":"Feature","properties":{"row":5,"col":82,"name":"El Patio","street":"Calle Juan Belmonte","number":"197","osm_id":"way/1169317890"},"geometry":{"type":"Polygon","coordinates":[[[-6.0032171,37.3697891],[-6.0032487,37.3696526],[-6.0031966,37.369645],[-6.0031484,37.369638],[-6.0031331,37.3697038],[-6.0030946,37.3696985],[-6.0030784,37.3697702],[-6.0032171,37.3697891]]]}},{"type":"Feature","properties":{"row":5,"col":83,"name":"Hermandad Reina de Todos los Santos","street":"Calle Juan Belmonte","number":"102","osm_id":"way/1166219388"},"geometry":{"type":"Polygon","coordinates":[[[-6.0003749,37.3696381],[-6.0003412,37.3698019],[-6.0003889,37.3698087],[-6.0004266,37.3696452],[-6.0003749,37.3696381]]]}},{"type":"Feature","properties":{"row":5,"col":84,"name":"Los Amigos de Isla Cristina","street":"Calle Ignacio Sánchez Mejías","number":"79","osm_id":"way/1169334162"},"geometry":{"type":"Polygon","coordinates":[[[-5.9957354,37.3697196],[-5.9957335,37.3696819],[-5.9953885,37.3696853],[-5.9953891,37.3697231],[-5.9957354,37.3697196]]]}},{"type":"Feature","properties":{"row":5,"col":85,"name":"La Badila","street":"Calle Pepe Luis Vázquez","number":"58","osm_id":"way/1166219403"},"geometry":{"type":"Polygon","coordinates":[[[-5.9996628,37.3697054],[-5.9997885,37.3697233],[-5.9998411,37.3697307],[-5.9998504,37.3696842],[-5.9996725,37.3696601],[-5.9996628,37.3697054]]]}},{"type":"Feature","properties":{"row":5,"col":86,"name":"Caseta Municipal del Excmo.ayuntamiento de Sevilla","street":"Calle Pepe Luis Vázquez","number":"53","osm_id":"way/1164882115"},"geometry":{"type":"Polygon","coordinates":[[[-5.9994088,37.3696801],[-5.9992305,37.3696541],[-5.9992404,37.3696125],[-5.9991544,37.3696025],[-5.9991048,37.3695968],[-5.9990139,37.3695862],[-5.9989739,37.3695816],[-5.9989403,37.3697561],[-5.9989718,37.3697629],[-5.9990223,37.3697707],[-5.9990681,37.3697778],[-5.9991567,37.3697914],[-5.999203,37.3697985],[-5.9992091,37.3697666],[-5.9993803,37.3697953],[-5.9994088,37.3696801]]]}},{"type":"Feature","properties":{"row":5,"col":87,"name":"Endesa","street":"Calle Joselito el Gallo","number":"39","osm_id":"way/1164882135"},"geometry":{"type":"Polygon","coordinates":[[[-5.99864,37.3698518],[-5.9987604,37.3698687],[-5.9987902,37.369735],[-5.9988378,37.3697423],[-5.9988795,37.3697487],[-5.9989239,37.3697555],[-5.9989403,37.3697561],[-5.9989739,37.3695816],[-5.9989222,37.3695735],[-5.9988316,37.3695608],[-5.9987842,37.3695541],[-5.9987352,37.3695472],[-5.9987235,37.3695995],[-5.998699,37.369596],[-5.9986756,37.3697012],[-5.9987261,37.3697083],[-5.9987117,37.3697728],[-5.9986593,37.3697655],[-5.99864,37.3698518]]]}},{"type":"Feature","properties":{"row":5,"col":88,"name":"Ramos Sanchez Salud","street":"Calle Juan Belmonte","number":"191","osm_id":"way/1169317977"},"geometry":{"type":"Polygon","coordinates":[[[-6.0029408,37.3697514],[-6.0029872,37.3697577],[-6.0030112,37.3696179],[-6.0029676,37.3696116],[-6.0029408,37.3697514]]]}},{"type":"Feature","properties":{"row":5,"col":89,"name":"Centro Cultural el 15","street":"Calle Costillares","number":"64","osm_id":"way/1169337970"},"geometry":{"type":"Polygon","coordinates":[[[-6.0044011,37.369723],[-6.0044092,37.3696838],[-6.0041472,37.3696565],[-6.0041406,37.3696963],[-6.0044011,37.369723]]]}},{"type":"Feature","properties":{"row":5,"col":90,"name":"La Querencia","street":"Calle Juan Belmonte","number":"193","osm_id":"way/1169317976"},"geometry":{"type":"Polygon","coordinates":[[[-6.0029872,37.3697577],[-6.0030268,37.3697631],[-6.0030393,37.3696969],[-6.0030672,37.3697018],[-6.0030686,37.369695],[-6.0030821,37.3696283],[-6.0030546,37.3696243],[-6.0030112,37.3696179],[-6.0029872,37.3697577]]]}},{"type":"Feature","properties":{"row":5,"col":91,"name":"Asociacion de la Prensa de Sevilla","street":"Calle Juan Belmonte","number":"96","osm_id":"way/1166219389"},"geometry":{"type":"Polygon","coordinates":[[[-6.0002418,37.3696198],[-6.0002068,37.3697828],[-6.0003412,37.3698019],[-6.0003749,37.3696381],[-6.0002418,37.3696198]]]}},{"type":"Feature","properties":{"row":5,"col":92,"name":"Lirola Martinez Ana","street":"Calle Juan Belmonte","number":"189","osm_id":"way/1169317978"},"geometry":{"type":"Polygon","coordinates":[[[-6.0028918,37.3697447],[-6.0029408,37.3697514],[-6.0029676,37.3696116],[-6.0029219,37.3696049],[-6.0028918,37.3697447]]]}},{"type":"Feature","properties":{"row":5,"col":93,"name":"Delgado Roig Pazos Inmaculada","street":"Calle Juan Belmonte","number":"187","osm_id":"way/1169317979"},"geometry":{"type":"Polygon","coordinates":[[[-6.0028488,37.3697388],[-6.0028918,37.3697447],[-6.0029219,37.3696049],[-6.0028763,37.3695982],[-6.0028488,37.3697388]]]}},{"type":"Feature","properties":{"row":5,"col":94,"name":"Los Mejores","street":"Calle Joselito el Gallo","number":"9","osm_id":"way/1164882137"},"geometry":{"type":"Polygon","coordinates":[[[-5.9976763,37.3697131],[-5.9977627,37.3697277],[-5.9977854,37.3696368],[-5.997697,37.3696253],[-5.9976763,37.3697131]]]}},{"type":"Feature","properties":{"row":5,"col":95,"name":"Los del 84","street":"Calle Juan Belmonte","number":"94","osm_id":"way/1166219390"},"geometry":{"type":"Polygon","coordinates":[[[-6.0001919,37.369613],[-6.0001576,37.3697758],[-6.0002068,37.3697828],[-6.0002418,37.3696198],[-6.0001919,37.369613]]]}},{"type":"Feature","properties":{"row":5,"col":96,"name":"Dr. Felix Rodriguez de la Fuente","street":"Calle Juan Belmonte","number":"183","osm_id":"way/1169317981"},"geometry":{"type":"Polygon","coordinates":[[[-6.0027641,37.3697272],[-6.0028031,37.3697325],[-6.0028288,37.369601],[-6.0027895,37.3695962],[-6.0027641,37.3697272]]]}},{"type":"Feature","properties":{"row":5,"col":97,"name":"El Cancelin","street":"Calle Joselito el Gallo","number":"7","osm_id":"way/1164882163"},"geometry":{"type":"Polygon","coordinates":[[[-5.9976301,37.3697046],[-5.9976763,37.3697131],[-5.997697,37.3696253],[-5.9976498,37.3696187],[-5.9976301,37.3697046]]]}},{"type":"Feature","properties":{"row":5,"col":98,"name":"Los Feriantes","street":"Calle Juan Belmonte","number":"90","osm_id":"way/1166219391"},"geometry":{"type":"Polygon","coordinates":[[[-6.0001007,37.3696005],[-6.0000654,37.3697627],[-6.0001576,37.3697758],[-6.0001919,37.369613],[-6.0001007,37.3696005]]]}},{"type":"Feature","properties":{"row":5,"col":99,"name":"Club Recreativo Jerez en Sevilla","street":"Calle Ignacio Sánchez Mejías","number":"77","osm_id":"way/1169334161"},"geometry":{"type":"Polygon","coordinates":[[[-5.9957335,37.3696819],[-5.9957316,37.3696442],[-5.995388,37.3696476],[-5.9953885,37.3696853],[-5.9957335,37.3696819]]]}},{"type":"Feature","properties":{"row":6,"col":0,"name":"Asociacion de Empleados del Banco Popular de Andalucia (a.e.p.a.)","street":"Calle Juan Belmonte","number":"179","osm_id":"way/1169317982"},"geometry":{"type":"Polygon","coordinates":[[[-6.0026614,37.3697132],[-6.0027641,37.3697272],[-6.0027895,37.3695962],[-6.0026912,37.3695821],[-6.0026614,37.3697132]]]}},{"type":"Feature","properties":{"row":6,"col":1,"name":"Jb 185","street":"Calle Juan Belmonte","number":"185","osm_id":"way/1169317980"},"geometry":{"type":"Polygon","coordinates":[[[-6.0028031,37.3697325],[-6.0028488,37.3697388],[-6.0028763,37.3695982],[-6.0028307,37.3695916],[-6.0028288,37.369601],[-6.0028031,37.3697325]]]}},{"type":"Feature","properties":{"row":6,"col":2,"name":"Los Matrimonios","street":"Calle Juan Belmonte","number":"86","osm_id":"way/1166219392"},"geometry":{"type":"Polygon","coordinates":[[[-6.0000108,37.3695882],[-5.9999756,37.3697499],[-6.0000654,37.3697627],[-6.0001007,37.3696005],[-6.0000108,37.3695882]]]}},{"type":"Feature","properties":{"row":6,"col":3,"name":"Er Merkiades","street":"Calle Costillares","number":"66","osm_id":"way/1169337969"},"geometry":{"type":"Polygon","coordinates":[[[-6.0044092,37.3696838],[-6.0044172,37.3696445],[-6.0041538,37.3696167],[-6.0041472,37.3696565],[-6.0044092,37.3696838]]]}},{"type":"Feature","properties":{"row":6,"col":4,"name":"Banco Santander S.a.","street":"Calle Costillares","number":"59","osm_id":"way/1169318005"},"geometry":{"type":"Polygon","coordinates":[[[-6.0037531,37.3696955],[-6.0037716,37.3696089],[-6.0036817,37.3695919],[-6.0036605,37.3696818],[-6.0037531,37.3696955]]]}},{"type":"Feature","properties":{"row":6,"col":5,"name":"Amigos de la Alianza","street":"Calle Juan Belmonte","number":"84","osm_id":"way/1166219399"},"geometry":{"type":"Polygon","coordinates":[[[-5.9999634,37.3695817],[-5.9999257,37.3697428],[-5.9999756,37.3697499],[-6.0000108,37.3695882],[-5.9999634,37.3695817]]]}},{"type":"Feature","properties":{"row":6,"col":6,"name":"El Autocar","street":"Calle Juan Belmonte","number":"80","osm_id":"way/1166219401"},"geometry":{"type":"Polygon","coordinates":[[[-5.9998733,37.3695693],[-5.9998504,37.3696842],[-5.9998411,37.3697307],[-5.9998821,37.3697366],[-5.9999184,37.3695755],[-5.9998733,37.3695693]]]}},{"type":"Feature","properties":{"row":6,"col":7,"name":"Amigos de las Sevillanas","street":"Calle Joselito el Gallo","number":"1","osm_id":"way/1164882176"},"geometry":{"type":"Polygon","coordinates":[[[-5.9975841,37.3696962],[-5.9976062,37.3695816],[-5.997482,37.3695646],[-5.9974878,37.3696786],[-5.9975841,37.3696962]]]}},{"type":"Feature","properties":{"row":6,"col":8,"name":"Peña el Birrete","street":"Calle Juan Belmonte","number":"82","osm_id":"way/1166219400"},"geometry":{"type":"Polygon","coordinates":[[[-5.9999184,37.3695755],[-5.9998821,37.3697366],[-5.9999257,37.3697428],[-5.9999634,37.3695817],[-5.9999184,37.3695755]]]}},{"type":"Feature","properties":{"row":6,"col":9,"name":"Al Compas","street":"Calle Ignacio Sánchez Mejías","number":"62","osm_id":"way/1169334155"},"geometry":{"type":"Polygon","coordinates":[[[-5.9961867,37.3696672],[-5.9961826,37.36959],[-5.9959876,37.3695966],[-5.9959911,37.3696732],[-5.9961867,37.3696672]]]}},{"type":"Feature","properties":{"row":6,"col":10,"name":"Pareja Collantes Felipe","street":"Calle Joselito el Gallo","number":"5","osm_id":"way/1164882164"},"geometry":{"type":"Polygon","coordinates":[[[-5.9975841,37.3696962],[-5.9976301,37.3697046],[-5.9976498,37.3696187],[-5.9976574,37.369586],[-5.9976333,37.3695839],[-5.9976062,37.3695816],[-5.9975841,37.3696962]]]}},{"type":"Feature","properties":{"row":6,"col":11,"name":"Los Mosqueteros","street":"Calle Ignacio Sánchez Mejías","number":"75","osm_id":"way/1169334160"},"geometry":{"type":"Polygon","coordinates":[[[-5.9957316,37.3696442],[-5.9957297,37.3696065],[-5.9953874,37.3696099],[-5.995388,37.3696476],[-5.9957316,37.3696442]]]}},{"type":"Feature","properties":{"row":6,"col":12,"name":"Mejias Ruiz Rafael","street":"Calle Pepe Luis Vázquez","number":"59","osm_id":"way/1164882116"},"geometry":{"type":"Polygon","coordinates":[[[-5.9994237,37.3696198],[-5.9992449,37.3695934],[-5.9992404,37.3696125],[-5.9992305,37.3696541],[-5.9994088,37.3696801],[-5.9994237,37.3696198]]]}},{"type":"Feature","properties":{"row":6,"col":13,"name":"Los 10 de Chicuelo","street":"Calle Pascual Márquez","number":"218","osm_id":"way/1169318002"},"geometry":{"type":"Polygon","coordinates":[[[-6.0035917,37.3695748],[-6.003548,37.3695665],[-6.0035196,37.3696921],[-6.0035638,37.3696986],[-6.0035709,37.3696682],[-6.0035917,37.3695748]]]}},{"type":"Feature","properties":{"row":6,"col":14,"name":"Peña Guadalquivir","street":"Calle Pascual Márquez","number":"222","osm_id":"way/1169318004"},"geometry":{"type":"Polygon","coordinates":[[[-6.0036817,37.3695919],[-6.003641,37.3695841],[-6.0036175,37.3696757],[-6.0036605,37.3696818],[-6.0036817,37.3695919]]]}},{"type":"Feature","properties":{"row":6,"col":15,"name":"La Ultima Carga","street":"Calle Pepe Luis Vázquez","number":"60","osm_id":"way/1166219402"},"geometry":{"type":"Polygon","coordinates":[[[-5.9996725,37.3696601],[-5.9998504,37.3696842],[-5.9998733,37.3695693],[-5.9996972,37.3695452],[-5.9996725,37.3696601]]]}},{"type":"Feature","properties":{"row":6,"col":16,"name":"El Mopdulo","street":"Calle Costillares","number":"68","osm_id":"way/1169337968"},"geometry":{"type":"Polygon","coordinates":[[[-6.0044172,37.3696445],[-6.0044253,37.3696052],[-6.0041604,37.3695769],[-6.0041538,37.3696167],[-6.0044172,37.3696445]]]}},{"type":"Feature","properties":{"row":6,"col":17,"name":"La Lagaña","street":"Calle Pascual Márquez","number":"220","osm_id":"way/1169318003"},"geometry":{"type":"Polygon","coordinates":[[[-6.003641,37.3695841],[-6.0035917,37.3695748],[-6.0035709,37.3696682],[-6.0036175,37.3696757],[-6.003641,37.3695841]]]}},{"type":"Feature","properties":{"row":6,"col":18,"name":"El Boticario","street":"Calle Pepe Hillo","number":"27","osm_id":"way/1164882162"},"geometry":{"type":"Polygon","coordinates":[[[-5.9977854,37.3696368],[-5.9977953,37.369598],[-5.9976574,37.369586],[-5.9976498,37.3696187],[-5.997697,37.3696253],[-5.9977854,37.3696368]]]}},{"type":"Feature","properties":{"row":6,"col":19,"name":"Callejon del Agua","street":"Calle Rafael Gómez Ortega","number":"2","osm_id":"way/1169334227"},"geometry":{"type":"Polygon","coordinates":[[[-5.9967992,37.3696483],[-5.9967971,37.3695684],[-5.9967495,37.3695696],[-5.9967521,37.3696498],[-5.9967992,37.3696483]]]}},{"type":"Feature","properties":{"row":6,"col":20,"name":"Los K.t.adores","street":"Calle Pascual Márquez","number":"216","osm_id":"way/1169318001"},"geometry":{"type":"Polygon","coordinates":[[[-6.003548,37.3695665],[-6.0035062,37.3695586],[-6.0034745,37.3696855],[-6.0035196,37.3696921],[-6.003548,37.3695665]]]}},{"type":"Feature","properties":{"row":6,"col":21,"name":"","street":"Calle Juan Belmonte","number":"177","osm_id":"way/1169317882"},"geometry":{"type":"Polygon","coordinates":[[[-6.0023041,37.3696562],[-6.002367,37.3696642],[-6.0023901,37.3695505],[-6.0023284,37.3695417],[-6.0023041,37.3696562]]]}},{"type":"Feature","properties":{"row":6,"col":22,"name":"Prados Reguera Dolores","street":"Calle Pascual Márquez","number":"214","osm_id":"way/1169318000"},"geometry":{"type":"Polygon","coordinates":[[[-6.0035062,37.3695586],[-6.0034654,37.3695509],[-6.0034325,37.3696794],[-6.0034745,37.3696855],[-6.0035062,37.3695586]]]}},{"type":"Feature","properties":{"row":6,"col":23,"name":"","street":"Calle Juan Belmonte","number":"175","osm_id":"way/1169317883"},"geometry":{"type":"Polygon","coordinates":[[[-6.0022534,37.3696498],[-6.0023041,37.3696562],[-6.0023284,37.3695417],[-6.0022765,37.3695343],[-6.0022534,37.3696498]]]}},{"type":"Feature","properties":{"row":6,"col":24,"name":"Muñoz Noguera Juan","street":"Calle Juan Belmonte","number":"173","osm_id":"way/1169317974"},"geometry":{"type":"Polygon","coordinates":[[[-6.0022534,37.3696498],[-6.0022765,37.3695343],[-6.0022241,37.3695276],[-6.0021995,37.3696429],[-6.0022534,37.3696498]]]}},{"type":"Feature","properties":{"row":6,"col":25,"name":"La Revolera","street":"Calle Pascual Márquez","number":"212","osm_id":"way/1169317999"},"geometry":{"type":"Polygon","coordinates":[[[-6.0034654,37.3695509],[-6.003418,37.3695419],[-6.0033862,37.3696727],[-6.0034325,37.3696794],[-6.0034654,37.3695509]]]}},{"type":"Feature","properties":{"row":6,"col":26,"name":"Amigos de la Caseta de Feria","street":"Calle Antonio Bienvenida","number":"73","osm_id":"way/1164882214"},"geometry":{"type":"Polygon","coordinates":[[[-5.9969835,37.3695636],[-5.9967971,37.3695684],[-5.9967992,37.3696483],[-5.9969863,37.3696425],[-5.9969835,37.3695636]]]}},{"type":"Feature","properties":{"row":6,"col":27,"name":"Peña los 20 y Pico","street":"Calle Rafael Gómez Ortega","number":"4","osm_id":"way/1169334110"},"geometry":{"type":"Polygon","coordinates":[[[-5.9967521,37.3696498],[-5.9967495,37.3695696],[-5.9967481,37.369528],[-5.9966984,37.3695292],[-5.996705,37.3696512],[-5.9967521,37.3696498]]]}},{"type":"Feature","properties":{"row":6,"col":28,"name":"Grupo Rusvel S.a.","street":"Calle Ignacio Sánchez Mejías","number":"73","osm_id":"way/1169334159"},"geometry":{"type":"Polygon","coordinates":[[[-5.9957297,37.3696065],[-5.9957278,37.3695689],[-5.9953868,37.3695722],[-5.9953874,37.3696099],[-5.9957297,37.3696065]]]}},{"type":"Feature","properties":{"row":6,"col":29,"name":"Noches de Santa Clara C.c.y Literario","street":"Calle Pascual Márquez","number":"210","osm_id":"way/1169317998"},"geometry":{"type":"Polygon","coordinates":[[[-6.003418,37.3695419],[-6.0033684,37.3695325],[-6.0033378,37.3696656],[-6.0033862,37.3696727],[-6.003418,37.3695419]]]}},{"type":"Feature","properties":{"row":6,"col":30,"name":"La Burra Campera","street":"Calle Rafael Gómez Ortega","number":"24","osm_id":"way/1169334217"},"geometry":{"type":"Polygon","coordinates":[[[-5.9962809,37.3696643],[-5.9962708,37.3694731],[-5.9962238,37.3694745],[-5.9962337,37.3696658],[-5.9962809,37.3696643]]]}},{"type":"Feature","properties":{"row":6,"col":31,"name":"Fernandez-piedra Cejas Manuel","street":"Calle Pepe Luis Vázquez","number":"61","osm_id":"way/1164882117"},"geometry":{"type":"Polygon","coordinates":[[[-5.9994328,37.3695831],[-5.9992532,37.3695583],[-5.9992449,37.3695934],[-5.9994237,37.3696198],[-5.9994328,37.3695831]]]}},{"type":"Feature","properties":{"row":6,"col":32,"name":"El Duende de Sevilla","street":"Calle Rafael Gómez Ortega","number":"20","osm_id":"way/1169334219"},"geometry":{"type":"Polygon","coordinates":[[[-5.9963751,37.3696615],[-5.9963649,37.3694702],[-5.9963179,37.3694716],[-5.996328,37.3696629],[-5.9963751,37.3696615]]]}},{"type":"Feature","properties":{"row":6,"col":33,"name":"La Nuestra","street":"Calle Rafael Gómez Ortega","number":"18","osm_id":"way/1169334220"},"geometry":{"type":"Polygon","coordinates":[[[-5.9964222,37.36966],[-5.996412,37.3694687],[-5.9963649,37.3694702],[-5.9963751,37.3696615],[-5.9964222,37.36966]]]}},{"type":"Feature","properties":{"row":6,"col":34,"name":"Los del 76","street":"Calle Pascual Márquez","number":"208","osm_id":"way/1169317997"},"geometry":{"type":"Polygon","coordinates":[[[-6.0033684,37.3695325],[-6.0033191,37.3695232],[-6.0032936,37.3696591],[-6.0033378,37.3696656],[-6.0033684,37.3695325]]]}},{"type":"Feature","properties":{"row":6,"col":35,"name":"Peña Gloria Bendita","street":"Calle Rafael Gómez Ortega","number":"16","osm_id":"way/1169334221"},"geometry":{"type":"Polygon","coordinates":[[[-5.9964694,37.3696585],[-5.996459,37.3694672],[-5.996412,37.3694687],[-5.9964222,37.36966],[-5.9964694,37.3696585]]]}},{"type":"Feature","properties":{"row":6,"col":36,"name":"El Zurraque de Triana","street":"Calle Rafael Gómez Ortega","number":"14","osm_id":"way/1169334222"},"geometry":{"type":"Polygon","coordinates":[[[-5.9965165,37.3696571],[-5.9965061,37.3694657],[-5.996459,37.3694672],[-5.9964694,37.3696585],[-5.9965165,37.3696571]]]}},{"type":"Feature","properties":{"row":6,"col":37,"name":"El Cierro","street":"Calle Rafael Gómez Ortega","number":"12","osm_id":"way/1169334223"},"geometry":{"type":"Polygon","coordinates":[[[-5.9965636,37.3696556],[-5.9965531,37.3694642],[-5.9965061,37.3694657],[-5.9965165,37.3696571],[-5.9965636,37.3696556]]]}},{"type":"Feature","properties":{"row":6,"col":38,"name":"Pepe Hillo 29","street":"Calle Pepe Hillo","number":"29","osm_id":"way/1164882161"},"geometry":{"type":"Polygon","coordinates":[[[-5.9977953,37.369598],[-5.9978044,37.3695624],[-5.9976419,37.3695475],[-5.9976333,37.3695839],[-5.9976574,37.369586],[-5.9977953,37.369598]]]}},{"type":"Feature","properties":{"row":6,"col":39,"name":"Paguillo Martin Jose","street":"Calle Ignacio Sánchez Mejías","number":"60","osm_id":"way/1169334154"},"geometry":{"type":"Polygon","coordinates":[[[-5.9959876,37.3695966],[-5.9961826,37.36959],[-5.9961807,37.369553],[-5.9959858,37.3695584],[-5.9959876,37.3695966]]]}},{"type":"Feature","properties":{"row":6,"col":40,"name":"La Canela","street":"Calle Rafael Gómez Ortega","number":"10","osm_id":"way/1169334224"},"geometry":{"type":"Polygon","coordinates":[[[-5.9966107,37.3696542],[-5.9966002,37.3694627],[-5.9965531,37.3694642],[-5.9965636,37.3696556],[-5.9966107,37.3696542]]]}},{"type":"Feature","properties":{"row":6,"col":41,"name":"Pimienta y Clavo","street":"Calle Rafael Gómez Ortega","number":"8","osm_id":"way/1169334225"},"geometry":{"type":"Polygon","coordinates":[[[-5.9966578,37.3696527],[-5.9966467,37.3694613],[-5.9966002,37.3694627],[-5.9966107,37.3696542],[-5.9966578,37.3696527]]]}},{"type":"Feature","properties":{"row":6,"col":42,"name":"Los del Prao","street":"Calle Rafael Gómez Ortega","number":"26","osm_id":"way/1169334216"},"geometry":{"type":"Polygon","coordinates":[[[-5.9962337,37.3696658],[-5.9962238,37.3694745],[-5.9961768,37.369476],[-5.9961788,37.369516],[-5.9961807,37.369553],[-5.9961826,37.36959],[-5.9961867,37.3696672],[-5.9962337,37.3696658]]]}},{"type":"Feature","properties":{"row":6,"col":43,"name":"El Pirriake","street":"Calle Ricardo Torres Bombita","number":"56","osm_id":"way/1169317983"},"geometry":{"type":"Polygon","coordinates":[[[-6.0026995,37.3695454],[-6.0026912,37.3695821],[-6.0027895,37.3695962],[-6.0028288,37.369601],[-6.0028307,37.3695916],[-6.0028365,37.3695663],[-6.0026995,37.3695454]]]}},{"type":"Feature","properties":{"row":6,"col":44,"name":"Peña Andalusi","street":"Calle Pascual Márquez","number":"206","osm_id":"way/1169317996"},"geometry":{"type":"Polygon","coordinates":[[[-6.0033191,37.3695232],[-6.0032798,37.3695158],[-6.0032487,37.3696526],[-6.0032936,37.3696591],[-6.0033191,37.3695232]]]}},{"type":"Feature","properties":{"row":6,"col":45,"name":"Circulo Mercantil E Industrial","street":"Calle Joselito el Gallo","number":"13","osm_id":"way/1164882136"},"geometry":{"type":"Polygon","coordinates":[[[-5.99864,37.3698518],[-5.9986593,37.3697655],[-5.9986756,37.3697012],[-5.998699,37.369596],[-5.998588,37.3695806],[-5.9986042,37.3695114],[-5.9985574,37.3695045],[-5.9985107,37.3694975],[-5.9984643,37.3694906],[-5.99842,37.369484],[-5.9983718,37.3694769],[-5.9983244,37.3694698],[-5.998354,37.3693443],[-5.9981208,37.3693096],[-5.9980153,37.369758],[-5.99864,37.3698518]]]}},{"type":"Feature","properties":{"row":6,"col":46,"name":"De Haro Ruiz Jose Manuel","street":"Calle Pascual Márquez","number":"202","osm_id":"way/1169317994"},"geometry":{"type":"Polygon","coordinates":[[[-6.0032344,37.3695072],[-6.0031868,37.3694982],[-6.0031527,37.3696216],[-6.0031484,37.369638],[-6.0031966,37.369645],[-6.0032344,37.3695072]]]}},{"type":"Feature","properties":{"row":6,"col":47,"name":"Manuela Isabel Lupiañez Gomez","street":"Calle Juan Belmonte","number":"169","osm_id":"way/1169317972"},"geometry":{"type":"Polygon","coordinates":[[[-6.0021507,37.3696361],[-6.0021848,37.3694739],[-6.0021438,37.3694683],[-6.002111,37.3696305],[-6.0021507,37.3696361]]]}},{"type":"Feature","properties":{"row":6,"col":48,"name":"Es por 22","street":"Calle Rafael Gómez Ortega","number":"22","osm_id":"way/1169334218"},"geometry":{"type":"Polygon","coordinates":[[[-5.996328,37.3696629],[-5.9963179,37.3694716],[-5.996283,37.3694727],[-5.9962708,37.3694731],[-5.9962809,37.3696643],[-5.996328,37.3696629]]]}},{"type":"Feature","properties":{"row":6,"col":49,"name":"Los Que Suamos","street":"Calle Pascual Márquez","number":"204","osm_id":"way/1169317995"},"geometry":{"type":"Polygon","coordinates":[[[-6.0032798,37.3695158],[-6.0032344,37.3695072],[-6.0031966,37.369645],[-6.0032487,37.3696526],[-6.0032798,37.3695158]]]}},{"type":"Feature","properties":{"row":6,"col":50,"name":"Los Compadres de las Calesitas","street":"Calle Costillares","number":"70","osm_id":"way/1169337983"},"geometry":{"type":"Polygon","coordinates":[[[-6.004167,37.3695371],[-6.0041604,37.3695769],[-6.0044253,37.3696052],[-6.0044333,37.369566],[-6.004167,37.3695371]]]}},{"type":"Feature","properties":{"row":6,"col":51,"name":"Los Tirimundi","street":"Calle Juan Belmonte","number":"167","osm_id":"way/1169317971"},"geometry":{"type":"Polygon","coordinates":[[[-6.002111,37.3696305],[-6.0021438,37.3694683],[-6.0020971,37.3694618],[-6.0020653,37.369624],[-6.002111,37.3696305]]]}},{"type":"Feature","properties":{"row":6,"col":52,"name":"Electrica Industrial G.e.","street":"Calle Pascual Márquez","number":"198","osm_id":"way/1169317992"},"geometry":{"type":"Polygon","coordinates":[[[-6.0031398,37.3694892],[-6.0030922,37.3694802],[-6.0030546,37.3696243],[-6.0030821,37.3696283],[-6.0030871,37.3696099],[-6.0031059,37.3696131],[-6.0031398,37.3694892]]]}},{"type":"Feature","properties":{"row":6,"col":53,"name":"Campos Lopez Jose Manuel","street":"Calle Antonio Bienvenida","number":"30","osm_id":"way/1164882175"},"geometry":{"type":"Polygon","coordinates":[[[-5.997482,37.3695646],[-5.9976062,37.3695816],[-5.9976333,37.3695839],[-5.9976419,37.3695475],[-5.9974801,37.3695272],[-5.997482,37.3695646]]]}},{"type":"Feature","properties":{"row":6,"col":54,"name":"Nueva Epoca","street":"Calle Rafael Gómez Ortega","number":"6","osm_id":"way/1169334226"},"geometry":{"type":"Polygon","coordinates":[[[-5.996705,37.3696512],[-5.9966984,37.3695292],[-5.9966965,37.369495],[-5.9966946,37.3694598],[-5.9966467,37.3694613],[-5.9966578,37.3696527],[-5.996705,37.3696512]]]}},{"type":"Feature","properties":{"row":6,"col":55,"name":"El Palenque","street":"Calle Juan Belmonte","number":"171","osm_id":"way/1169317973"},"geometry":{"type":"Polygon","coordinates":[[[-6.0021995,37.3696429],[-6.0022241,37.3695276],[-6.0022312,37.3694939],[-6.002234,37.3694808],[-6.0021848,37.3694739],[-6.0021507,37.3696361],[-6.0021995,37.3696429]]]}},{"type":"Feature","properties":{"row":6,"col":56,"name":"La Amistad","street":"Calle Juan Belmonte","number":"165","osm_id":"way/1169317970"},"geometry":{"type":"Polygon","coordinates":[[[-6.0020653,37.369624],[-6.0020971,37.3694618],[-6.0020527,37.3694556],[-6.0020183,37.3696174],[-6.0020653,37.369624]]]}},{"type":"Feature","properties":{"row":6,"col":57,"name":"Asociacion Triana 71","street":"Calle Ignacio Sánchez Mejías","number":"71","osm_id":"way/1169334158"},"geometry":{"type":"Polygon","coordinates":[[[-5.9957278,37.3695689],[-5.9957259,37.3695312],[-5.9953862,37.3695345],[-5.9953868,37.3695722],[-5.9957278,37.3695689]]]}},{"type":"Feature","properties":{"row":6,"col":58,"name":"Centro Cultural Bellavista","street":"Calle Juan Belmonte","number":"163","osm_id":"way/1169317969"},"geometry":{"type":"Polygon","coordinates":[[[-6.0020183,37.3696174],[-6.0020527,37.3694556],[-6.0020044,37.3694489],[-6.0019693,37.3696105],[-6.0020183,37.3696174]]]}},{"type":"Feature","properties":{"row":6,"col":59,"name":"... y Jarana","street":"Calle Antonio Bienvenida","number":"77","osm_id":"way/1164882215"},"geometry":{"type":"Polygon","coordinates":[[[-5.996982,37.3695222],[-5.9967481,37.369528],[-5.9967495,37.3695696],[-5.9967971,37.3695684],[-5.9969835,37.3695636],[-5.996982,37.3695222]]]}},{"type":"Feature","properties":{"row":6,"col":60,"name":"Fombella Gonzalez Jose David","street":"Calle Pascual Márquez","number":"200","osm_id":"way/1169317993"},"geometry":{"type":"Polygon","coordinates":[[[-6.0031868,37.3694982],[-6.0031398,37.3694892],[-6.0031059,37.3696131],[-6.0031527,37.3696216],[-6.0031868,37.3694982]]]}},{"type":"Feature","properties":{"row":6,"col":61,"name":"Los Complicaos.con","street":"Calle Ignacio Sánchez Mejías","number":"58","osm_id":"way/1169334153"},"geometry":{"type":"Polygon","coordinates":[[[-5.9959858,37.3695584],[-5.9961807,37.369553],[-5.9961788,37.369516],[-5.995984,37.3695202],[-5.9959858,37.3695584]]]}},{"type":"Feature","properties":{"row":6,"col":62,"name":"Los 33 y la Malie","street":"Calle Pepe Hillo","number":"31","osm_id":"way/1164882160"},"geometry":{"type":"Polygon","coordinates":[[[-5.9978044,37.3695624],[-5.9978137,37.3695259],[-5.9976513,37.3695075],[-5.9976419,37.3695475],[-5.9978044,37.3695624]]]}},{"type":"Feature","properties":{"row":6,"col":63,"name":"Club Primitiva Amistad la Bota","street":"Calle Juan Belmonte","number":"64","osm_id":"way/1164882119"},"geometry":{"type":"Polygon","coordinates":[[[-5.9991853,37.3694625],[-5.9991544,37.3696025],[-5.9992404,37.3696125],[-5.9992449,37.3695934],[-5.9992532,37.3695583],[-5.9992728,37.369475],[-5.9991853,37.3694625]]]}},{"type":"Feature","properties":{"row":6,"col":64,"name":"El Cañuelo","street":"Calle Pascual Márquez","number":"196","osm_id":"way/1169317991"},"geometry":{"type":"Polygon","coordinates":[[[-6.0030922,37.3694802],[-6.0030479,37.3694719],[-6.0030112,37.3696179],[-6.0030546,37.3696243],[-6.0030922,37.3694802]]]}},{"type":"Feature","properties":{"row":6,"col":65,"name":"Club Deportivo Sevilla","street":"Calle Ricardo Torres Bombita","number":"58","osm_id":"way/1169317984"},"geometry":{"type":"Polygon","coordinates":[[[-6.0027072,37.3695114],[-6.0026995,37.3695454],[-6.0028365,37.3695663],[-6.0028446,37.3695311],[-6.0028048,37.3695254],[-6.0027072,37.3695114]]]}},{"type":"Feature","properties":{"row":6,"col":66,"name":"Las Buenas Migas","street":"Calle Ricardo Torres Bombita","number":"55","osm_id":"way/1169317938"},"geometry":{"type":"Polygon","coordinates":[[[-6.0023901,37.3695505],[-6.0023973,37.3695174],[-6.0022312,37.3694939],[-6.0022241,37.3695276],[-6.0022765,37.3695343],[-6.0023284,37.3695417],[-6.0023901,37.3695505]]]}},{"type":"Feature","properties":{"row":6,"col":67,"name":"Departamento Rehabilitación","street":"Calle Pascual Márquez","number":"194","osm_id":"way/1169317990"},"geometry":{"type":"Polygon","coordinates":[[[-6.0030479,37.3694719],[-6.0030041,37.3694636],[-6.0029676,37.3696116],[-6.0030112,37.3696179],[-6.0030479,37.3694719]]]}},{"type":"Feature","properties":{"row":6,"col":68,"name":"Los 28","street":"Calle Costillares","number":"72","osm_id":"way/1169337984"},"geometry":{"type":"Polygon","coordinates":[[[-6.0041737,37.3694973],[-6.004167,37.3695371],[-6.0044333,37.369566],[-6.0044414,37.3695267],[-6.0041737,37.3694973]]]}},{"type":"Feature","properties":{"row":6,"col":69,"name":"Los Olimpicos","street":"Calle Pascual Márquez","number":"192","osm_id":"way/1169317989"},"geometry":{"type":"Polygon","coordinates":[[[-6.0030041,37.3694636],[-6.0029589,37.369455],[-6.0029219,37.3696049],[-6.0029676,37.3696116],[-6.0030041,37.3694636]]]}},{"type":"Feature","properties":{"row":6,"col":70,"name":"Las Niñas","street":"Calle Pepe Luis Vázquez","number":"63","osm_id":"way/1164882118"},"geometry":{"type":"Polygon","coordinates":[[[-5.9992728,37.369475],[-5.9992532,37.3695583],[-5.9994328,37.3695831],[-5.9994531,37.3695006],[-5.9992728,37.369475]]]}},{"type":"Feature","properties":{"row":6,"col":71,"name":"Los del Viernes y Sobra Uno","street":"Calle Ignacio Sánchez Mejías","number":"69","osm_id":"way/1169334157"},"geometry":{"type":"Polygon","coordinates":[[[-5.9957259,37.3695312],[-5.995724,37.3694935],[-5.9953857,37.3694967],[-5.9953862,37.3695345],[-5.9957259,37.3695312]]]}},{"type":"Feature","properties":{"row":6,"col":72,"name":"Sanchez Ojeda Manuel","street":"Calle Pascual Márquez","number":"188","osm_id":"way/1169317987"},"geometry":{"type":"Polygon","coordinates":[[[-6.002916,37.3694469],[-6.0028661,37.3694374],[-6.0028446,37.3695311],[-6.0028365,37.3695663],[-6.0028307,37.3695916],[-6.0028763,37.3695982],[-6.002916,37.3694469]]]}},{"type":"Feature","properties":{"row":6,"col":73,"name":"Los Mantoncillos","street":"Calle Antonio Bienvenida","number":"32","osm_id":"way/1164882174"},"geometry":{"type":"Polygon","coordinates":[[[-5.9974801,37.3695272],[-5.9976419,37.3695475],[-5.9976513,37.3695075],[-5.9976558,37.3694881],[-5.9974781,37.3694889],[-5.9974801,37.3695272]]]}},{"type":"Feature","properties":{"row":6,"col":74,"name":"El Milagro de la Feria","street":"Calle Juan Belmonte","number":"62","osm_id":"way/1164882120"},"geometry":{"type":"Polygon","coordinates":[[[-5.9991325,37.369455],[-5.9991048,37.3695968],[-5.9991544,37.3696025],[-5.9991853,37.3694625],[-5.9991325,37.369455]]]}},{"type":"Feature","properties":{"row":6,"col":75,"name":"Los Fatiguitas","street":"Calle Antonio Bienvenida","number":"79","osm_id":"way/1272224361"},"geometry":{"type":"Polygon","coordinates":[[[-5.996982,37.3695222],[-5.9969807,37.3694866],[-5.9966965,37.369495],[-5.9966984,37.3695292],[-5.9967481,37.369528],[-5.996982,37.3695222]]]}},{"type":"Feature","properties":{"row":6,"col":76,"name":"Aki No Hay Quien Viva","street":"Calle Pascual Márquez","number":"190","osm_id":"way/1169317988"},"geometry":{"type":"Polygon","coordinates":[[[-6.0029589,37.369455],[-6.002916,37.3694469],[-6.0028763,37.3695982],[-6.0029219,37.3696049],[-6.0029589,37.369455]]]}},{"type":"Feature","properties":{"row":6,"col":77,"name":"Peña Rociera de Sevilla","street":"Calle Juan Belmonte","number":"157","osm_id":"way/1169317968"},"geometry":{"type":"Polygon","coordinates":[[[-6.0019693,37.3696105],[-6.0020044,37.3694489],[-6.0019567,37.3694423],[-6.0019128,37.3694362],[-6.0018684,37.36943],[-6.0018333,37.3695913],[-6.0019693,37.3696105]]]}},{"type":"Feature","properties":{"row":6,"col":78,"name":"La Pandereta","street":"Calle Juan Belmonte","number":"153","osm_id":"way/1169317967"},"geometry":{"type":"Polygon","coordinates":[[[-6.0018333,37.3695913],[-6.0018684,37.36943],[-6.0018217,37.3694236],[-6.0017731,37.3694168],[-6.0017373,37.3695778],[-6.0018333,37.3695913]]]}},{"type":"Feature","properties":{"row":6,"col":79,"name":"Juan Belmonte 58-60","street":"Calle Juan Belmonte","number":"58","osm_id":"way/1164882121"},"geometry":{"type":"Polygon","coordinates":[[[-5.9990456,37.3694427],[-5.9990139,37.3695862],[-5.9991048,37.3695968],[-5.9991325,37.369455],[-5.9990456,37.3694427]]]}},{"type":"Feature","properties":{"row":6,"col":80,"name":"Asociacion C.f. San Fernando","street":"Calle Ignacio Sánchez Mejías","number":"56","osm_id":"way/1169334152"},"geometry":{"type":"Polygon","coordinates":[[[-5.995984,37.3695202],[-5.9961788,37.369516],[-5.9961768,37.369476],[-5.9959822,37.369482],[-5.995984,37.3695202]]]}},{"type":"Feature","properties":{"row":6,"col":81,"name":"Para Siempre","street":"Calle Pepe Hillo","number":"33","osm_id":"way/1164882159"},"geometry":{"type":"Polygon","coordinates":[[[-5.9978137,37.3695259],[-5.9978224,37.3694917],[-5.9976602,37.3694692],[-5.9976558,37.3694881],[-5.9976513,37.3695075],[-5.9978137,37.3695259]]]}},{"type":"Feature","properties":{"row":6,"col":82,"name":"Centro Cultural Ferroviario Isbilya","street":"Calle Juan Belmonte","number":"40","osm_id":"way/1164882127"},"geometry":{"type":"Polygon","coordinates":[[[-5.9986318,37.3693838],[-5.9986042,37.3695114],[-5.998588,37.3695806],[-5.998699,37.369596],[-5.9987235,37.3695995],[-5.9987352,37.3695472],[-5.9987701,37.3694035],[-5.9986318,37.3693838]]]}},{"type":"Feature","properties":{"row":6,"col":83,"name":"Blanco Fernandez Raimundo","street":"Calle Juan Belmonte","number":"147","osm_id":"way/1169317965"},"geometry":{"type":"Polygon","coordinates":[[[-6.0016465,37.369565],[-6.0016835,37.3694044],[-6.0016343,37.3693976],[-6.0015979,37.3695582],[-6.0016465,37.369565]]]}},{"type":"Feature","properties":{"row":6,"col":84,"name":"El Cortijo de Doña Ana","street":"Calle Juan Belmonte","number":"56","osm_id":"way/1164882122"},"geometry":{"type":"Polygon","coordinates":[[[-5.9990029,37.3694366],[-5.9989739,37.3695816],[-5.9990139,37.3695862],[-5.9990456,37.3694427],[-5.9990029,37.3694366]]]}},{"type":"Feature","properties":{"row":6,"col":85,"name":"Los Flotantes (persan S.a.)","street":"Calle Juan Belmonte","number":"149","osm_id":"way/1169317966"},"geometry":{"type":"Polygon","coordinates":[[[-6.0017373,37.3695778],[-6.0017731,37.3694168],[-6.0017306,37.3694109],[-6.0016835,37.3694044],[-6.0016465,37.369565],[-6.0017373,37.3695778]]]}},{"type":"Feature","properties":{"row":6,"col":86,"name":"El Revoltijo","street":"Calle Juan Belmonte","number":"145","osm_id":"way/1169317964"},"geometry":{"type":"Polygon","coordinates":[[[-6.0015979,37.3695582],[-6.0016343,37.3693976],[-6.0015899,37.3693914],[-6.001556,37.3695523],[-6.0015979,37.3695582]]]}},{"type":"Feature","properties":{"row":6,"col":87,"name":"Los Malacatruquis","street":"Calle Ricardo Torres Bombita","number":"57","osm_id":"way/1169317937"},"geometry":{"type":"Polygon","coordinates":[[[-6.0023973,37.3695174],[-6.002405,37.3694822],[-6.0022392,37.3694563],[-6.002234,37.3694808],[-6.0022312,37.3694939],[-6.0023973,37.3695174]]]}},{"type":"Feature","properties":{"row":6,"col":88,"name":"Nuevo Casino","street":"Calle Juan Belmonte","number":"54","osm_id":"way/1164882123"},"geometry":{"type":"Polygon","coordinates":[[[-5.9989551,37.3694298],[-5.9989222,37.3695735],[-5.9989739,37.3695816],[-5.9990029,37.3694366],[-5.9989551,37.3694298]]]}},{"type":"Feature","properties":{"row":6,"col":89,"name":"Belmonte Jimenez Rafael","street":"Calle Juan Belmonte","number":"143","osm_id":"way/1169317963"},"geometry":{"type":"Polygon","coordinates":[[[-6.001556,37.3695523],[-6.0015899,37.3693914],[-6.0015444,37.3693851],[-6.0015129,37.3695462],[-6.001556,37.3695523]]]}},{"type":"Feature","properties":{"row":6,"col":90,"name":"Amate Garcia Luis","street":"Calle Juan Belmonte","number":"135","osm_id":"way/1169317959"},"geometry":{"type":"Polygon","coordinates":[[[-6.0013756,37.3695268],[-6.0013988,37.3694167],[-6.0013488,37.3694087],[-6.0013242,37.3695196],[-6.0013756,37.3695268]]]}},{"type":"Feature","properties":{"row":6,"col":91,"name":"La Pajuela","street":"Calle Ignacio Sánchez Mejías","number":"67","osm_id":"way/1169334156"},"geometry":{"type":"Polygon","coordinates":[[[-5.995724,37.3694935],[-5.9957221,37.3694558],[-5.9953851,37.369459],[-5.9953857,37.3694967],[-5.995724,37.3694935]]]}},{"type":"Feature","properties":{"row":6,"col":92,"name":"Los Cuarentones","street":"Calle Juan Belmonte","number":"50","osm_id":"way/1164882124"},"geometry":{"type":"Polygon","coordinates":[[[-5.9988628,37.3694167],[-5.9988316,37.3695608],[-5.9989222,37.3695735],[-5.9989551,37.3694298],[-5.9988628,37.3694167]]]}},{"type":"Feature","properties":{"row":6,"col":93,"name":"Murillo Taravillo Maria Luisa","street":"Calle Juan Belmonte","number":"141","osm_id":"way/1169317962"},"geometry":{"type":"Polygon","coordinates":[[[-6.0015129,37.3695462],[-6.0015444,37.3693851],[-6.0015023,37.3693792],[-6.0014685,37.3695399],[-6.0015129,37.3695462]]]}},{"type":"Feature","properties":{"row":6,"col":94,"name":"El Retorno","street":"Calle Ricardo Torres Bombita","number":"60","osm_id":"way/1169317986"},"geometry":{"type":"Polygon","coordinates":[[[-6.0027072,37.3695114],[-6.0028048,37.3695254],[-6.0028295,37.3694305],[-6.0027299,37.3694116],[-6.0027072,37.3695114]]]}},{"type":"Feature","properties":{"row":6,"col":95,"name":"Entre Farolillos","street":"Calle Antonio Bienvenida","number":"81","osm_id":"way/1272224360"},"geometry":{"type":"Polygon","coordinates":[[[-5.9969807,37.3694866],[-5.9969794,37.3694507],[-5.9966946,37.3694598],[-5.9966965,37.369495],[-5.9969807,37.3694866]]]}},{"type":"Feature","properties":{"row":6,"col":96,"name":"El Almancebe","street":"Calle Antonio Bienvenida","number":"34","osm_id":"way/1164882173"},"geometry":{"type":"Polygon","coordinates":[[[-5.9974781,37.3694889],[-5.9976558,37.3694881],[-5.9976602,37.3694692],[-5.9976649,37.3694495],[-5.9974764,37.3694547],[-5.9974781,37.3694889]]]}},{"type":"Feature","properties":{"row":6,"col":97,"name":"Antonio Rodriguez Abascal y Otros","street":"Calle Juan Belmonte","number":"139","osm_id":"way/1169317961"},"geometry":{"type":"Polygon","coordinates":[[[-6.0014685,37.3695399],[-6.0015023,37.3693792],[-6.0014555,37.3693727],[-6.0014213,37.3695333],[-6.0014685,37.3695399]]]}},{"type":"Feature","properties":{"row":6,"col":98,"name":"Bonanza","street":"Calle Pascual Márquez","number":"186","osm_id":"way/1169317985"},"geometry":{"type":"Polygon","coordinates":[[[-6.0028295,37.3694305],[-6.0028048,37.3695254],[-6.0028446,37.3695311],[-6.0028661,37.3694374],[-6.0028295,37.3694305]]]}},{"type":"Feature","properties":{"row":6,"col":99,"name":"El Gato","street":"Calle Juan Belmonte","number":"48","osm_id":"way/1164882125"},"geometry":{"type":"Polygon","coordinates":[[[-5.9988163,37.3694101],[-5.9987842,37.3695541],[-5.9988316,37.3695608],[-5.9988628,37.3694167],[-5.9988163,37.3694101]]]}},{"type":"Feature","properties":{"row":7,"col":0,"name":"La Tardona","street":"Calle Jiménez Chicuelo","number":"50","osm_id":"way/1169317958"},"geometry":{"type":"Polygon","coordinates":[[[-6.0013242,37.3695196],[-6.0013488,37.3694087],[-6.0012315,37.3693923],[-6.0012091,37.3695034],[-6.0013242,37.3695196]]]}},{"type":"Feature","properties":{"row":7,"col":1,"name":"Hermandad de los Dolores","street":"Calle Ignacio Sánchez Mejías","number":"54","osm_id":"way/1169334151"},"geometry":{"type":"Polygon","coordinates":[[[-5.9959822,37.369482],[-5.9961768,37.369476],[-5.9962238,37.3694745],[-5.9962708,37.3694731],[-5.996283,37.3694727],[-5.9962813,37.3694358],[-5.9959804,37.3694444],[-5.9959822,37.369482]]]}},{"type":"Feature","properties":{"row":7,"col":2,"name":"Los Amigos del Porty","street":"Calle Pepe Hillo","number":"35","osm_id":"way/1164882158"},"geometry":{"type":"Polygon","coordinates":[[[-5.9978224,37.3694917],[-5.9978323,37.3694529],[-5.9976693,37.3694304],[-5.9976649,37.3694495],[-5.9976602,37.3694692],[-5.9978224,37.3694917]]]}},{"type":"Feature","properties":{"row":7,"col":3,"name":"El Giraldillo de Osario","street":"Calle Juan Belmonte","number":"46","osm_id":"way/1164882126"},"geometry":{"type":"Polygon","coordinates":[[[-5.9987701,37.3694035],[-5.9987352,37.3695472],[-5.9987842,37.3695541],[-5.9988163,37.3694101],[-5.9987701,37.3694035]]]}},{"type":"Feature","properties":{"row":7,"col":4,"name":"Asociacion Cultural Giralda","street":"Calle Costillares","number":"74","osm_id":"way/1169337985"},"geometry":{"type":"Polygon","coordinates":[[[-6.0041864,37.3694206],[-6.0041737,37.3694973],[-6.0044414,37.3695267],[-6.0044569,37.3694511],[-6.0041864,37.3694206]]]}},{"type":"Feature","properties":{"row":7,"col":5,"name":"Los Amigos del Foso","street":"Calle Ricardo Torres Bombita","number":"59","osm_id":"way/1169317936"},"geometry":{"type":"Polygon","coordinates":[[[-6.002405,37.3694822],[-6.0024129,37.3694457],[-6.0022468,37.3694209],[-6.0022392,37.3694563],[-6.002405,37.3694822]]]}},{"type":"Feature","properties":{"row":7,"col":6,"name":"Gutierrez Casaus Maria","street":"Calle Juan Belmonte","number":"137","osm_id":"way/1169317960"},"geometry":{"type":"Polygon","coordinates":[[[-6.0014213,37.3695333],[-6.0014555,37.3693727],[-6.0014094,37.3693663],[-6.0014074,37.3693759],[-6.0013988,37.3694167],[-6.0013756,37.3695268],[-6.0014213,37.3695333]]]}},{"type":"Feature","properties":{"row":7,"col":7,"name":"Blanco Romero","street":"Calle Antonio Bienvenida","number":"83","osm_id":"way/1272224359"},"geometry":{"type":"Polygon","coordinates":[[[-5.9969794,37.3694507],[-5.996978,37.3694113],[-5.9966452,37.3694208],[-5.9966467,37.3694613],[-5.9966946,37.3694598],[-5.9969794,37.3694507]]]}},{"type":"Feature","properties":{"row":7,"col":8,"name":"Otto y Fritz con Sus Amigos","street":"Calle Antonio Bienvenida","number":"36","osm_id":"way/1164882172"},"geometry":{"type":"Polygon","coordinates":[[[-5.9974764,37.3694547],[-5.9976649,37.3694495],[-5.9976693,37.3694304],[-5.9976731,37.3694145],[-5.99763,37.3694148],[-5.9974744,37.3694164],[-5.9974764,37.3694547]]]}},{"type":"Feature","properties":{"row":7,"col":9,"name":"El Zafacon","street":"Calle Juan Belmonte","number":"38","osm_id":"way/1164882128"},"geometry":{"type":"Polygon","coordinates":[[[-5.9985884,37.3693777],[-5.9985574,37.3695045],[-5.9986042,37.3695114],[-5.9986318,37.3693838],[-5.9985884,37.3693777]]]}},{"type":"Feature","properties":{"row":7,"col":10,"name":"Guillermo Machuca Portillo","street":"Calle Pepe Hillo","number":"37","osm_id":"way/1164882157"},"geometry":{"type":"Polygon","coordinates":[[[-5.9978323,37.3694529],[-5.9978415,37.3694165],[-5.9976778,37.3693945],[-5.9976731,37.3694145],[-5.9976693,37.3694304],[-5.9978323,37.3694529]]]}},{"type":"Feature","properties":{"row":7,"col":11,"name":"La Agüela","street":"Calle Juan Belmonte","number":"36","osm_id":"way/1164882129"},"geometry":{"type":"Polygon","coordinates":[[[-5.9985416,37.369371],[-5.9985107,37.3694975],[-5.9985574,37.3695045],[-5.9985884,37.3693777],[-5.9985416,37.369371]]]}},{"type":"Feature","properties":{"row":7,"col":12,"name":"Los Belloteros","street":"Calle Ignacio Sánchez Mejías","number":"52","osm_id":"way/1169334124"},"geometry":{"type":"Polygon","coordinates":[[[-5.9962813,37.3694358],[-5.9962796,37.3693989],[-5.9959787,37.3694068],[-5.9959804,37.3694444],[-5.9962813,37.3694358]]]}},{"type":"Feature","properties":{"row":7,"col":13,"name":"Amigos de Maribel","street":"Calle Juan Belmonte","number":"34","osm_id":"way/1164882130"},"geometry":{"type":"Polygon","coordinates":[[[-5.9984923,37.369364],[-5.9984643,37.3694906],[-5.9985107,37.3694975],[-5.9985416,37.369371],[-5.9984923,37.369364]]]}},{"type":"Feature","properties":{"row":7,"col":14,"name":"Fernandez Rodriguez Eugenio","street":"Calle Ricardo Torres Bombita","number":"61","osm_id":"way/1169317935"},"geometry":{"type":"Polygon","coordinates":[[[-6.0024129,37.3694457],[-6.0024224,37.3694017],[-6.0023053,37.369386],[-6.0022556,37.3693794],[-6.0022468,37.3694209],[-6.0024129,37.3694457]]]}},{"type":"Feature","properties":{"row":7,"col":15,"name":"Distritos Sur-bellavista-la Palmera","street":"Calle Ignacio Sánchez Mejías","number":"61","osm_id":"way/1169334150"},"geometry":{"type":"Polygon","coordinates":[[[-5.9957221,37.3694558],[-5.9957158,37.3693417],[-5.9953822,37.369347],[-5.9953851,37.369459],[-5.9957221,37.3694558]]]}},{"type":"Feature","properties":{"row":7,"col":16,"name":"El Apeadero","street":"Calle Costillares","number":"78","osm_id":"way/1169337986"},"geometry":{"type":"Polygon","coordinates":[[[-6.0044664,37.3694048],[-6.0041942,37.3693733],[-6.0041864,37.3694206],[-6.0044569,37.3694511],[-6.0044664,37.3694048]]]}},{"type":"Feature","properties":{"row":7,"col":17,"name":"Ruiz Romero Joaquin","street":"Calle Juan Belmonte","number":"32","osm_id":"way/1164882131"},"geometry":{"type":"Polygon","coordinates":[[[-5.998446,37.3693574],[-5.99842,37.369484],[-5.9984643,37.3694906],[-5.9984923,37.369364],[-5.998446,37.3693574]]]}},{"type":"Feature","properties":{"row":7,"col":18,"name":"Wifredo Er Velloso","street":"Calle Juan Belmonte","number":"127","osm_id":"way/1167336776"},"geometry":{"type":"Polygon","coordinates":[[[-6.0008469,37.369449],[-6.0009158,37.3694586],[-6.0009409,37.3693498],[-6.0008728,37.3693397],[-6.0008469,37.369449]]]}},{"type":"Feature","properties":{"row":7,"col":19,"name":"El Pitorreo","street":"Calle Juan Belmonte","number":"30","osm_id":"way/1164882132"},"geometry":{"type":"Polygon","coordinates":[[[-5.9984014,37.3693511],[-5.9983718,37.3694769],[-5.99842,37.369484],[-5.998446,37.3693574],[-5.9984014,37.3693511]]]}},{"type":"Feature","properties":{"row":7,"col":20,"name":"Garcia-alexandre Olivera Pilar","street":"Calle Juan Belmonte","number":"125","osm_id":"way/1167336777"},"geometry":{"type":"Polygon","coordinates":[[[-6.0008025,37.3694429],[-6.0008469,37.369449],[-6.0008728,37.3693397],[-6.0008267,37.3693326],[-6.0008025,37.3694429]]]}},{"type":"Feature","properties":{"row":7,"col":21,"name":"Supercinco","street":"Calle Antonio Bienvenida","number":"85","osm_id":"way/1272224358"},"geometry":{"type":"Polygon","coordinates":[[[-5.996978,37.3694113],[-5.9969767,37.369376],[-5.9966439,37.3693864],[-5.9966452,37.3694208],[-5.996978,37.3694113]]]}},{"type":"Feature","properties":{"row":7,"col":22,"name":"Las Brujitas","street":"Calle Antonio Bienvenida","number":"38","osm_id":"way/1164882169"},"geometry":{"type":"Polygon","coordinates":[[[-5.9974744,37.3694164],[-5.99763,37.3694148],[-5.9976388,37.3693728],[-5.9974724,37.3693772],[-5.9974744,37.3694164]]]}},{"type":"Feature","properties":{"row":7,"col":23,"name":"El Angel de la Feria","street":"Calle Juan Belmonte","number":"28","osm_id":"way/1164882133"},"geometry":{"type":"Polygon","coordinates":[[[-5.998354,37.3693443],[-5.9983244,37.3694698],[-5.9983718,37.3694769],[-5.9984014,37.3693511],[-5.998354,37.3693443]]]}},{"type":"Feature","properties":{"row":7,"col":24,"name":"Silva Jimenez Alvaro","street":"Calle Juan Belmonte","number":"123","osm_id":"way/1167336779"},"geometry":{"type":"Polygon","coordinates":[[[-6.0007553,37.3694363],[-6.0008025,37.3694429],[-6.0008267,37.3693326],[-6.0007785,37.3693264],[-6.0007553,37.3694363]]]}},{"type":"Feature","properties":{"row":7,"col":25,"name":"Los Amigos de Pepe Roman","street":"Calle Jiménez Chicuelo","number":"56","osm_id":"way/1169317957"},"geometry":{"type":"Polygon","coordinates":[[[-6.0012315,37.3693923],[-6.0013488,37.3694087],[-6.0013988,37.3694167],[-6.0014074,37.3693759],[-6.0012399,37.3693507],[-6.0012315,37.3693923]]]}},{"type":"Feature","properties":{"row":7,"col":26,"name":"Los Palillos","street":"Calle Ignacio Sánchez Mejías","number":"50","osm_id":"way/1169334123"},"geometry":{"type":"Polygon","coordinates":[[[-5.9962796,37.3693989],[-5.996278,37.369362],[-5.9959769,37.3693691],[-5.9959787,37.3694068],[-5.9962796,37.3693989]]]}},{"type":"Feature","properties":{"row":7,"col":27,"name":"A.c.a.e.p.","street":"Calle Pascual Márquez","number":"170","osm_id":"way/1169317939"},"geometry":{"type":"Polygon","coordinates":[[[-6.0021866,37.3692574],[-6.0021438,37.3694683],[-6.0021848,37.3694739],[-6.002234,37.3694808],[-6.0022392,37.3694563],[-6.0022468,37.3694209],[-6.0022556,37.3693794],[-6.0022787,37.3692707],[-6.0021866,37.3692574]]]}},{"type":"Feature","properties":{"row":7,"col":28,"name":"Los Veintiuno y No Mas","street":"Calle Pepe Hillo","number":"39","osm_id":"way/1164882156"},"geometry":{"type":"Polygon","coordinates":[[[-5.9978415,37.3694165],[-5.9978564,37.3693581],[-5.9976914,37.3693365],[-5.9976778,37.3693945],[-5.9978415,37.3694165]]]}},{"type":"Feature","properties":{"row":7,"col":29,"name":"De Cai a Sevilla","street":"Calle Costillares","number":"80","osm_id":"way/1169337967"},"geometry":{"type":"Polygon","coordinates":[[[-6.0041942,37.3693733],[-6.0044664,37.3694048],[-6.0044759,37.3693586],[-6.0042021,37.369326],[-6.0041942,37.3693733]]]}},{"type":"Feature","properties":{"row":7,"col":30,"name":"Los Mojaos","street":"Calle Antonio Bienvenida","number":"87","osm_id":"way/1272224357"},"geometry":{"type":"Polygon","coordinates":[[[-5.9969767,37.369376],[-5.9969755,37.369341],[-5.9966427,37.3693515],[-5.9966439,37.3693864],[-5.9969767,37.369376]]]}},{"type":"Feature","properties":{"row":7,"col":31,"name":"El Gazpachuelo","street":"Calle Juan Belmonte","number":"119","osm_id":"way/1167336781"},"geometry":{"type":"Polygon","coordinates":[[[-6.0006662,37.369424],[-6.0007116,37.3694303],[-6.0007451,37.369273],[-6.0007008,37.3692672],[-6.0006662,37.369424]]]}},{"type":"Feature","properties":{"row":7,"col":32,"name":"Puente Triana","street":"Calle Juan Belmonte","number":"117","osm_id":"way/1167336782"},"geometry":{"type":"Polygon","coordinates":[[[-6.0006208,37.3694177],[-6.0006662,37.369424],[-6.0007008,37.3692672],[-6.0006537,37.369261],[-6.0006208,37.3694177]]]}},{"type":"Feature","properties":{"row":7,"col":33,"name":"El Pradillo","street":"Calle Ricardo Torres Bombita","number":"63","osm_id":"way/1169317934"},"geometry":{"type":"Polygon","coordinates":[[[-6.0024224,37.3694017],[-6.0024457,37.3692948],[-6.0023289,37.3692779],[-6.0023053,37.369386],[-6.0024224,37.3694017]]]}},{"type":"Feature","properties":{"row":7,"col":34,"name":"Silva Gallardo Luis","street":"Calle Juan Belmonte","number":"121","osm_id":"way/1167336780"},"geometry":{"type":"Polygon","coordinates":[[[-6.0007116,37.3694303],[-6.0007553,37.3694363],[-6.0007785,37.3693264],[-6.0007867,37.369288],[-6.0007886,37.3692788],[-6.0007451,37.369273],[-6.0007116,37.3694303]]]}},{"type":"Feature","properties":{"row":7,"col":35,"name":"Los Casiultimos","street":"Calle Antonio Bienvenida","number":"40","osm_id":"way/1164882170"},"geometry":{"type":"Polygon","coordinates":[[[-5.9976469,37.3693343],[-5.9974705,37.3693386],[-5.9974724,37.3693772],[-5.9976388,37.3693728],[-5.9976469,37.3693343]]]}},{"type":"Feature","properties":{"row":7,"col":36,"name":"Castro del Olmo Jose Luis","street":"Calle Juan Belmonte","number":"115","osm_id":"way/1167336783"},"geometry":{"type":"Polygon","coordinates":[[[-6.0005696,37.3694106],[-6.0006208,37.3694177],[-6.0006537,37.369261],[-6.0006034,37.3692543],[-6.0005696,37.3694106]]]}},{"type":"Feature","properties":{"row":7,"col":37,"name":"Gonzalez Candau Gracia","street":"Calle Jiménez Chicuelo","number":"58","osm_id":"way/1169317955"},"geometry":{"type":"Polygon","coordinates":[[[-6.0012399,37.3693507],[-6.0014074,37.3693759],[-6.0014094,37.3693663],[-6.0014143,37.369343],[-6.0012469,37.3693163],[-6.0012399,37.3693507]]]}},{"type":"Feature","properties":{"row":7,"col":38,"name":"Hermandad de la Hiniesta","street":"Calle Ignacio Sánchez Mejías","number":"48","osm_id":"way/1169334122"},"geometry":{"type":"Polygon","coordinates":[[[-5.996278,37.369362],[-5.9962763,37.3693252],[-5.9959752,37.3693315],[-5.9959769,37.3693691],[-5.996278,37.369362]]]}},{"type":"Feature","properties":{"row":7,"col":39,"name":"El Callejon","street":"Calle Pascual Márquez","number":"164","osm_id":"way/1169317941"},"geometry":{"type":"Polygon","coordinates":[[[-6.0020489,37.3692375],[-6.0020044,37.3694489],[-6.0020527,37.3694556],[-6.0020971,37.3694618],[-6.0021415,37.3692509],[-6.0020489,37.3692375]]]}},{"type":"Feature","properties":{"row":7,"col":40,"name":"Al-andalus","street":"Calle Juan Belmonte","number":"10","osm_id":"way/1164882168"},"geometry":{"type":"Polygon","coordinates":[[[-5.9976631,37.3692572],[-5.9976469,37.3693343],[-5.9976388,37.3693728],[-5.99763,37.3694148],[-5.9976731,37.3694145],[-5.9976778,37.3693945],[-5.9976914,37.3693365],[-5.9977085,37.3692635],[-5.9976631,37.3692572]]]}},{"type":"Feature","properties":{"row":7,"col":41,"name":"Amigos de Gumer","street":"Calle Pascual Márquez","number":"168","osm_id":"way/1169317940"},"geometry":{"type":"Polygon","coordinates":[[[-6.0021415,37.3692509],[-6.0020971,37.3694618],[-6.0021438,37.3694683],[-6.0021866,37.3692574],[-6.0021415,37.3692509]]]}},{"type":"Feature","properties":{"row":7,"col":42,"name":"Peña la Badila","street":"Calle Juan Belmonte","number":"109","osm_id":"way/1167336794"},"geometry":{"type":"Polygon","coordinates":[[[-6.0004322,37.3693916],[-6.0004769,37.3693978],[-6.0005125,37.3692424],[-6.0004663,37.3692363],[-6.0004322,37.3693916]]]}},{"type":"Feature","properties":{"row":7,"col":43,"name":"Peña la Pringa","street":"Calle Jiménez Chicuelo","number":"63","osm_id":"way/1167336778"},"geometry":{"type":"Polygon","coordinates":[[[-6.0009409,37.3693498],[-6.0009493,37.3693131],[-6.0007867,37.369288],[-6.0007785,37.3693264],[-6.0008267,37.3693326],[-6.0008728,37.3693397],[-6.0009409,37.3693498]]]}},{"type":"Feature","properties":{"row":7,"col":44,"name":"La 107","street":"Calle Juan Belmonte","number":"107","osm_id":"way/1167336784"},"geometry":{"type":"Polygon","coordinates":[[[-6.0003828,37.3693848],[-6.0004322,37.3693916],[-6.0004663,37.3692363],[-6.0004145,37.3692295],[-6.0003828,37.3693848]]]}},{"type":"Feature","properties":{"row":7,"col":45,"name":"Peña Cultural Regina","street":"Calle Juan Belmonte","number":"111","osm_id":"way/1167336793"},"geometry":{"type":"Polygon","coordinates":[[[-6.0004769,37.3693978],[-6.0005696,37.3694106],[-6.0006034,37.3692543],[-6.0005602,37.3692487],[-6.0005125,37.3692424],[-6.0004769,37.3693978]]]}},{"type":"Feature","properties":{"row":7,"col":46,"name":"Asoc. Cultural Aa.aa. F.p. Virgen de los Reyes","street":"Calle Antonio Bienvenida","number":"89","osm_id":"way/1164882217"},"geometry":{"type":"Polygon","coordinates":[[[-5.9969742,37.3693047],[-5.9966411,37.3693132],[-5.9966427,37.3693515],[-5.9969755,37.369341],[-5.9969742,37.3693047]]]}},{"type":"Feature","properties":{"row":7,"col":47,"name":"Los Cortijeros","street":"Calle Pascual Márquez","number":"156","osm_id":"way/1169317944"},"geometry":{"type":"Polygon","coordinates":[[[-6.001868,37.3692114],[-6.0018217,37.3694236],[-6.0018684,37.36943],[-6.0019128,37.3694362],[-6.0019595,37.3692246],[-6.001868,37.3692114]]]}},{"type":"Feature","properties":{"row":7,"col":48,"name":"Pepe Hillo 41-43","street":"Calle Pepe Hillo","number":"41","osm_id":"way/1164882155"},"geometry":{"type":"Polygon","coordinates":[[[-5.9978564,37.3693581],[-5.9978747,37.3692864],[-5.9977085,37.3692635],[-5.9976914,37.3693365],[-5.9978564,37.3693581]]]}},{"type":"Feature","properties":{"row":7,"col":49,"name":"La Puntaita","street":"Calle Pascual Márquez","number":"174","osm_id":"way/1169317933"},"geometry":{"type":"Polygon","coordinates":[[[-6.0023289,37.3692779],[-6.0022787,37.3692707],[-6.0022556,37.3693794],[-6.0023053,37.369386],[-6.0023289,37.3692779]]]}},{"type":"Feature","properties":{"row":7,"col":50,"name":"Arroz Pa'cuatro","street":"Calle Pascual Márquez","number":"162","osm_id":"way/1169317942"},"geometry":{"type":"Polygon","coordinates":[[[-6.0020034,37.369231],[-6.0019567,37.3694423],[-6.0020044,37.3694489],[-6.0020489,37.3692375],[-6.0020034,37.369231]]]}},{"type":"Feature","properties":{"row":7,"col":51,"name":"Negociado de Via Publica.excmo. Ayto.","street":"Calle Juan Belmonte","number":"105","osm_id":"way/1167336785"},"geometry":{"type":"Polygon","coordinates":[[[-6.000338,37.3693786],[-6.0003828,37.3693848],[-6.0004145,37.3692295],[-6.0003983,37.3692274],[-6.0003824,37.3693015],[-6.0003553,37.3692979],[-6.000338,37.3693786]]]}},{"type":"Feature","properties":{"row":7,"col":52,"name":"Los Justitos","street":"Calle Ignacio Sánchez Mejías","number":"46","osm_id":"way/1169334121"},"geometry":{"type":"Polygon","coordinates":[[[-5.9962763,37.3693252],[-5.9962746,37.3692883],[-5.9959734,37.3692939],[-5.9959752,37.3693315],[-5.9962763,37.3693252]]]}},{"type":"Feature","properties":{"row":7,"col":53,"name":"Asoc. Cultural Chicuelo 60","street":"Calle Jiménez Chicuelo","number":"60","osm_id":"way/1169317954"},"geometry":{"type":"Polygon","coordinates":[[[-6.0012469,37.3693163],[-6.0014143,37.369343],[-6.0014223,37.369305],[-6.0012541,37.3692805],[-6.0012469,37.3693163]]]}},{"type":"Feature","properties":{"row":7,"col":54,"name":"Pleno a los Quince ... Años","street":"Calle Pascual Márquez","number":"160","osm_id":"way/1169317943"},"geometry":{"type":"Polygon","coordinates":[[[-6.0019595,37.3692246],[-6.0019128,37.3694362],[-6.0019567,37.3694423],[-6.0020034,37.369231],[-6.0019595,37.3692246]]]}},{"type":"Feature","properties":{"row":7,"col":55,"name":"Peña Betica San Bernardo","street":"Calle Pascual Márquez","number":"152","osm_id":"way/1169317945"},"geometry":{"type":"Polygon","coordinates":[[[-6.001777,37.3691983],[-6.0017306,37.3694109],[-6.0017731,37.3694168],[-6.0018217,37.3694236],[-6.001868,37.3692114],[-6.001777,37.3691983]]]}},{"type":"Feature","properties":{"row":7,"col":56,"name":"Re.co","street":"Calle Ignacio Sánchez Mejías","number":"57","osm_id":"way/1169334149"},"geometry":{"type":"Polygon","coordinates":[[[-5.9957158,37.3693417],[-5.9957111,37.3692578],[-5.9953799,37.3692609],[-5.9953822,37.369347],[-5.9957158,37.3693417]]]}},{"type":"Feature","properties":{"row":7,"col":57,"name":"Servicio de Salud","street":"Calle Juan Belmonte","number":"103","osm_id":"way/1167336786"},"geometry":{"type":"Polygon","coordinates":[[[-6.0002926,37.3693723],[-6.000338,37.3693786],[-6.0003553,37.3692979],[-6.0003304,37.3692951],[-6.0003456,37.3692204],[-6.0003248,37.3692177],[-6.0002926,37.3693723]]]}},{"type":"Feature","properties":{"row":7,"col":58,"name":"La Pepi","street":"Calle Costillares","number":"82","osm_id":"way/1169337966"},"geometry":{"type":"Polygon","coordinates":[[[-6.0044759,37.3693586],[-6.0044956,37.3692625],[-6.0042177,37.3692319],[-6.0042021,37.369326],[-6.0044759,37.3693586]]]}},{"type":"Feature","properties":{"row":7,"col":59,"name":"Los de la Zeta","street":"Calle Juan Belmonte","number":"99","osm_id":"way/1166219351"},"geometry":{"type":"Polygon","coordinates":[[[-6.0002052,37.3693602],[-6.0002926,37.3693723],[-6.0003248,37.3692177],[-6.0002341,37.3692057],[-6.0002052,37.3693602]]]}},{"type":"Feature","properties":{"row":7,"col":60,"name":"Hermandad de San Esteban","street":"Calle Antonio Bienvenida","number":"42","osm_id":"way/1164882171"},"geometry":{"type":"Polygon","coordinates":[[[-5.9974705,37.3693386],[-5.9976469,37.3693343],[-5.9976631,37.3692572],[-5.997465,37.3692299],[-5.9974705,37.3693386]]]}},{"type":"Feature","properties":{"row":7,"col":61,"name":"La Cosa Esta Achucha","street":"Calle Juan Belmonte","number":"97","osm_id":"way/1166219352"},"geometry":{"type":"Polygon","coordinates":[[[-6.0001621,37.3693542],[-6.0002052,37.3693602],[-6.0002341,37.3692057],[-6.0001924,37.3692002],[-6.0001621,37.3693542]]]}},{"type":"Feature","properties":{"row":7,"col":62,"name":"Los Deficitarios Perpetuos","street":"Calle Pascual Márquez","number":"138","osm_id":"way/1169317956"},"geometry":{"type":"Polygon","coordinates":[[[-6.0014094,37.3693663],[-6.0014555,37.3693727],[-6.0014994,37.3691582],[-6.0014546,37.3691518],[-6.0014296,37.3692702],[-6.0014223,37.369305],[-6.0014143,37.369343],[-6.0014094,37.3693663]]]}},{"type":"Feature","properties":{"row":7,"col":63,"name":"La Voltereta","street":"Calle Juan Belmonte","number":"95","osm_id":"way/1166219353"},"geometry":{"type":"Polygon","coordinates":[[[-6.0001142,37.3693476],[-6.0001621,37.3693542],[-6.0001924,37.3692002],[-6.000143,37.3691937],[-6.0001142,37.3693476]]]}},{"type":"Feature","properties":{"row":7,"col":64,"name":"Balon Alcala Antonio","street":"Calle Jiménez Chicuelo","number":"65","osm_id":"way/1167336775"},"geometry":{"type":"Polygon","coordinates":[[[-6.0009493,37.3693131],[-6.0009579,37.369276],[-6.0007945,37.3692509],[-6.0007886,37.3692788],[-6.0007867,37.369288],[-6.0009493,37.3693131]]]}},{"type":"Feature","properties":{"row":7,"col":65,"name":"Cuatro Der 93","street":"Calle Costillares","number":"65","osm_id":"way/1169317888"},"geometry":{"type":"Polygon","coordinates":[[[-6.0036086,37.3692989],[-6.003804,37.3693356],[-6.0038256,37.3692661],[-6.0036312,37.3692276],[-6.0036086,37.3692989]]]}},{"type":"Feature","properties":{"row":7,"col":66,"name":"I.d.t.s.a.","street":"Calle Antonio Bienvenida","number":"91","osm_id":"way/1164882218"},"geometry":{"type":"Polygon","coordinates":[[[-5.9969728,37.3692668],[-5.9966398,37.3692712],[-5.9966411,37.3693132],[-5.9969742,37.3693047],[-5.9969728,37.3692668]]]}},{"type":"Feature","properties":{"row":7,"col":67,"name":"Familia Carlos Gomez","street":"Calle Juan Belmonte","number":"93","osm_id":"way/1166219354"},"geometry":{"type":"Polygon","coordinates":[[[-6.0000672,37.3693411],[-6.0001142,37.3693476],[-6.000143,37.3691937],[-6.0000986,37.3691879],[-6.0000672,37.3693411]]]}},{"type":"Feature","properties":{"row":7,"col":68,"name":"Conejero Perez Jesus","street":"Calle Pascual Márquez","number":"150","osm_id":"way/1169317946"},"geometry":{"type":"Polygon","coordinates":[[[-6.0017305,37.3691916],[-6.0016835,37.3694044],[-6.0017306,37.3694109],[-6.001777,37.3691983],[-6.0017305,37.3691916]]]}},{"type":"Feature","properties":{"row":7,"col":69,"name":"Casa de Extremadura","street":"Calle Pascual Márquez","number":"142","osm_id":"way/1169317949"},"geometry":{"type":"Polygon","coordinates":[[[-6.0015467,37.3691651],[-6.0015023,37.3693792],[-6.0015444,37.3693851],[-6.0015899,37.3693914],[-6.0016343,37.3691777],[-6.0015467,37.3691651]]]}},{"type":"Feature","properties":{"row":7,"col":70,"name":"Romero Lopez Jose","street":"Calle Juan Belmonte","number":"91","osm_id":"way/1166219355"},"geometry":{"type":"Polygon","coordinates":[[[-6.0000225,37.3693349],[-6.0000672,37.3693411],[-6.0000986,37.3691879],[-6.0000523,37.3691818],[-6.0000225,37.3693349]]]}},{"type":"Feature","properties":{"row":7,"col":71,"name":"Abu Al-qasim","street":"Calle Ignacio Sánchez Mejías","number":"44","osm_id":"way/1169334120"},"geometry":{"type":"Polygon","coordinates":[[[-5.9962746,37.3692883],[-5.9962729,37.3692514],[-5.9959716,37.3692562],[-5.9959734,37.3692939],[-5.9962746,37.3692883]]]}},{"type":"Feature","properties":{"row":7,"col":72,"name":"La Revira","street":"Calle Jiménez Chicuelo","number":"62","osm_id":"way/1169317953"},"geometry":{"type":"Polygon","coordinates":[[[-6.0012541,37.3692805],[-6.0014223,37.369305],[-6.0014296,37.3692702],[-6.0013788,37.3692622],[-6.001261,37.3692462],[-6.0012541,37.3692805]]]}},{"type":"Feature","properties":{"row":7,"col":73,"name":"Los Desposados","street":"Calle Pascual Márquez","number":"148","osm_id":"way/1169317947"},"geometry":{"type":"Polygon","coordinates":[[[-6.0016799,37.3691843],[-6.0016343,37.3693976],[-6.0016835,37.3694044],[-6.0017305,37.3691916],[-6.0016799,37.3691843]]]}},{"type":"Feature","properties":{"row":7,"col":74,"name":"Asociacion los Martinez","street":"Calle Juan Belmonte","number":"85","osm_id":"way/1166219367"},"geometry":{"type":"Polygon","coordinates":[[[-5.999881,37.3693153],[-5.9999276,37.3693218],[-5.9999511,37.3692076],[-5.999906,37.3692015],[-5.999881,37.3693153]]]}},{"type":"Feature","properties":{"row":7,"col":75,"name":"Hermandad del Cachorro","street":"Calle Juan Belmonte","number":"89","osm_id":"way/1166219359"},"geometry":{"type":"Polygon","coordinates":[[[-5.999979,37.3693289],[-6.0000225,37.3693349],[-6.0000523,37.3691818],[-6.000008,37.369176],[-5.999979,37.3693289]]]}},{"type":"Feature","properties":{"row":7,"col":76,"name":"El Bache","street":"Calle Pascual Márquez","number":"146","osm_id":"way/1169317948"},"geometry":{"type":"Polygon","coordinates":[[[-6.0016343,37.3691777],[-6.0015899,37.3693914],[-6.0016343,37.3693976],[-6.0016799,37.3691843],[-6.0016343,37.3691777]]]}},{"type":"Feature","properties":{"row":7,"col":77,"name":"Ingenieros Industriales","street":"Calle Pepe Luis Vázquez","number":"66","osm_id":"way/1166219368"},"geometry":{"type":"Polygon","coordinates":[[[-5.9997579,37.3692983],[-5.999881,37.3693153],[-5.999906,37.3692015],[-5.999782,37.369185],[-5.9997579,37.3692983]]]}},{"type":"Feature","properties":{"row":7,"col":78,"name":"Rotary Club de Sevilla","street":"Calle Jiménez Chicuelo","number":"67","osm_id":"way/1167336774"},"geometry":{"type":"Polygon","coordinates":[[[-6.0009579,37.369276],[-6.000966,37.3692407],[-6.0008016,37.3692176],[-6.0007945,37.3692509],[-6.0009579,37.369276]]]}},{"type":"Feature","properties":{"row":7,"col":79,"name":"Peña Betica Cultural Macarena","street":"Calle Antonio Bienvenida","number":"93","osm_id":"way/1164882219"},"geometry":{"type":"Polygon","coordinates":[[[-5.9969715,37.3692304],[-5.9966385,37.3692357],[-5.9966398,37.3692712],[-5.9969728,37.3692668],[-5.9969715,37.3692304]]]}},{"type":"Feature","properties":{"row":7,"col":80,"name":"Los Abanicos","street":"Calle Pascual Márquez","number":"140","osm_id":"way/1169317950"},"geometry":{"type":"Polygon","coordinates":[[[-6.0014994,37.3691582],[-6.0014555,37.3693727],[-6.0015023,37.3693792],[-6.0015467,37.3691651],[-6.0014994,37.3691582]]]}},{"type":"Feature","properties":{"row":7,"col":81,"name":"La Familia","street":"Calle Ignacio Sánchez Mejías","number":"55","osm_id":"way/1169334148"},"geometry":{"type":"Polygon","coordinates":[[[-5.9957111,37.3692578],[-5.9957089,37.3692171],[-5.9954245,37.3692194],[-5.9953789,37.3692198],[-5.9953799,37.3692609],[-5.9957111,37.3692578]]]}},{"type":"Feature","properties":{"row":7,"col":82,"name":"Ciudad Jardin Peña Cultural","street":"Calle Ignacio Sánchez Mejías","number":"42","osm_id":"way/1169334119"},"geometry":{"type":"Polygon","coordinates":[[[-5.9962729,37.3692514],[-5.9962712,37.3692145],[-5.9959699,37.3692186],[-5.9959716,37.3692562],[-5.9962729,37.3692514]]]}},{"type":"Feature","properties":{"row":7,"col":83,"name":"Lopez-lozano Alonso de Caso Rosa Maria","street":"Calle Juan Belmonte","number":"87","osm_id":"way/1166219360"},"geometry":{"type":"Polygon","coordinates":[[[-6.000008,37.369176],[-5.999959,37.3691695],[-5.9999511,37.3692076],[-5.9999276,37.3693218],[-5.999979,37.3693289],[-6.000008,37.369176]]]}},{"type":"Feature","properties":{"row":7,"col":84,"name":"El 88 de Costillares","street":"Calle Costillares","number":"69","osm_id":"way/1169317884"},"geometry":{"type":"Polygon","coordinates":[[[-6.0038371,37.3692293],[-6.0036425,37.3691911],[-6.0036312,37.3692276],[-6.0038256,37.3692661],[-6.0038371,37.3692293]]]}},{"type":"Feature","properties":{"row":7,"col":85,"name":"Club Sevillano de Enganches","street":"Calle Pascual Márquez","number":"259","osm_id":"way/1169317889"},"geometry":{"type":"Polygon","coordinates":[[[-6.0035579,37.369289],[-6.0036086,37.3692989],[-6.0036312,37.3692276],[-6.0036425,37.3691911],[-6.0036534,37.3691562],[-6.0036021,37.3691466],[-6.0035579,37.369289]]]}},{"type":"Feature","properties":{"row":7,"col":86,"name":"Los Veintitantos","street":"Calle Pascual Márquez","number":"136","osm_id":"way/1169317952"},"geometry":{"type":"Polygon","coordinates":[[[-6.0013788,37.3692622],[-6.0014296,37.3692702],[-6.0014546,37.3691518],[-6.001404,37.3691445],[-6.0013788,37.3692622]]]}},{"type":"Feature","properties":{"row":7,"col":87,"name":"El Tirabuzon","street":"Calle Jiménez Chicuelo","number":"69","osm_id":"way/1167336773"},"geometry":{"type":"Polygon","coordinates":[[[-6.000966,37.3692407],[-6.0009747,37.3692028],[-6.0008588,37.3691861],[-6.0008098,37.3691789],[-6.0008016,37.3692176],[-6.000966,37.3692407]]]}},{"type":"Feature","properties":{"row":7,"col":88,"name":"Esfumar","street":"Calle Antonio Bienvenida","number":"95","osm_id":"way/1164882220"},"geometry":{"type":"Polygon","coordinates":[[[-5.9969701,37.3691904],[-5.9966371,37.3691984],[-5.9966385,37.3692357],[-5.9969715,37.3692304],[-5.9969701,37.3691904]]]}},{"type":"Feature","properties":{"row":7,"col":89,"name":"Tertulia Cultural Betica","street":"Calle Juan Belmonte","number":"75","osm_id":"way/1164892756"},"geometry":{"type":"Polygon","coordinates":[[[-5.9993828,37.3692433],[-5.9994749,37.3692563],[-5.9995009,37.3691465],[-5.9994075,37.3691317],[-5.9993828,37.3692433]]]}},{"type":"Feature","properties":{"row":7,"col":90,"name":"Sanchez Bello Eduardo","street":"Calle Ignacio Sánchez Mejías","number":"53","osm_id":"way/1169334147"},"geometry":{"type":"Polygon","coordinates":[[[-5.9957089,37.3692171],[-5.9957077,37.3691797],[-5.9954209,37.3691824],[-5.9954245,37.3692194],[-5.9957089,37.3692171]]]}},{"type":"Feature","properties":{"row":7,"col":91,"name":"Doble Cero","street":"Calle Ignacio Sánchez Mejías","number":"40","osm_id":"way/1169334118"},"geometry":{"type":"Polygon","coordinates":[[[-5.9962712,37.3692145],[-5.9962696,37.3691776],[-5.9959681,37.369181],[-5.9959699,37.3692186],[-5.9962712,37.3692145]]]}},{"type":"Feature","properties":{"row":7,"col":92,"name":"Los Amigos de la Torre","street":"Calle Pascual Márquez","number":"120","osm_id":"way/1167336787"},"geometry":{"type":"Polygon","coordinates":[[[-6.0007451,37.369273],[-6.0007886,37.3692788],[-6.0007945,37.3692509],[-6.0008016,37.3692176],[-6.0008098,37.3691789],[-6.000834,37.3690645],[-6.0007909,37.3690585],[-6.0007451,37.369273]]]}},{"type":"Feature","properties":{"row":7,"col":93,"name":"Amigos del Deporte Federado","street":"Calle Costillares","number":"71","osm_id":"way/1169317885"},"geometry":{"type":"Polygon","coordinates":[[[-6.0038371,37.3692293],[-6.0038485,37.3691926],[-6.0038202,37.3691873],[-6.0036534,37.3691562],[-6.0036425,37.3691911],[-6.0038371,37.3692293]]]}},{"type":"Feature","properties":{"row":7,"col":94,"name":"Asociacion G.e. Rtve-andalucia","street":"Calle Pascual Márquez","number":"116","osm_id":"way/1167336788"},"geometry":{"type":"Polygon","coordinates":[[[-6.0006537,37.369261],[-6.0007008,37.3692672],[-6.0007451,37.369273],[-6.0007909,37.3690585],[-6.0006989,37.3690456],[-6.0006537,37.369261]]]}},{"type":"Feature","properties":{"row":7,"col":95,"name":"Peña Serrana","street":"Calle Juan Belmonte","number":"71","osm_id":"way/1164892757"},"geometry":{"type":"Polygon","coordinates":[[[-5.999286,37.3692295],[-5.9993828,37.3692433],[-5.9994075,37.3691317],[-5.9993109,37.3691163],[-5.999286,37.3692295]]]}},{"type":"Feature","properties":{"row":7,"col":96,"name":"La Tita Soltera","street":"Calle Pepe Luis Vázquez","number":"72","osm_id":"way/1166219366"},"geometry":{"type":"Polygon","coordinates":[[[-5.9999511,37.3692076],[-5.999959,37.3691695],[-5.9997898,37.3691483],[-5.999782,37.369185],[-5.999906,37.3692015],[-5.9999511,37.3692076]]]}},{"type":"Feature","properties":{"row":7,"col":97,"name":"La Espuela","street":"Calle Jiménez Chicuelo","number":"64","osm_id":"way/1169317951"},"geometry":{"type":"Polygon","coordinates":[[[-6.001404,37.3691445],[-6.0012851,37.3691273],[-6.001261,37.3692462],[-6.0013788,37.3692622],[-6.001404,37.3691445]]]}},{"type":"Feature","properties":{"row":7,"col":98,"name":"Peña Sevillista Macarena","street":"Calle Pascual Márquez","number":"102","osm_id":"way/1166219349"},"geometry":{"type":"Polygon","coordinates":[[[-6.0003248,37.3692177],[-6.0003456,37.3692204],[-6.0003983,37.3692274],[-6.0004145,37.3692295],[-6.0004663,37.3692363],[-6.0005137,37.3690198],[-6.0003733,37.3690002],[-6.0003248,37.3692177]]]}},{"type":"Feature","properties":{"row":7,"col":99,"name":"Frigimueble S.a.","street":"Calle Pascual Márquez","number":"114","osm_id":"way/1167336789"},"geometry":{"type":"Polygon","coordinates":[[[-6.0006034,37.3692543],[-6.0006537,37.369261],[-6.0006989,37.3690456],[-6.00065,37.3690388],[-6.0006034,37.3692543]]]}},{"type":"Feature","properties":{"row":8,"col":0,"name":"Peña Betica Jose Ramon Esnaola","street":"Calle Ignacio Sánchez Mejías","number":"51","osm_id":"way/1169334146"},"geometry":{"type":"Polygon","coordinates":[[[-5.9957077,37.3691797],[-5.9957064,37.3691454],[-5.9954173,37.3691449],[-5.9954209,37.3691824],[-5.9957077,37.3691797]]]}},{"type":"Feature","properties":{"row":8,"col":1,"name":"Mesa Puyana Eustaquio","street":"Calle Pascual Márquez","number":"112","osm_id":"way/1167336790"},"geometry":{"type":"Polygon","coordinates":[[[-6.0005602,37.3692487],[-6.0006034,37.3692543],[-6.00065,37.3690388],[-6.0006084,37.369033],[-6.0005602,37.3692487]]]}},{"type":"Feature","properties":{"row":8,"col":2,"name":"Triana-82","street":"Calle Pascual Márquez","number":"110","osm_id":"way/1167336791"},"geometry":{"type":"Polygon","coordinates":[[[-6.0005602,37.3692487],[-6.0006084,37.369033],[-6.0005619,37.3690265],[-6.0005125,37.3692424],[-6.0005602,37.3692487]]]}},{"type":"Feature","properties":{"row":8,"col":3,"name":"Bermudo Lecumberri Juan C.","street":"Calle Juan Belmonte","number":"67","osm_id":"way/1164892759"},"geometry":{"type":"Polygon","coordinates":[[[-5.9991948,37.3692166],[-5.9992436,37.3692235],[-5.9992698,37.3690715],[-5.9992213,37.369065],[-5.9991948,37.3692166]]]}},{"type":"Feature","properties":{"row":8,"col":4,"name":"Gallardo Valencia Miguel","street":"Calle Juan Belmonte","number":"69","osm_id":"way/1164892758"},"geometry":{"type":"Polygon","coordinates":[[[-5.9992436,37.3692235],[-5.999286,37.3692295],[-5.9993109,37.3691163],[-5.9993193,37.3690781],[-5.9992698,37.3690715],[-5.9992436,37.3692235]]]}},{"type":"Feature","properties":{"row":8,"col":5,"name":"La Primera","street":"Calle Pascual Márquez","number":"249","osm_id":"way/1169318023"},"geometry":{"type":"Polygon","coordinates":[[[-6.0033332,37.3692454],[-6.0033783,37.3692541],[-6.0034534,37.3690169],[-6.0034072,37.3690077],[-6.0033332,37.3692454]]]}},{"type":"Feature","properties":{"row":8,"col":6,"name":"Cosas de Sevilla","street":"Calle Pascual Márquez","number":"108","osm_id":"way/1167336792"},"geometry":{"type":"Polygon","coordinates":[[[-6.0005125,37.3692424],[-6.0005619,37.3690265],[-6.0005137,37.3690198],[-6.0004663,37.3692363],[-6.0005125,37.3692424]]]}},{"type":"Feature","properties":{"row":8,"col":7,"name":"La Recupera","street":"Calle Juan Belmonte","number":"65","osm_id":"way/1164892760"},"geometry":{"type":"Polygon","coordinates":[[[-5.9991418,37.3692091],[-5.9991948,37.3692166],[-5.9992213,37.369065],[-5.9991741,37.3690587],[-5.9991418,37.3692091]]]}},{"type":"Feature","properties":{"row":8,"col":8,"name":"Asociacion Cultural Jb 63","street":"Calle Juan Belmonte","number":"63","osm_id":"way/1164892761"},"geometry":{"type":"Polygon","coordinates":[[[-5.9991035,37.3692037],[-5.9991418,37.3692091],[-5.9991741,37.3690587],[-5.9991296,37.3690527],[-5.9991035,37.3692037]]]}},{"type":"Feature","properties":{"row":8,"col":9,"name":"Pepe Luis Vazquez 74","street":"Calle Pepe Luis Vázquez","number":"74","osm_id":"way/1166219365"},"geometry":{"type":"Polygon","coordinates":[[[-5.9997898,37.3691483],[-5.999959,37.3691695],[-5.9999659,37.3691358],[-5.9997977,37.3691114],[-5.9997898,37.3691483]]]}},{"type":"Feature","properties":{"row":8,"col":10,"name":"El Pinsapo","street":"Calle Ignacio Sánchez Mejías","number":"34","osm_id":"way/1169334117"},"geometry":{"type":"Polygon","coordinates":[[[-5.9962696,37.3691776],[-5.9962621,37.3690774],[-5.9959636,37.369084],[-5.9959681,37.369181],[-5.9962696,37.3691776]]]}},{"type":"Feature","properties":{"row":8,"col":11,"name":"Los Aprietaos","street":"Calle Juan Belmonte","number":"61","osm_id":"way/1164892762"},"geometry":{"type":"Polygon","coordinates":[[[-5.9990506,37.3691962],[-5.9991035,37.3692037],[-5.9991296,37.3690527],[-5.9990834,37.3690466],[-5.9990506,37.3691962]]]}},{"type":"Feature","properties":{"row":8,"col":12,"name":"4º Nivel","street":"Calle Costillares","number":"73","osm_id":"way/1169318020"},"geometry":{"type":"Polygon","coordinates":[[[-6.0038202,37.3691873],[-6.0038425,37.3691105],[-6.0037998,37.3691021],[-6.0036265,37.3690681],[-6.0036021,37.3691466],[-6.0036534,37.3691562],[-6.0038202,37.3691873]]]}},{"type":"Feature","properties":{"row":8,"col":13,"name":"Tos Reunios","street":"Calle Juan Belmonte","number":"59","osm_id":"way/1164892763"},"geometry":{"type":"Polygon","coordinates":[[[-5.9990133,37.3691909],[-5.9990506,37.3691962],[-5.9990834,37.3690466],[-5.9990395,37.3690407],[-5.9990133,37.3691909]]]}},{"type":"Feature","properties":{"row":8,"col":14,"name":"La Media ...","street":"Calle Ignacio Sánchez Mejías","number":"49","osm_id":"way/1169334145"},"geometry":{"type":"Polygon","coordinates":[[[-5.9957064,37.3691454],[-5.9957045,37.369108],[-5.9954137,37.3691074],[-5.9954173,37.3691449],[-5.9957064,37.3691454]]]}},{"type":"Feature","properties":{"row":8,"col":15,"name":"Espinosa Castilla Maria del Carmen","street":"Calle Juan Belmonte","number":"57","osm_id":"way/1164892764"},"geometry":{"type":"Polygon","coordinates":[[[-5.9989675,37.3691844],[-5.9990133,37.3691909],[-5.9990395,37.3690407],[-5.9989949,37.3690347],[-5.9989675,37.3691844]]]}},{"type":"Feature","properties":{"row":8,"col":16,"name":"Viva la Blanca Paloma","street":"Calle Pascual Márquez","number":"94","osm_id":"way/1166219356"},"geometry":{"type":"Polygon","coordinates":[[[-6.000143,37.3691937],[-6.0001924,37.3692002],[-6.0002341,37.3692057],[-6.0002811,37.3689873],[-6.0001883,37.3689743],[-6.000143,37.3691937]]]}},{"type":"Feature","properties":{"row":8,"col":17,"name":"La Veleta de Sevilla","street":"Calle Pascual Márquez","number":"98","osm_id":"way/1166219350"},"geometry":{"type":"Polygon","coordinates":[[[-6.0003248,37.3692177],[-6.0003733,37.3690002],[-6.0002811,37.3689873],[-6.0002341,37.3692057],[-6.0003248,37.3692177]]]}},{"type":"Feature","properties":{"row":8,"col":18,"name":"Nuestra Señora del Rocio","street":"Calle Pascual Márquez","number":"124","osm_id":"way/1167336771"},"geometry":{"type":"Polygon","coordinates":[[[-6.0008839,37.3690715],[-6.0008588,37.3691861],[-6.0009747,37.3692028],[-6.0010012,37.3690878],[-6.0008839,37.3690715]]]}},{"type":"Feature","properties":{"row":8,"col":19,"name":"Mi Familia","street":"Calle Pepe Luis Vázquez","number":"73","osm_id":"way/1164892755"},"geometry":{"type":"Polygon","coordinates":[[[-5.9995009,37.3691465],[-5.9995106,37.3691054],[-5.9993193,37.3690781],[-5.9993109,37.3691163],[-5.9994075,37.3691317],[-5.9995009,37.3691465]]]}},{"type":"Feature","properties":{"row":8,"col":20,"name":"Distrito Casco Antiguo","street":"Calle Antonio Bienvenida","number":"97","osm_id":"way/1164882221"},"geometry":{"type":"Polygon","coordinates":[[[-5.9969664,37.3690789],[-5.9966665,37.3690861],[-5.9966331,37.3690869],[-5.9966371,37.3691984],[-5.9969701,37.3691904],[-5.9969664,37.3690789]]]}},{"type":"Feature","properties":{"row":8,"col":21,"name":"La Neurona Alegre","street":"Calle Pascual Márquez","number":"122","osm_id":"way/1167336772"},"geometry":{"type":"Polygon","coordinates":[[[-6.0008839,37.3690715],[-6.000834,37.3690645],[-6.0008098,37.3691789],[-6.0008588,37.3691861],[-6.0008839,37.3690715]]]}},{"type":"Feature","properties":{"row":8,"col":22,"name":"Hermandad de la Legion","street":"Calle Pascual Márquez","number":"90","osm_id":"way/1166219357"},"geometry":{"type":"Polygon","coordinates":[[[-6.0000523,37.3691818],[-6.0000986,37.3691879],[-6.000143,37.3691937],[-6.0001883,37.3689743],[-6.0000975,37.3689616],[-6.0000523,37.3691818]]]}},{"type":"Feature","properties":{"row":8,"col":23,"name":"33 y Un Quinque","street":"Calle Juan Belmonte","number":"53","osm_id":"way/1164892773"},"geometry":{"type":"Polygon","coordinates":[[[-5.9988716,37.3691708],[-5.9989178,37.3691774],[-5.9989516,37.3690141],[-5.9989051,37.3690079],[-5.9988716,37.3691708]]]}},{"type":"Feature","properties":{"row":8,"col":24,"name":"Los Candelarios","street":"Calle Pepe Luis Vázquez","number":"76","osm_id":"way/1166219364"},"geometry":{"type":"Polygon","coordinates":[[[-5.9997977,37.3691114],[-5.9999659,37.3691358],[-5.9999733,37.3691],[-5.999805,37.3690771],[-5.9997977,37.3691114]]]}},{"type":"Feature","properties":{"row":8,"col":25,"name":"Los Cinco Faroles","street":"Calle Pascual Márquez","number":"243","osm_id":"way/1169318025"},"geometry":{"type":"Polygon","coordinates":[[[-6.0031963,37.369219],[-6.0032842,37.3692359],[-6.0033805,37.3689272],[-6.0032864,37.3689084],[-6.0031963,37.369219]]]}},{"type":"Feature","properties":{"row":8,"col":26,"name":"Callejon del Vino","street":"Calle Juan Belmonte","number":"51","osm_id":"way/1164892774"},"geometry":{"type":"Polygon","coordinates":[[[-5.9988249,37.3691642],[-5.9988716,37.3691708],[-5.9989051,37.3690079],[-5.9988558,37.3690013],[-5.9988249,37.3691642]]]}},{"type":"Feature","properties":{"row":8,"col":27,"name":"Er Bucaro","street":"Calle Juan Belmonte","number":"55","osm_id":"way/1164892772"},"geometry":{"type":"Polygon","coordinates":[[[-5.9989178,37.3691774],[-5.9989675,37.3691844],[-5.9989949,37.3690347],[-5.9989975,37.3690202],[-5.9989516,37.3690141],[-5.9989178,37.3691774]]]}},{"type":"Feature","properties":{"row":8,"col":28,"name":"El Pescaito","street":"Calle Pascual Márquez","number":"247","osm_id":"way/1169318024"},"geometry":{"type":"Polygon","coordinates":[[[-6.0032842,37.3692359],[-6.0033332,37.3692454],[-6.0034072,37.3690077],[-6.0034296,37.3689371],[-6.0033805,37.3689272],[-6.0032842,37.3692359]]]}},{"type":"Feature","properties":{"row":8,"col":29,"name":"Manuel Navarro Lobo","street":"Calle Juan Belmonte","number":"49","osm_id":"way/1164892775"},"geometry":{"type":"Polygon","coordinates":[[[-5.998781,37.369158],[-5.9988249,37.3691642],[-5.9988558,37.3690013],[-5.9988092,37.368995],[-5.998781,37.369158]]]}},{"type":"Feature","properties":{"row":8,"col":30,"name":"Peña Malhara","street":"Calle Ignacio Sánchez Mejías","number":"47","osm_id":"way/1169334144"},"geometry":{"type":"Polygon","coordinates":[[[-5.9957045,37.369108],[-5.9957027,37.3690705],[-5.9954101,37.36907],[-5.9954137,37.3691074],[-5.9957045,37.369108]]]}},{"type":"Feature","properties":{"row":8,"col":31,"name":"El Adoquin","street":"Calle Pascual Márquez","number":"88","osm_id":"way/1166219358"},"geometry":{"type":"Polygon","coordinates":[[[-6.0000523,37.3691818],[-6.0000975,37.3689616],[-6.0000546,37.3689556],[-6.000008,37.369176],[-6.0000523,37.3691818]]]}},{"type":"Feature","properties":{"row":8,"col":32,"name":"Colectivo Acapite","street":"Calle Juan Belmonte","number":"47","osm_id":"way/1164892776"},"geometry":{"type":"Polygon","coordinates":[[[-5.9987366,37.3691517],[-5.998781,37.369158],[-5.9988092,37.368995],[-5.9987656,37.3689892],[-5.9987366,37.3691517]]]}},{"type":"Feature","properties":{"row":8,"col":33,"name":"Club Deportivo Bomberos","street":"Calle Pascual Márquez","number":"253","osm_id":"way/1169318021"},"geometry":{"type":"Polygon","coordinates":[[[-6.0034229,37.3692628],[-6.0035579,37.369289],[-6.0035791,37.3692206],[-6.0036021,37.3691466],[-6.0036265,37.3690681],[-6.0036475,37.3690005],[-6.0036595,37.3689619],[-6.0036707,37.3689257],[-6.0036736,37.3689165],[-6.0035409,37.3688902],[-6.0034229,37.3692628]]]}},{"type":"Feature","properties":{"row":8,"col":34,"name":"Del Cid Fernandez-mensaque Jose Maria","street":"Calle Juan Belmonte","number":"45","osm_id":"way/1164892777"},"geometry":{"type":"Polygon","coordinates":[[[-5.9986898,37.3691451],[-5.9987366,37.3691517],[-5.9987656,37.3689892],[-5.9987197,37.3689831],[-5.9986898,37.3691451]]]}},{"type":"Feature","properties":{"row":8,"col":35,"name":"Los Economicamente Debiles","street":"Calle Pepe Luis Vázquez","number":"75","osm_id":"way/1164892754"},"geometry":{"type":"Polygon","coordinates":[[[-5.9995106,37.3691054],[-5.9995182,37.3690733],[-5.9993275,37.3690407],[-5.9993193,37.3690781],[-5.9995106,37.3691054]]]}},{"type":"Feature","properties":{"row":8,"col":36,"name":"El Rincon","street":"Calle Pascual Márquez","number":"239","osm_id":"way/1169318027"},"geometry":{"type":"Polygon","coordinates":[[[-6.0031,37.3692005],[-6.0031482,37.3692098],[-6.0032389,37.3688905],[-6.003192,37.3688822],[-6.0031,37.3692005]]]}},{"type":"Feature","properties":{"row":8,"col":37,"name":"Colegio Notarial de Andalucia","street":"Calle Juan Belmonte","number":"43","osm_id":"way/1164892778"},"geometry":{"type":"Polygon","coordinates":[[[-5.9986452,37.3691387],[-5.9986898,37.3691451],[-5.9987197,37.3689831],[-5.9986736,37.3689769],[-5.9986452,37.3691387]]]}},{"type":"Feature","properties":{"row":8,"col":38,"name":"Pepe Luis Vazquez 78","street":"Calle Pepe Luis Vázquez","number":"78","osm_id":"way/1166219363"},"geometry":{"type":"Polygon","coordinates":[[[-5.999805,37.3690771],[-5.9999733,37.3691],[-5.999981,37.3690623],[-5.9998128,37.3690404],[-5.999805,37.3690771]]]}},{"type":"Feature","properties":{"row":8,"col":39,"name":"Dominguez Merino Fernando","street":"Calle Juan Belmonte","number":"41","osm_id":"way/1164892779"},"geometry":{"type":"Polygon","coordinates":[[[-5.9985984,37.3691321],[-5.9986452,37.3691387],[-5.9986736,37.3689769],[-5.998629,37.3689709],[-5.9985984,37.3691321]]]}},{"type":"Feature","properties":{"row":8,"col":40,"name":"Cinco Patas","street":"Calle Pascual Márquez","number":"235","osm_id":"way/1169318029"},"geometry":{"type":"Polygon","coordinates":[[[-6.0030095,37.3691831],[-6.0030521,37.3691913],[-6.0031407,37.3688912],[-6.0030966,37.3688831],[-6.0030095,37.3691831]]]}},{"type":"Feature","properties":{"row":8,"col":41,"name":"Izquierdo Moya Jesus","street":"Calle Juan Belmonte","number":"39","osm_id":"way/1164892780"},"geometry":{"type":"Polygon","coordinates":[[[-5.9985504,37.3691253],[-5.9985984,37.3691321],[-5.998629,37.3689709],[-5.998582,37.3689647],[-5.9985504,37.3691253]]]}},{"type":"Feature","properties":{"row":8,"col":42,"name":"Andaluza de Informatica, Audiovisual y Telefonia","street":"Calle Pascual Márquez","number":"86","osm_id":"way/1166219361"},"geometry":{"type":"Polygon","coordinates":[[[-6.0000044,37.3689486],[-5.999981,37.3690623],[-5.9999733,37.3691],[-5.9999659,37.3691358],[-5.999959,37.3691695],[-6.000008,37.369176],[-6.0000546,37.3689556],[-6.0000044,37.3689486]]]}},{"type":"Feature","properties":{"row":8,"col":43,"name":"Peña Michele","street":"Calle Ignacio Sánchez Mejías","number":"32","osm_id":"way/1169334113"},"geometry":{"type":"Polygon","coordinates":[[[-5.9959617,37.3690445],[-5.9959636,37.369084],[-5.9962621,37.3690774],[-5.9962606,37.3690385],[-5.9959617,37.3690445]]]}},{"type":"Feature","properties":{"row":8,"col":44,"name":"Juan Belmonte 37","street":"Calle Juan Belmonte","number":"37","osm_id":"way/1164892781"},"geometry":{"type":"Polygon","coordinates":[[[-5.9985045,37.3691188],[-5.9985504,37.3691253],[-5.998582,37.3689647],[-5.9985395,37.368959],[-5.9985045,37.3691188]]]}},{"type":"Feature","properties":{"row":8,"col":45,"name":"La Milagrosa C.c.d.","street":"Calle Antonio Bienvenida","number":"103","osm_id":"way/1164882222"},"geometry":{"type":"Polygon","coordinates":[[[-5.9969651,37.3690408],[-5.996712,37.369045],[-5.9966657,37.3690459],[-5.9966665,37.3690861],[-5.9969664,37.3690789],[-5.9969651,37.3690408]]]}},{"type":"Feature","properties":{"row":8,"col":46,"name":"La Canastera","street":"Calle Costillares","number":"77","osm_id":"way/1169318019"},"geometry":{"type":"Polygon","coordinates":[[[-6.0037998,37.3691021],[-6.0038202,37.3690348],[-6.0037923,37.3690293],[-6.0036475,37.3690005],[-6.0036265,37.3690681],[-6.0037998,37.3691021]]]}},{"type":"Feature","properties":{"row":8,"col":47,"name":"Los de Callejuela Regina","street":"Calle Ignacio Sánchez Mejías","number":"45","osm_id":"way/1169334143"},"geometry":{"type":"Polygon","coordinates":[[[-5.9957027,37.3690705],[-5.9957008,37.3690331],[-5.9954065,37.3690325],[-5.9954101,37.36907],[-5.9957027,37.3690705]]]}},{"type":"Feature","properties":{"row":8,"col":48,"name":"Herederos del Prado","street":"Calle Juan Belmonte","number":"35","osm_id":"way/1164892782"},"geometry":{"type":"Polygon","coordinates":[[[-5.9984609,37.3691126],[-5.9985045,37.3691188],[-5.9985395,37.368959],[-5.9984917,37.3689526],[-5.9984609,37.3691126]]]}},{"type":"Feature","properties":{"row":8,"col":49,"name":"Los del Alpiste","street":"Calle Juan Belmonte","number":"29","osm_id":"way/1164892789"},"geometry":{"type":"Polygon","coordinates":[[[-5.998322,37.369093],[-5.99837,37.3690998],[-5.9983919,37.3689854],[-5.9983443,37.3689786],[-5.998322,37.369093]]]}},{"type":"Feature","properties":{"row":8,"col":50,"name":"Jara y Sedal","street":"Calle Pepe Luis Vázquez","number":"77","osm_id":"way/1164892753"},"geometry":{"type":"Polygon","coordinates":[[[-5.9995182,37.3690733],[-5.9995269,37.3690362],[-5.9993356,37.3690038],[-5.9993275,37.3690407],[-5.9995182,37.3690733]]]}},{"type":"Feature","properties":{"row":8,"col":51,"name":"Los Pinos","street":"Calle Juan Belmonte","number":"33","osm_id":"way/1164892783"},"geometry":{"type":"Polygon","coordinates":[[[-5.9984137,37.3691059],[-5.9984609,37.3691126],[-5.9984917,37.3689526],[-5.9984458,37.3689465],[-5.9984137,37.3691059]]]}},{"type":"Feature","properties":{"row":8,"col":52,"name":"Los Faroles","street":"Calle Juan Belmonte","number":"27","osm_id":"way/1164892790"},"geometry":{"type":"Polygon","coordinates":[[[-5.9982742,37.3690862],[-5.998322,37.369093],[-5.9983443,37.3689786],[-5.9982962,37.3689718],[-5.9982742,37.3690862]]]}},{"type":"Feature","properties":{"row":8,"col":53,"name":"El Mortero","street":"Calle Pascual Márquez","number":"231","osm_id":"way/1169317887"},"geometry":{"type":"Polygon","coordinates":[[[-6.0029646,37.3691745],[-6.0030586,37.3688507],[-6.0030133,37.3688424],[-6.0029142,37.3691645],[-6.0029646,37.3691745]]]}},{"type":"Feature","properties":{"row":8,"col":54,"name":"Tres en Una","street":"Calle Antonio Bienvenida","number":"105","osm_id":"way/1164882223"},"geometry":{"type":"Polygon","coordinates":[[[-5.996964,37.3690089],[-5.9967578,37.3690094],[-5.9967099,37.3690096],[-5.996712,37.369045],[-5.9969651,37.3690408],[-5.996964,37.3690089]]]}},{"type":"Feature","properties":{"row":8,"col":55,"name":"El Abanico","street":"Calle Ignacio Sánchez Mejías","number":"30","osm_id":"way/1169334114"},"geometry":{"type":"Polygon","coordinates":[[[-5.9959599,37.3690051],[-5.9959617,37.3690445],[-5.9962606,37.3690385],[-5.9962591,37.3689995],[-5.9959599,37.3690051]]]}},{"type":"Feature","properties":{"row":8,"col":56,"name":"Amigos - Amigos","street":"Calle Juan Belmonte","number":"31","osm_id":"way/1164892788"},"geometry":{"type":"Polygon","coordinates":[[[-5.99837,37.3690998],[-5.9984137,37.3691059],[-5.9984458,37.3689465],[-5.9984017,37.3689406],[-5.9984004,37.3689464],[-5.9983919,37.3689854],[-5.99837,37.3690998]]]}},{"type":"Feature","properties":{"row":8,"col":57,"name":"Asoc.prof.de Infor.tecn.sanit. de Sevilla","street":"Calle Pascual Márquez","number":"251","osm_id":"way/1169318022"},"geometry":{"type":"Polygon","coordinates":[[[-6.0033783,37.3692541],[-6.0034229,37.3692628],[-6.0035409,37.3688902],[-6.003554,37.3688487],[-6.0033186,37.3688073],[-6.0032864,37.3689084],[-6.0033805,37.3689272],[-6.0034296,37.3689371],[-6.0034072,37.3690077],[-6.0034534,37.3690169],[-6.0033783,37.3692541]]]}},{"type":"Feature","properties":{"row":8,"col":58,"name":"Los Duendes de Sevilla","street":"Calle Juan Belmonte","number":"23","osm_id":"way/1164882067"},"geometry":{"type":"Polygon","coordinates":[[[-5.9981899,37.3689581],[-5.9981677,37.3690711],[-5.9982742,37.3690862],[-5.9982962,37.3689718],[-5.9981899,37.3689581]]]}},{"type":"Feature","properties":{"row":8,"col":59,"name":"Peña Cultural los Puertos","street":"Calle Pascual Márquez","number":"241","osm_id":"way/1169318026"},"geometry":{"type":"Polygon","coordinates":[[[-6.0031482,37.3692098],[-6.0031963,37.369219],[-6.0032864,37.3689084],[-6.0033186,37.3688073],[-6.0032651,37.3687979],[-6.0032389,37.3688905],[-6.0031482,37.3692098]]]}},{"type":"Feature","properties":{"row":8,"col":60,"name":"Partido Popular de Sevilla","street":"Calle Pascual Márquez","number":"66","osm_id":"way/1164892765"},"geometry":{"type":"Polygon","coordinates":[[[-5.9991741,37.3690587],[-5.9992213,37.369065],[-5.9992698,37.3690715],[-5.9993193,37.3690781],[-5.9993275,37.3690407],[-5.9993356,37.3690038],[-5.9993436,37.3689676],[-5.9993676,37.368858],[-5.9992216,37.3688354],[-5.9991741,37.3690587]]]}},{"type":"Feature","properties":{"row":8,"col":61,"name":"Cadena Ser","street":"Calle Pepe Luis Vázquez","number":"80","osm_id":"way/1166219362"},"geometry":{"type":"Polygon","coordinates":[[[-5.9998128,37.3690404],[-5.999981,37.3690623],[-6.0000044,37.3689486],[-5.9998373,37.3689253],[-5.9998128,37.3690404]]]}},{"type":"Feature","properties":{"row":8,"col":62,"name":"Villegas Ruiz Antonio","street":"Calle Costillares","number":"81","osm_id":"way/1169318018"},"geometry":{"type":"Polygon","coordinates":[[[-6.0037923,37.3690293],[-6.0038046,37.368991],[-6.0037783,37.3689853],[-6.0036595,37.3689619],[-6.0036475,37.3690005],[-6.0037923,37.3690293]]]}},{"type":"Feature","properties":{"row":8,"col":63,"name":"Gente Guena","street":"Calle Pascual Márquez","number":"221","osm_id":"way/1169318032"},"geometry":{"type":"Polygon","coordinates":[[[-6.0026833,37.3691204],[-6.0027354,37.3691304],[-6.0028264,37.3688171],[-6.0027742,37.3688076],[-6.0026833,37.3691204]]]}},{"type":"Feature","properties":{"row":8,"col":64,"name":"El Seis Doble","street":"Calle Pepe Luis Vázquez","number":"79","osm_id":"way/1164892752"},"geometry":{"type":"Polygon","coordinates":[[[-5.9995269,37.3690362],[-5.9995359,37.3689985],[-5.9994856,37.3689903],[-5.9994378,37.3689827],[-5.9993886,37.3689748],[-5.9993436,37.3689676],[-5.9993356,37.3690038],[-5.9995269,37.3690362]]]}},{"type":"Feature","properties":{"row":8,"col":65,"name":"El Descansillo","street":"Calle Pascual Márquez","number":"211","osm_id":"way/1169318035"},"geometry":{"type":"Polygon","coordinates":[[[-6.0024551,37.3690766],[-6.0025009,37.3690854],[-6.0025641,37.3688688],[-6.002519,37.3688602],[-6.0024551,37.3690766]]]}},{"type":"Feature","properties":{"row":8,"col":66,"name":"A.n.p.e.","street":"Calle Pepe Hillo","number":"45","osm_id":"way/1164882153"},"geometry":{"type":"Polygon","coordinates":[[[-5.9979303,37.3690381],[-5.9979554,37.3689292],[-5.9978076,37.3689103],[-5.9977839,37.3690191],[-5.9979303,37.3690381]]]}},{"type":"Feature","properties":{"row":8,"col":67,"name":"Casa de Cazalla","street":"Calle Antonio Bienvenida","number":"107","osm_id":"way/1164882224"},"geometry":{"type":"Polygon","coordinates":[[[-5.9969627,37.3689709],[-5.9967557,37.3689727],[-5.9967578,37.3690094],[-5.996964,37.3690089],[-5.9969627,37.3689709]]]}},{"type":"Feature","properties":{"row":8,"col":68,"name":"Distrito Este","street":"Calle Pascual Márquez","number":"215","osm_id":"way/1169318033"},"geometry":{"type":"Polygon","coordinates":[[[-6.0025471,37.3690943],[-6.0026833,37.3691204],[-6.0027742,37.3688076],[-6.0026384,37.3687837],[-6.0025471,37.3690943]]]}},{"type":"Feature","properties":{"row":8,"col":69,"name":"Peña Cult.y Dva. Ciudad Jardin","street":"Calle Ignacio Sánchez Mejías","number":"28","osm_id":"way/1169334115"},"geometry":{"type":"Polygon","coordinates":[[[-5.995958,37.3689657],[-5.9959599,37.3690051],[-5.9962591,37.3689995],[-5.9962576,37.3689606],[-5.995958,37.3689657]]]}},{"type":"Feature","properties":{"row":8,"col":70,"name":"Cd San Gonzalo","street":"Calle Pascual Márquez","number":"237","osm_id":"way/1169318028"},"geometry":{"type":"Polygon","coordinates":[[[-6.0030521,37.3691913],[-6.0031,37.3692005],[-6.003192,37.3688822],[-6.0032389,37.3688905],[-6.0032651,37.3687979],[-6.0031725,37.3687816],[-6.0031407,37.3688912],[-6.0030521,37.3691913]]]}},{"type":"Feature","properties":{"row":8,"col":71,"name":"Colegio Oficial de Agentes Comerciales","street":"Calle Curro Romero","number":"1","osm_id":"way/1164882258"},"geometry":{"type":"Polygon","coordinates":[[[-5.9967557,37.3689727],[-5.9968868,37.368867],[-5.99685,37.3688386],[-5.9966104,37.3690368],[-5.996644,37.3690627],[-5.9966657,37.3690459],[-5.9967099,37.3690096],[-5.9967557,37.3689727]]]}},{"type":"Feature","properties":{"row":8,"col":72,"name":"El Morabito","street":"Calle Pascual Márquez","number":"58","osm_id":"way/1164892766"},"geometry":{"type":"Polygon","coordinates":[[[-5.9990423,37.3688077],[-5.9989975,37.3690202],[-5.9989949,37.3690347],[-5.9990395,37.3690407],[-5.9990834,37.3690466],[-5.9991296,37.3690527],[-5.9991741,37.3690587],[-5.9992216,37.3688354],[-5.9990423,37.3688077]]]}},{"type":"Feature","properties":{"row":8,"col":73,"name":"Caseta Popular Pascual Marquez 225","street":"Calle Pascual Márquez","number":"225","osm_id":"way/1169317886"},"geometry":{"type":"Polygon","coordinates":[[[-6.0029142,37.3691645],[-6.0030133,37.3688424],[-6.0030378,37.3687579],[-6.0028999,37.3687337],[-6.0027817,37.3691393],[-6.0029142,37.3691645]]]}},{"type":"Feature","properties":{"row":8,"col":74,"name":"El Calamocano","street":"Calle Costillares","number":"83","osm_id":"way/1169318017"},"geometry":{"type":"Polygon","coordinates":[[[-6.0037783,37.3689853],[-6.0037896,37.3689491],[-6.0036707,37.3689257],[-6.0036595,37.3689619],[-6.0037783,37.3689853]]]}},{"type":"Feature","properties":{"row":8,"col":75,"name":"Peña B.z.","street":"Calle Pepe Hillo","number":"84","osm_id":"way/1164882068"},"geometry":{"type":"Polygon","coordinates":[[[-5.998197,37.3689201],[-5.9981899,37.3689581],[-5.9982962,37.3689718],[-5.9983443,37.3689786],[-5.9983919,37.3689854],[-5.9984004,37.3689464],[-5.998197,37.3689201]]]}},{"type":"Feature","properties":{"row":8,"col":76,"name":"Peña Cultural Antorcha","street":"Calle Pascual Márquez","number":"233","osm_id":"way/1169318030"},"geometry":{"type":"Polygon","coordinates":[[[-6.0029646,37.3691745],[-6.0030095,37.3691831],[-6.0030966,37.3688831],[-6.0031407,37.3688912],[-6.0031725,37.3687816],[-6.0030378,37.3687579],[-6.0030133,37.3688424],[-6.0030586,37.3688507],[-6.0029646,37.3691745]]]}},{"type":"Feature","properties":{"row":8,"col":77,"name":"T.u.s.s.a.m.","street":"Calle Ignacio Sánchez Mejías","number":"33","osm_id":"way/1169334142"},"geometry":{"type":"Polygon","coordinates":[[[-5.9957008,37.3690331],[-5.99569,37.36882],[-5.9953894,37.3688245],[-5.9954065,37.3690325],[-5.9957008,37.3690331]]]}},{"type":"Feature","properties":{"row":8,"col":78,"name":"Los Probioticos","street":"Calle Curro Romero","number":"3","osm_id":"way/1164882257"},"geometry":{"type":"Polygon","coordinates":[[[-5.9966104,37.3690368],[-5.99685,37.3688386],[-5.996818,37.3688139],[-5.9965792,37.3690128],[-5.9966104,37.3690368]]]}},{"type":"Feature","properties":{"row":8,"col":79,"name":"Hispalis C.d.","street":"Calle Antonio Bienvenida","number":"109","osm_id":"way/1164882259"},"geometry":{"type":"Polygon","coordinates":[[[-5.9969627,37.3689709],[-5.996962,37.3689251],[-5.9968868,37.368867],[-5.9967557,37.3689727],[-5.9969627,37.3689709]]]}},{"type":"Feature","properties":{"row":8,"col":80,"name":"Los del Arroyo","street":"Calle Ignacio Sánchez Mejías","number":"26","osm_id":"way/1169334116"},"geometry":{"type":"Polygon","coordinates":[[[-5.9959562,37.3689262],[-5.995958,37.3689657],[-5.9962576,37.3689606],[-5.9962561,37.3689216],[-5.9959562,37.3689262]]]}},{"type":"Feature","properties":{"row":8,"col":81,"name":"Edumuca","street":"Calle Pascual Márquez","number":"213","osm_id":"way/1169318034"},"geometry":{"type":"Polygon","coordinates":[[[-6.0025009,37.3690854],[-6.0025471,37.3690943],[-6.0026384,37.3687837],[-6.0025464,37.3687673],[-6.002519,37.3688602],[-6.0025641,37.3688688],[-6.0025009,37.3690854]]]}},{"type":"Feature","properties":{"row":8,"col":82,"name":"La Esquinita","street":"Calle Pascual Márquez","number":"78","osm_id":"way/1164892748"},"geometry":{"type":"Polygon","coordinates":[[[-5.9995122,37.3688803],[-5.9994856,37.3689903],[-5.9995359,37.3689985],[-5.999562,37.368888],[-5.9995122,37.3688803]]]}},{"type":"Feature","properties":{"row":8,"col":83,"name":"Peña Sevillista Santa Cecilia","street":"Calle Pascual Márquez","number":"223","osm_id":"way/1169318031"},"geometry":{"type":"Polygon","coordinates":[[[-6.0027354,37.3691304],[-6.0027817,37.3691393],[-6.0028999,37.3687337],[-6.0027988,37.3687159],[-6.0027742,37.3688076],[-6.0028264,37.3688171],[-6.0027354,37.3691304]]]}},{"type":"Feature","properties":{"row":8,"col":84,"name":"Los Hermanaos","street":"Calle Curro Romero","number":"5","osm_id":"way/1164882256"},"geometry":{"type":"Polygon","coordinates":[[[-5.9965792,37.3690128],[-5.996818,37.3688139],[-5.9967844,37.3687879],[-5.9965452,37.3689858],[-5.9965792,37.3690128]]]}},{"type":"Feature","properties":{"row":8,"col":85,"name":"Los Macizos","street":"Calle Pascual Márquez","number":"76","osm_id":"way/1164892749"},"geometry":{"type":"Polygon","coordinates":[[[-5.9994597,37.3688722],[-5.9994378,37.3689827],[-5.9994856,37.3689903],[-5.9995122,37.3688803],[-5.9994597,37.3688722]]]}},{"type":"Feature","properties":{"row":8,"col":86,"name":"El Pimiento y Olé","street":"Calle Pepe Hillo","number":"86","osm_id":"way/1164882069"},"geometry":{"type":"Polygon","coordinates":[[[-5.998204,37.3688835],[-5.998197,37.3689201],[-5.9984004,37.3689464],[-5.9984017,37.3689406],[-5.9984087,37.3689089],[-5.998204,37.3688835]]]}},{"type":"Feature","properties":{"row":8,"col":87,"name":"De Pedro Mediavilla Maria Luisa","street":"Calle Juan Belmonte","number":"13","osm_id":"way/1164882139"},"geometry":{"type":"Polygon","coordinates":[[[-5.9976953,37.3690076],[-5.9977443,37.3690139],[-5.997793,37.3687726],[-5.9977464,37.3687653],[-5.9976953,37.3690076]]]}},{"type":"Feature","properties":{"row":8,"col":88,"name":"Los de Santa Cruz","street":"Calle Pascual Márquez","number":"74","osm_id":"way/1164892750"},"geometry":{"type":"Polygon","coordinates":[[[-5.9994161,37.3688654],[-5.9993886,37.3689748],[-5.9994378,37.3689827],[-5.9994597,37.3688722],[-5.9994161,37.3688654]]]}},{"type":"Feature","properties":{"row":8,"col":89,"name":"Camara Oficial de Comercio de Sevilla","street":"Calle Juan Belmonte","number":"1","osm_id":"way/1164882275"},"geometry":{"type":"Polygon","coordinates":[[[-5.9974502,37.368858],[-5.9974535,37.3689762],[-5.9976435,37.3690008],[-5.9976779,37.3688617],[-5.9974502,37.368858]]]}},{"type":"Feature","properties":{"row":8,"col":90,"name":"Helvetia Compañía Suiza S.a.","street":"Calle Pascual Márquez","number":"201","osm_id":"way/1169318039"},"geometry":{"type":"Polygon","coordinates":[[[-6.002233,37.3690339],[-6.0023184,37.3690503],[-6.002413,37.368716],[-6.0023254,37.3687017],[-6.002233,37.3690339]]]}},{"type":"Feature","properties":{"row":8,"col":91,"name":"Peña Sevillista al Relente","street":"Calle Pascual Márquez","number":"54","osm_id":"way/1164892767"},"geometry":{"type":"Polygon","coordinates":[[[-5.9989565,37.3687945],[-5.9989051,37.3690079],[-5.9989516,37.3690141],[-5.9989975,37.3690202],[-5.9990423,37.3688077],[-5.9989565,37.3687945]]]}},{"type":"Feature","properties":{"row":8,"col":92,"name":"Las Espuelas","street":"Calle Pepe Hillo","number":"51","osm_id":"way/1164882152"},"geometry":{"type":"Polygon","coordinates":[[[-5.9979554,37.3689292],[-5.9979642,37.3688903],[-5.997816,37.3688717],[-5.9978076,37.3689103],[-5.9979554,37.3689292]]]}},{"type":"Feature","properties":{"row":8,"col":93,"name":"Reserva del 65","street":"Calle Pascual Márquez","number":"72","osm_id":"way/1164892751"},"geometry":{"type":"Polygon","coordinates":[[[-5.9993676,37.368858],[-5.9993436,37.3689676],[-5.9993886,37.3689748],[-5.9994161,37.3688654],[-5.9993676,37.368858]]]}},{"type":"Feature","properties":{"row":8,"col":94,"name":"Mimogas","street":"Calle Pascual Márquez","number":"209","osm_id":"way/1169318036"},"geometry":{"type":"Polygon","coordinates":[[[-6.0024114,37.3690682],[-6.0024551,37.3690766],[-6.002519,37.3688602],[-6.0025464,37.3687673],[-6.0025539,37.3687419],[-6.0025101,37.3687337],[-6.0024114,37.3690682]]]}},{"type":"Feature","properties":{"row":8,"col":95,"name":"I. Sanchez Mejias 24","street":"Calle Ignacio Sánchez Mejías","number":"24","osm_id":"way/1169334125"},"geometry":{"type":"Polygon","coordinates":[[[-5.9959544,37.3688868],[-5.9959562,37.3689262],[-5.9962561,37.3689216],[-5.9962547,37.3688827],[-5.9959544,37.3688868]]]}},{"type":"Feature","properties":{"row":8,"col":96,"name":"Hermandad del Rocio de Sevilla","street":"Calle Juan Belmonte","number":"11","osm_id":"way/1164882140"},"geometry":{"type":"Polygon","coordinates":[[[-5.9976435,37.3690008],[-5.9976953,37.3690076],[-5.9977464,37.3687653],[-5.9977033,37.3687586],[-5.9976779,37.3688617],[-5.9976435,37.3690008]]]}},{"type":"Feature","properties":{"row":8,"col":97,"name":"De la Campana a la Feria","street":"Calle Pascual Márquez","number":"199","osm_id":"way/1169318040"},"geometry":{"type":"Polygon","coordinates":[[[-6.0021909,37.3690258],[-6.002233,37.3690339],[-6.0023254,37.3687017],[-6.0022808,37.3686943],[-6.0021909,37.3690258]]]}},{"type":"Feature","properties":{"row":8,"col":98,"name":"Club Cinegetico Doñana","street":"Calle Juan Belmonte","number":"15","osm_id":"way/1164882138"},"geometry":{"type":"Polygon","coordinates":[[[-5.9977443,37.3690139],[-5.9977839,37.3690191],[-5.9978076,37.3689103],[-5.997816,37.3688717],[-5.9978242,37.3688342],[-5.9978322,37.3687974],[-5.9978362,37.3687793],[-5.997793,37.3687726],[-5.9977443,37.3690139]]]}},{"type":"Feature","properties":{"row":8,"col":99,"name":"Grupo los de la U","street":"Calle Pascual Márquez","number":"197","osm_id":"way/1169318041"},"geometry":{"type":"Polygon","coordinates":[[[-6.0021444,37.3690169],[-6.0021909,37.3690258],[-6.0022808,37.3686943],[-6.0022321,37.3686863],[-6.0021444,37.3690169]]]}},{"type":"Feature","properties":{"row":9,"col":0,"name":"Los Cebolletas","street":"Calle Pascual Márquez","number":"193","osm_id":"way/1169318043"},"geometry":{"type":"Polygon","coordinates":[[[-6.0020512,37.368999],[-6.0020976,37.3690079],[-6.0021729,37.3687134],[-6.0021261,37.3687059],[-6.0020512,37.368999]]]}},{"type":"Feature","properties":{"row":9,"col":1,"name":"Peña los Quince","street":"Calle Pascual Márquez","number":"207","osm_id":"way/1169318037"},"geometry":{"type":"Polygon","coordinates":[[[-6.0023664,37.3690596],[-6.0024114,37.3690682],[-6.0025101,37.3687337],[-6.0025224,37.3686903],[-6.002477,37.3686819],[-6.0023664,37.3690596]]]}},{"type":"Feature","properties":{"row":9,"col":2,"name":"Los del Exterior","street":"Calle Pascual Márquez","number":"40","osm_id":"way/1164892784"},"geometry":{"type":"Polygon","coordinates":[[[-5.9986285,37.3687439],[-5.998582,37.3689647],[-5.998629,37.3689709],[-5.9986736,37.3689769],[-5.9987197,37.3689831],[-5.9987632,37.3687647],[-5.9986285,37.3687439]]]}},{"type":"Feature","properties":{"row":9,"col":3,"name":"El Transportin","street":"Calle Curro Romero","number":"7","osm_id":"way/1164882255"},"geometry":{"type":"Polygon","coordinates":[[[-5.9965452,37.3689858],[-5.9967844,37.3687879],[-5.9966854,37.3687116],[-5.9964776,37.3688845],[-5.9964461,37.3689101],[-5.9965452,37.3689858]]]}},{"type":"Feature","properties":{"row":9,"col":4,"name":"Fernandez Serrano Enrique","street":"Calle Pascual Márquez","number":"52","osm_id":"way/1164892768"},"geometry":{"type":"Polygon","coordinates":[[[-5.9989092,37.3687872],[-5.9988558,37.3690013],[-5.9989051,37.3690079],[-5.9989565,37.3687945],[-5.9989092,37.3687872]]]}},{"type":"Feature","properties":{"row":9,"col":5,"name":"Emilio Bernal Babio","street":"Calle Pascual Márquez","number":"50","osm_id":"way/1164892769"},"geometry":{"type":"Polygon","coordinates":[[[-5.9988598,37.3687796],[-5.9988092,37.368995],[-5.9988558,37.3690013],[-5.9989092,37.3687872],[-5.9988598,37.3687796]]]}},{"type":"Feature","properties":{"row":9,"col":6,"name":"Garcia Moreno Bonifacio","street":"Calle Pepe Hillo","number":"53","osm_id":"way/1164882151"},"geometry":{"type":"Polygon","coordinates":[[[-5.9979642,37.3688903],[-5.997972,37.3688562],[-5.9978242,37.3688342],[-5.997816,37.3688717],[-5.9979642,37.3688903]]]}},{"type":"Feature","properties":{"row":9,"col":7,"name":"Vamos a Animarnos","street":"Calle Pascual Márquez","number":"187","osm_id":"way/1169318044"},"geometry":{"type":"Polygon","coordinates":[[[-6.0019194,37.3689737],[-6.0019676,37.3689829],[-6.0020416,37.3686962],[-6.001993,37.3686885],[-6.0019194,37.3689737]]]}},{"type":"Feature","properties":{"row":9,"col":8,"name":"Los 20 del 48","street":"Calle Pascual Márquez","number":"48","osm_id":"way/1164892770"},"geometry":{"type":"Polygon","coordinates":[[[-5.9988135,37.3687724],[-5.9987656,37.3689892],[-5.9988092,37.368995],[-5.9988598,37.3687796],[-5.9988135,37.3687724]]]}},{"type":"Feature","properties":{"row":9,"col":9,"name":"Los Primaveras","street":"Calle Ignacio Sánchez Mejías","number":"22","osm_id":"way/1169334126"},"geometry":{"type":"Polygon","coordinates":[[[-5.9959525,37.3688474],[-5.9959544,37.3688868],[-5.9962547,37.3688827],[-5.9962532,37.3688438],[-5.9959525,37.3688474]]]}},{"type":"Feature","properties":{"row":9,"col":10,"name":"Las Macetas","street":"Calle Pascual Márquez","number":"46","osm_id":"way/1164892771"},"geometry":{"type":"Polygon","coordinates":[[[-5.9987632,37.3687647],[-5.9987197,37.3689831],[-5.9987656,37.3689892],[-5.9988135,37.3687724],[-5.9987632,37.3687647]]]}},{"type":"Feature","properties":{"row":9,"col":11,"name":"La Gloria","street":"Calle Pascual Márquez","number":"185","osm_id":"way/1169318045"},"geometry":{"type":"Polygon","coordinates":[[[-6.0018699,37.3689642],[-6.0019194,37.3689737],[-6.001993,37.3686885],[-6.0019376,37.3686798],[-6.0018699,37.3689642]]]}},{"type":"Feature","properties":{"row":9,"col":12,"name":"La Peineta","street":"Calle Pascual Márquez","number":"195","osm_id":"way/1169318042"},"geometry":{"type":"Polygon","coordinates":[[[-6.0020976,37.3690079],[-6.0021444,37.3690169],[-6.0022321,37.3686863],[-6.0021818,37.3686781],[-6.0021729,37.3687134],[-6.0020976,37.3690079]]]}},{"type":"Feature","properties":{"row":9,"col":13,"name":"Nunca Es Tarde","street":"Calle Pascual Márquez","number":"36","osm_id":"way/1164892785"},"geometry":{"type":"Polygon","coordinates":[[[-5.9985403,37.3687303],[-5.9984917,37.3689526],[-5.9985395,37.368959],[-5.998582,37.3689647],[-5.9986285,37.3687439],[-5.9985403,37.3687303]]]}},{"type":"Feature","properties":{"row":9,"col":14,"name":"La Ultima Que Dieron en 1974","street":"Calle Pascual Márquez","number":"183","osm_id":"way/1169318046"},"geometry":{"type":"Polygon","coordinates":[[[-6.0018248,37.3689555],[-6.0018699,37.3689642],[-6.0019376,37.3686798],[-6.0018886,37.368672],[-6.0018248,37.3689555]]]}},{"type":"Feature","properties":{"row":9,"col":15,"name":"Los Doce Pajaritos","street":"Calle Pepe Hillo","number":"88","osm_id":"way/1164882070"},"geometry":{"type":"Polygon","coordinates":[[[-5.998218,37.3688111],[-5.998204,37.3688835],[-5.9984087,37.3689089],[-5.9984226,37.3688396],[-5.9983769,37.3688335],[-5.9983305,37.3688266],[-5.998218,37.3688111]]]}},{"type":"Feature","properties":{"row":9,"col":16,"name":"Los Palmeros","street":"Calle Pascual Márquez","number":"205","osm_id":"way/1169318038"},"geometry":{"type":"Polygon","coordinates":[[[-6.0023184,37.3690503],[-6.0023664,37.3690596],[-6.002477,37.3686819],[-6.0024806,37.3686627],[-6.0024303,37.3686548],[-6.002413,37.368716],[-6.0023184,37.3690503]]]}},{"type":"Feature","properties":{"row":9,"col":17,"name":"Los Amigos del Botanico","street":"Calle Pascual Márquez","number":"181","osm_id":"way/1169318047"},"geometry":{"type":"Polygon","coordinates":[[[-6.0017767,37.3689463],[-6.0018248,37.3689555],[-6.0018886,37.368672],[-6.001843,37.3686648],[-6.0017767,37.3689463]]]}},{"type":"Feature","properties":{"row":9,"col":18,"name":"Esta To Arreglao","street":"Calle Pepe Hillo","number":"55","osm_id":"way/1164882150"},"geometry":{"type":"Polygon","coordinates":[[[-5.997972,37.3688562],[-5.9979804,37.3688194],[-5.9978322,37.3687974],[-5.9978242,37.3688342],[-5.997972,37.3688562]]]}},{"type":"Feature","properties":{"row":9,"col":19,"name":"Los Catavinos","street":"Calle Pascual Márquez","number":"179","osm_id":"way/1169318048"},"geometry":{"type":"Polygon","coordinates":[[[-6.0017315,37.3689398],[-6.0017767,37.3689463],[-6.001843,37.3686648],[-6.0017968,37.3686575],[-6.0017315,37.3689398]]]}},{"type":"Feature","properties":{"row":9,"col":20,"name":"El Rescondrijo","street":"Calle Pascual Márquez","number":"32","osm_id":"way/1164892787"},"geometry":{"type":"Polygon","coordinates":[[[-5.9984484,37.3687161],[-5.9984226,37.3688396],[-5.9984087,37.3689089],[-5.9984017,37.3689406],[-5.9984458,37.3689465],[-5.9984933,37.368723],[-5.9984484,37.3687161]]]}},{"type":"Feature","properties":{"row":9,"col":21,"name":"Por Chiripa","street":"Calle Pascual Márquez","number":"177","osm_id":"way/1169318049"},"geometry":{"type":"Polygon","coordinates":[[[-6.0016845,37.3689331],[-6.0017315,37.3689398],[-6.0017968,37.3686575],[-6.0017507,37.3686503],[-6.0016845,37.3689331]]]}},{"type":"Feature","properties":{"row":9,"col":22,"name":"Los Amigos del Real de la Feria de Abril","street":"Calle Ignacio Sánchez Mejías","number":"20","osm_id":"way/1169334127"},"geometry":{"type":"Polygon","coordinates":[[[-5.9959507,37.3688079],[-5.9959525,37.3688474],[-5.9962532,37.3688438],[-5.9962517,37.3688048],[-5.9959507,37.3688079]]]}},{"type":"Feature","properties":{"row":9,"col":23,"name":"Algarin Mallol Maria Teresa","street":"Calle Pascual Márquez","number":"34","osm_id":"way/1164892786"},"geometry":{"type":"Polygon","coordinates":[[[-5.9984933,37.368723],[-5.9984458,37.3689465],[-5.9984917,37.3689526],[-5.9985403,37.3687303],[-5.9984933,37.368723]]]}},{"type":"Feature","properties":{"row":9,"col":24,"name":"Peñita los Caños","street":"Calle Ignacio Sánchez Mejías","number":"31","osm_id":"way/1169334141"},"geometry":{"type":"Polygon","coordinates":[[[-5.99569,37.36882],[-5.995688,37.3687797],[-5.9953853,37.3687843],[-5.9953894,37.3688245],[-5.99569,37.36882]]]}},{"type":"Feature","properties":{"row":9,"col":25,"name":"Los Mosquitos","street":"Calle Curro Romero","number":"13","osm_id":"way/1164882254"},"geometry":{"type":"Polygon","coordinates":[[[-5.9964776,37.3688845],[-5.9966854,37.3687116],[-5.9966493,37.3686837],[-5.9964434,37.3688579],[-5.9964776,37.3688845]]]}},{"type":"Feature","properties":{"row":9,"col":26,"name":"Pepe Hillo 57","street":"Calle Pepe Hillo","number":"57","osm_id":"way/1164882149"},"geometry":{"type":"Polygon","coordinates":[[[-5.9979804,37.3688194],[-5.9979888,37.3687826],[-5.9978406,37.368759],[-5.9978362,37.3687793],[-5.9978322,37.3687974],[-5.9979804,37.3688194]]]}},{"type":"Feature","properties":{"row":9,"col":27,"name":"Club Bancotrans","street":"Calle Pascual Márquez","number":"167","osm_id":"way/1169318055"},"geometry":{"type":"Polygon","coordinates":[[[-6.0014586,37.3689007],[-6.0015002,37.3689067],[-6.0015689,37.368623],[-6.0015181,37.3686161],[-6.0014586,37.3689007]]]}},{"type":"Feature","properties":{"row":9,"col":28,"name":"Hay Bien","street":"Calle Ignacio Sánchez Mejías","number":"18","osm_id":"way/1169334128"},"geometry":{"type":"Polygon","coordinates":[[[-5.9959488,37.3687685],[-5.9959507,37.3688079],[-5.9962517,37.3688048],[-5.9962502,37.3687659],[-5.9959488,37.3687685]]]}},{"type":"Feature","properties":{"row":9,"col":29,"name":"Aspas-sevilla","street":"Calle Pascual Márquez","number":"165","osm_id":"way/1169318056"},"geometry":{"type":"Polygon","coordinates":[[[-6.0014094,37.3688937],[-6.0014586,37.3689007],[-6.0015181,37.3686161],[-6.0014688,37.3686096],[-6.0014094,37.3688937]]]}},{"type":"Feature","properties":{"row":9,"col":30,"name":"Ales Perez de Leon Soledad","street":"Calle Curro Romero","number":"15","osm_id":"way/1164882253"},"geometry":{"type":"Polygon","coordinates":[[[-5.9964434,37.3688579],[-5.9966493,37.3686837],[-5.9966161,37.3686581],[-5.9964405,37.3688034],[-5.9964086,37.3688319],[-5.9964434,37.3688579]]]}},{"type":"Feature","properties":{"row":9,"col":31,"name":"Finanzauto S.a.","street":"Calle Antonio Bienvenida","number":"52","osm_id":"way/1164882276"},"geometry":{"type":"Polygon","coordinates":[[[-5.9974472,37.36875],[-5.9974502,37.368858],[-5.9976779,37.3688617],[-5.9977033,37.3687586],[-5.9977053,37.3687512],[-5.9976574,37.368751],[-5.9976208,37.3687508],[-5.9974472,37.36875]]]}},{"type":"Feature","properties":{"row":9,"col":32,"name":"Martinez Retamero Rafael","street":"Calle Pascual Márquez","number":"173","osm_id":"way/1169318052"},"geometry":{"type":"Polygon","coordinates":[[[-6.0015972,37.3689206],[-6.0016395,37.3689266],[-6.0017315,37.3685451],[-6.001689,37.3685384],[-6.0015972,37.3689206]]]}},{"type":"Feature","properties":{"row":9,"col":33,"name":"Puesto de Mando","street":"Calle Pepe Hillo","number":"92","osm_id":"way/1164892738"},"geometry":{"type":"Polygon","coordinates":[[[-5.998218,37.3688111],[-5.9983305,37.3688266],[-5.9983595,37.3687024],[-5.998245,37.3686862],[-5.998218,37.3688111]]]}},{"type":"Feature","properties":{"row":9,"col":34,"name":"Los Larris","street":"Calle Ignacio Sánchez Mejías","number":"29","osm_id":"way/1169334140"},"geometry":{"type":"Polygon","coordinates":[[[-5.995688,37.3687797],[-5.995686,37.3687393],[-5.9953813,37.3687441],[-5.9953853,37.3687843],[-5.995688,37.3687797]]]}},{"type":"Feature","properties":{"row":9,"col":35,"name":"Peña Fernando el Herrero","street":"Calle Pascual Márquez","number":"171","osm_id":"way/1169318053"},"geometry":{"type":"Polygon","coordinates":[[[-6.0015473,37.3689134],[-6.0015972,37.3689206],[-6.001689,37.3685384],[-6.0016393,37.3685306],[-6.0015473,37.3689134]]]}},{"type":"Feature","properties":{"row":9,"col":36,"name":"Caseta de Feria Er Bujerito","street":"Calle Pascual Márquez","number":"30","osm_id":"way/1164892791"},"geometry":{"type":"Polygon","coordinates":[[[-5.998403,37.3687091],[-5.9983769,37.3688335],[-5.9984226,37.3688396],[-5.9984484,37.3687161],[-5.998403,37.3687091]]]}},{"type":"Feature","properties":{"row":9,"col":37,"name":"Peña los 25","street":"Calle Pepe Hillo","number":"59","osm_id":"way/1164882148"},"geometry":{"type":"Polygon","coordinates":[[[-5.9979888,37.3687826],[-5.9979975,37.3687446],[-5.9978485,37.368723],[-5.9978406,37.368759],[-5.9979888,37.3687826]]]}},{"type":"Feature","properties":{"row":9,"col":38,"name":"La Fortuna","street":"Calle Pascual Márquez","number":"175","osm_id":"way/1169318051"},"geometry":{"type":"Polygon","coordinates":[[[-6.0016395,37.3689266],[-6.0016845,37.3689331],[-6.0017507,37.3686503],[-6.0017764,37.3685521],[-6.0017315,37.3685451],[-6.0016395,37.3689266]]]}},{"type":"Feature","properties":{"row":9,"col":39,"name":"Del Pozo Polidoro Jaime","street":"Calle Pascual Márquez","number":"28","osm_id":"way/1164892792"},"geometry":{"type":"Polygon","coordinates":[[[-5.9983595,37.3687024],[-5.9983305,37.3688266],[-5.9983769,37.3688335],[-5.998403,37.3687091],[-5.9983595,37.3687024]]]}},{"type":"Feature","properties":{"row":9,"col":40,"name":"Los Volantes","street":"Calle Ignacio Sánchez Mejías","number":"16","osm_id":"way/1169334129"},"geometry":{"type":"Polygon","coordinates":[[[-5.995947,37.3687291],[-5.9959488,37.3687685],[-5.9962502,37.3687659],[-5.9962487,37.3687269],[-5.995947,37.3687291]]]}},{"type":"Feature","properties":{"row":9,"col":41,"name":"La Morralla","street":"Calle Curro Romero","number":"17","osm_id":"way/1164882252"},"geometry":{"type":"Polygon","coordinates":[[[-5.9964405,37.3688034],[-5.9966161,37.3686581],[-5.9965829,37.3686325],[-5.9964068,37.3687746],[-5.9964405,37.3688034]]]}},{"type":"Feature","properties":{"row":9,"col":42,"name":"Club Bandri","street":"Calle Pascual Márquez","number":"169","osm_id":"way/1169318054"},"geometry":{"type":"Polygon","coordinates":[[[-6.0015002,37.3689067],[-6.0015473,37.3689134],[-6.0016393,37.3685306],[-6.0015899,37.3685229],[-6.0015689,37.368623],[-6.0015002,37.3689067]]]}},{"type":"Feature","properties":{"row":9,"col":43,"name":"El Suspiro","street":"Calle Antonio Bienvenida","number":"58","osm_id":"way/1164882277"},"geometry":{"type":"Polygon","coordinates":[[[-5.9974462,37.3687126],[-5.9974472,37.36875],[-5.9976208,37.3687508],[-5.9976265,37.3687145],[-5.9974462,37.3687126]]]}},{"type":"Feature","properties":{"row":9,"col":44,"name":"Amp","street":"Calle Pascual Márquez","number":"161","osm_id":"way/1167336752"},"geometry":{"type":"Polygon","coordinates":[[[-6.0013124,37.3688798],[-6.0013673,37.3688877],[-6.0014492,37.3685008],[-6.0013916,37.3684915],[-6.0013124,37.3688798]]]}},{"type":"Feature","properties":{"row":9,"col":45,"name":"El Cortijillo","street":"Calle Pascual Márquez","number":"147","osm_id":"way/1167336756"},"geometry":{"type":"Polygon","coordinates":[[[-6.0009829,37.3688326],[-6.0010248,37.3688386],[-6.0010832,37.3685681],[-6.0010382,37.368562],[-6.0009829,37.3688326]]]}},{"type":"Feature","properties":{"row":9,"col":46,"name":"El Aguardo","street":"Calle Ignacio Sánchez Mejías","number":"27","osm_id":"way/1169334139"},"geometry":{"type":"Polygon","coordinates":[[[-5.995686,37.3687393],[-5.9956839,37.368699],[-5.9953773,37.3687039],[-5.9953813,37.3687441],[-5.995686,37.3687393]]]}},{"type":"Feature","properties":{"row":9,"col":47,"name":"El Tejaillo","street":"Calle Pepe Hillo","number":"61","osm_id":"way/1164882147"},"geometry":{"type":"Polygon","coordinates":[[[-5.9979975,37.3687446],[-5.9980058,37.3687081],[-5.9978559,37.3686888],[-5.9978485,37.368723],[-5.9979975,37.3687446]]]}},{"type":"Feature","properties":{"row":9,"col":48,"name":"El Oncocito","street":"Calle Pascual Márquez","number":"145","osm_id":"way/1167336757"},"geometry":{"type":"Polygon","coordinates":[[[-6.0009331,37.3688255],[-6.0009829,37.3688326],[-6.0010382,37.368562],[-6.0009943,37.368556],[-6.0009331,37.3688255]]]}},{"type":"Feature","properties":{"row":9,"col":49,"name":"Fasga","street":"Calle Pascual Márquez","number":"189","osm_id":"way/1169318050"},"geometry":{"type":"Polygon","coordinates":[[[-6.002413,37.368716],[-6.0024303,37.3686548],[-6.0017764,37.3685521],[-6.0017507,37.3686503],[-6.0017968,37.3686575],[-6.001843,37.3686648],[-6.0018886,37.368672],[-6.0019376,37.3686798],[-6.001993,37.3686885],[-6.0020416,37.3686962],[-6.0019676,37.3689829],[-6.0020512,37.368999],[-6.0021261,37.3687059],[-6.0021729,37.3687134],[-6.0021818,37.3686781],[-6.0022321,37.3686863],[-6.0022808,37.3686943],[-6.0023254,37.3687017],[-6.002413,37.368716]]]}},{"type":"Feature","properties":{"row":9,"col":50,"name":"Aire","street":"Calle Curro Romero","number":"19","osm_id":"way/1164882251"},"geometry":{"type":"Polygon","coordinates":[[[-5.9964068,37.3687746],[-5.9965829,37.3686325],[-5.996549,37.3686063],[-5.9963719,37.3687449],[-5.9964068,37.3687746]]]}},{"type":"Feature","properties":{"row":9,"col":51,"name":"El Duende","street":"Calle Ignacio Sánchez Mejías","number":"14","osm_id":"way/1169334130"},"geometry":{"type":"Polygon","coordinates":[[[-5.9959451,37.3686896],[-5.995947,37.3687291],[-5.9962487,37.3687269],[-5.9962473,37.368688],[-5.9962153,37.3686881],[-5.9959451,37.3686896]]]}},{"type":"Feature","properties":{"row":9,"col":52,"name":"Er Tronquito","street":"Calle Pascual Márquez","number":"137","osm_id":"way/1167336759"},"geometry":{"type":"Polygon","coordinates":[[[-6.0007605,37.368801],[-6.000845,37.368813],[-6.0009034,37.3685533],[-6.000816,37.3685409],[-6.0007605,37.368801]]]}},{"type":"Feature","properties":{"row":9,"col":53,"name":"Hermandad del Rocio de la Macarena","street":"Calle Pascual Márquez","number":"163","osm_id":"way/1169318057"},"geometry":{"type":"Polygon","coordinates":[[[-6.0013673,37.3688877],[-6.0014094,37.3688937],[-6.0014688,37.3686096],[-6.0015181,37.3686161],[-6.0015689,37.368623],[-6.0015899,37.3685229],[-6.0014492,37.3685008],[-6.0013673,37.3688877]]]}},{"type":"Feature","properties":{"row":9,"col":54,"name":"La Cuadrilla","street":"Calle Pascual Márquez","number":"151","osm_id":"way/1167336754"},"geometry":{"type":"Polygon","coordinates":[[[-6.0010728,37.3688455],[-6.0011225,37.3688526],[-6.0011998,37.3684626],[-6.0011569,37.3684562],[-6.0010728,37.3688455]]]}},{"type":"Feature","properties":{"row":9,"col":55,"name":"","street":"","number":"","osm_id":"way/404251076"},"geometry":{"type":"Polygon","coordinates":[[[-6.0012629,37.3688727],[-6.0013205,37.3685761],[-6.0012399,37.3685662],[-6.0012585,37.3684715],[-6.0011998,37.3684626],[-6.0011225,37.3688526],[-6.0011869,37.3688618],[-6.0012629,37.3688727]]]}},{"type":"Feature","properties":{"row":9,"col":56,"name":"Galan Duque Casimiro","street":"Calle Antonio Bienvenida","number":"60","osm_id":"way/1164882278"},"geometry":{"type":"Polygon","coordinates":[[[-5.997445,37.3686705],[-5.9974462,37.3687126],[-5.9976265,37.3687145],[-5.9976338,37.3686689],[-5.997445,37.3686705]]]}},{"type":"Feature","properties":{"row":9,"col":57,"name":"Los Amigos de la Cava (peña Taurina)","street":"Calle Pascual Márquez","number":"18","osm_id":"way/1164882145"},"geometry":{"type":"Polygon","coordinates":[[[-5.9978955,37.3686565],[-5.9979068,37.3685888],[-5.9978343,37.3685789],[-5.997793,37.3687726],[-5.9978362,37.3687793],[-5.9978406,37.368759],[-5.9978485,37.368723],[-5.9978559,37.3686888],[-5.9978639,37.3686522],[-5.9978955,37.3686565]]]}},{"type":"Feature","properties":{"row":9,"col":58,"name":"El Encaje","street":"Calle Ignacio Sánchez Mejías","number":"25","osm_id":"way/1169334138"},"geometry":{"type":"Polygon","coordinates":[[[-5.9956839,37.368699],[-5.9956819,37.3686587],[-5.9953733,37.3686637],[-5.9953773,37.3687039],[-5.9956839,37.368699]]]}},{"type":"Feature","properties":{"row":9,"col":59,"name":"Rubio de Rueda Julio R","street":"Calle Pascual Márquez","number":"133","osm_id":"way/1167336761"},"geometry":{"type":"Polygon","coordinates":[[[-6.0006594,37.3687867],[-6.0007067,37.3687934],[-6.0007661,37.368524],[-6.0007177,37.3685174],[-6.0006594,37.3687867]]]}},{"type":"Feature","properties":{"row":9,"col":60,"name":"Ahi Queo","street":"Calle Curro Romero","number":"21","osm_id":"way/1164882250"},"geometry":{"type":"Polygon","coordinates":[[[-5.9963719,37.3687449],[-5.996549,37.3686063],[-5.9965166,37.3685813],[-5.9963401,37.3687177],[-5.9963719,37.3687449]]]}},{"type":"Feature","properties":{"row":9,"col":61,"name":"Casa de la Mancha","street":"Calle Pascual Márquez","number":"159","osm_id":"way/1167336753"},"geometry":{"type":"Polygon","coordinates":[[[-6.0012629,37.3688727],[-6.0013124,37.3688798],[-6.0013916,37.3684915],[-6.0012585,37.3684715],[-6.0012399,37.3685662],[-6.0013205,37.3685761],[-6.0012629,37.3688727]]]}},{"type":"Feature","properties":{"row":9,"col":62,"name":"La Taja Estable","street":"Calle Pascual Márquez","number":"131","osm_id":"way/1167336762"},"geometry":{"type":"Polygon","coordinates":[[[-6.0006156,37.3687805],[-6.0006594,37.3687867],[-6.0007177,37.3685174],[-6.0006738,37.3685112],[-6.0006156,37.3687805]]]}},{"type":"Feature","properties":{"row":9,"col":63,"name":"Caseta Peña Curro Romero","street":"Calle Curro Romero","number":"23","osm_id":"way/1164882249"},"geometry":{"type":"Polygon","coordinates":[[[-5.9963401,37.3687177],[-5.9965166,37.3685813],[-5.9964835,37.3685557],[-5.9963109,37.3686922],[-5.9962801,37.3687189],[-5.9963069,37.3687397],[-5.9963401,37.3687177]]]}},{"type":"Feature","properties":{"row":9,"col":64,"name":"Saluten Butem","street":"Calle Ignacio Sánchez Mejías","number":"12","osm_id":"way/1169334131"},"geometry":{"type":"Polygon","coordinates":[[[-5.9959434,37.3686535],[-5.9959451,37.3686896],[-5.9962153,37.3686881],[-5.9962149,37.3686519],[-5.9961803,37.3686521],[-5.9959434,37.3686535]]]}},{"type":"Feature","properties":{"row":9,"col":65,"name":"La Buena Nueva","street":"Calle Pascual Márquez","number":"14","osm_id":"way/1164882143"},"geometry":{"type":"Polygon","coordinates":[[[-5.9977896,37.3685728],[-5.997739,37.3685658],[-5.9977053,37.3687512],[-5.9977033,37.3687586],[-5.9977464,37.3687653],[-5.9977896,37.3685728]]]}},{"type":"Feature","properties":{"row":9,"col":66,"name":"La Chimenea","street":"Calle Pepe Hillo","number":"63","osm_id":"way/1164882146"},"geometry":{"type":"Polygon","coordinates":[[[-5.9980058,37.3687081],[-5.9980296,37.3686043],[-5.9979685,37.3685963],[-5.9979511,37.3686773],[-5.9978928,37.3686693],[-5.9978955,37.3686565],[-5.9978639,37.3686522],[-5.9978559,37.3686888],[-5.9980058,37.3687081]]]}},{"type":"Feature","properties":{"row":9,"col":67,"name":"Hermandad de la Vera Cruz","street":"Calle Pascual Márquez","number":"16","osm_id":"way/1164882144"},"geometry":{"type":"Polygon","coordinates":[[[-5.9978343,37.3685789],[-5.9977896,37.3685728],[-5.9977464,37.3687653],[-5.997793,37.3687726],[-5.9978343,37.3685789]]]}},{"type":"Feature","properties":{"row":9,"col":68,"name":"Sin Bautizar","street":"Calle Pascual Márquez","number":"111","osm_id":"way/1167336766"},"geometry":{"type":"Polygon","coordinates":[[[-6.0001594,37.3687158],[-6.0002045,37.3687222],[-6.0002416,37.368554],[-6.0001937,37.3685479],[-6.0001594,37.3687158]]]}},{"type":"Feature","properties":{"row":9,"col":69,"name":"Los Desesperaos","street":"Calle Pascual Márquez","number":"10","osm_id":"way/1164882141"},"geometry":{"type":"Polygon","coordinates":[[[-5.9976951,37.3685598],[-5.9976523,37.368554],[-5.9976396,37.368633],[-5.9976338,37.3686689],[-5.9976265,37.3687145],[-5.9976208,37.3687508],[-5.9976574,37.368751],[-5.9976951,37.3685598]]]}},{"type":"Feature","properties":{"row":9,"col":70,"name":"U.s.o.","street":"Calle Curro Romero","number":"25","osm_id":"way/1164882248"},"geometry":{"type":"Polygon","coordinates":[[[-5.9962801,37.3687189],[-5.9963109,37.3686922],[-5.9964835,37.3685557],[-5.996413,37.3685013],[-5.9962258,37.3686624],[-5.9962473,37.368688],[-5.9962801,37.3687189]]]}},{"type":"Feature","properties":{"row":9,"col":71,"name":"Los de Incognito","street":"Calle Antonio Bienvenida","number":"62","osm_id":"way/1164882279"},"geometry":{"type":"Polygon","coordinates":[[[-5.9974439,37.3686297],[-5.997445,37.3686705],[-5.9976338,37.3686689],[-5.9976396,37.368633],[-5.9974439,37.3686297]]]}},{"type":"Feature","properties":{"row":9,"col":72,"name":"Los Motoecologicos","street":"Calle Ignacio Sánchez Mejías","number":"23","osm_id":"way/1169334137"},"geometry":{"type":"Polygon","coordinates":[[[-5.9956819,37.3686587],[-5.9956799,37.3686183],[-5.9953692,37.3686235],[-5.9953733,37.3686637],[-5.9956819,37.3686587]]]}},{"type":"Feature","properties":{"row":9,"col":73,"name":"Matrisebe","street":"Calle Pascual Márquez","number":"12","osm_id":"way/1164882142"},"geometry":{"type":"Polygon","coordinates":[[[-5.997739,37.3685658],[-5.9976951,37.3685598],[-5.9976574,37.368751],[-5.9977053,37.3687512],[-5.997739,37.3685658]]]}},{"type":"Feature","properties":{"row":9,"col":74,"name":"Lar Gallego","street":"Calle Pascual Márquez","number":"149","osm_id":"way/1167336755"},"geometry":{"type":"Polygon","coordinates":[[[-6.0010248,37.3688386],[-6.0010728,37.3688455],[-6.0011569,37.3684562],[-6.0010204,37.3684356],[-6.0009943,37.368556],[-6.0010382,37.368562],[-6.0010832,37.3685681],[-6.0010248,37.3688386]]]}},{"type":"Feature","properties":{"row":9,"col":75,"name":"Los Gallos Grises","street":"Calle Ignacio Sánchez Mejías","number":"10","osm_id":"way/1169334132"},"geometry":{"type":"Polygon","coordinates":[[[-5.9959419,37.3686198],[-5.9959434,37.3686535],[-5.9961803,37.3686521],[-5.9961794,37.368616],[-5.996101,37.3686173],[-5.9959419,37.3686198]]]}},{"type":"Feature","properties":{"row":9,"col":76,"name":"A.c.d. Fabrica de Tabacos Altadis","street":"Calle Pascual Márquez","number":"141","osm_id":"way/1167336758"},"geometry":{"type":"Polygon","coordinates":[[[-6.000845,37.368813],[-6.0009331,37.3688255],[-6.0009943,37.368556],[-6.0010204,37.3684356],[-6.0008456,37.3684092],[-6.000816,37.3685409],[-6.0009034,37.3685533],[-6.000845,37.368813]]]}},{"type":"Feature","properties":{"row":9,"col":77,"name":"Los Caireles","street":"Calle Pascual Márquez","number":"135","osm_id":"way/1167336760"},"geometry":{"type":"Polygon","coordinates":[[[-6.0007067,37.3687934],[-6.0007605,37.368801],[-6.000816,37.3685409],[-6.0008456,37.3684092],[-6.0007932,37.3684013],[-6.0007661,37.368524],[-6.0007067,37.3687934]]]}},{"type":"Feature","properties":{"row":9,"col":78,"name":"Las de los Lunes","street":"Calle Ignacio Sánchez Mejías","number":"21","osm_id":"way/1169334112"},"geometry":{"type":"Polygon","coordinates":[[[-5.9956799,37.3686183],[-5.9956778,37.368578],[-5.9953652,37.3685832],[-5.9953692,37.3686235],[-5.9956799,37.3686183]]]}},{"type":"Feature","properties":{"row":9,"col":79,"name":"La Papalina","street":"Calle Curro Romero","number":"29","osm_id":"way/1164882247"},"geometry":{"type":"Polygon","coordinates":[[[-5.9962258,37.3686624],[-5.996413,37.3685013],[-5.9963834,37.3684785],[-5.9961942,37.3686289],[-5.9962149,37.3686519],[-5.9962258,37.3686624]]]}},{"type":"Feature","properties":{"row":9,"col":80,"name":"El Enjuiciamiento","street":"Calle Ignacio Sánchez Mejías","number":"8","osm_id":"way/1169334133"},"geometry":{"type":"Polygon","coordinates":[[[-5.9959401,37.3685816],[-5.9959419,37.3686198],[-5.996101,37.3686173],[-5.9960981,37.3685789],[-5.9959401,37.3685816]]]}},{"type":"Feature","properties":{"row":9,"col":81,"name":"El Agua","street":"Calle Pascual Márquez","number":"119","osm_id":"way/1167336764"},"geometry":{"type":"Polygon","coordinates":[[[-6.0003422,37.3687417],[-6.0005245,37.3687676],[-6.0006127,37.3683741],[-6.0004316,37.3683468],[-6.0003422,37.3687417]]]}},{"type":"Feature","properties":{"row":9,"col":82,"name":"Pascual Marquez 107","street":"Calle Pascual Márquez","number":"107","osm_id":"way/1167336767"},"geometry":{"type":"Polygon","coordinates":[[[-6.0000655,37.3687025],[-6.000117,37.3687098],[-6.0001804,37.3684184],[-6.0001298,37.3684113],[-6.0000655,37.3687025]]]}},{"type":"Feature","properties":{"row":9,"col":83,"name":"El Kiosko del Kerer","street":"Calle Pascual Márquez","number":"105","osm_id":"way/1167336768"},"geometry":{"type":"Polygon","coordinates":[[[-6.0000175,37.3686957],[-6.0000655,37.3687025],[-6.0001298,37.3684113],[-6.0000764,37.3684046],[-6.0000175,37.3686957]]]}},{"type":"Feature","properties":{"row":9,"col":84,"name":"Centro Asturiano","street":"Calle Pascual Márquez","number":"127","osm_id":"way/1167336763"},"geometry":{"type":"Polygon","coordinates":[[[-6.0005245,37.3687676],[-6.0006156,37.3687805],[-6.0006738,37.3685112],[-6.0007177,37.3685174],[-6.0007661,37.368524],[-6.0007932,37.3684013],[-6.0006127,37.3683741],[-6.0005245,37.3687676]]]}},{"type":"Feature","properties":{"row":9,"col":85,"name":"Peña Cultural Flamenca Torres Macarena","street":"Calle Antonio Bienvenida","number":"64","osm_id":"way/1164882280"},"geometry":{"type":"Polygon","coordinates":[[[-5.9976523,37.368554],[-5.997441,37.3685251],[-5.9974439,37.3686297],[-5.9976396,37.368633],[-5.9976523,37.368554]]]}},{"type":"Feature","properties":{"row":9,"col":86,"name":"Circulo Cultural Rociero de Triana","street":"Calle Pascual Márquez","number":"97","osm_id":"way/1164892740"},"geometry":{"type":"Polygon","coordinates":[[[-5.9998245,37.3686684],[-5.9998799,37.3686762],[-5.9999326,37.3684326],[-5.9998777,37.3684256],[-5.9998245,37.3686684]]]}},{"type":"Feature","properties":{"row":9,"col":87,"name":"Fundacion Cajasol","street":"Calle Pascual Márquez","number":"113","osm_id":"way/1167336765"},"geometry":{"type":"Polygon","coordinates":[[[-6.0002045,37.3687222],[-6.0003422,37.3687417],[-6.0004316,37.3683468],[-6.000292,37.3683258],[-6.0002045,37.3687222]]]}},{"type":"Feature","properties":{"row":9,"col":88,"name":"El Alboroque","street":"Calle Antonio Bienvenida","number":"111","osm_id":"way/1164882302"},"geometry":{"type":"Polygon","coordinates":[[[-5.9969904,37.3685792],[-5.9968846,37.3684986],[-5.9968219,37.3685506],[-5.9969278,37.3686311],[-5.9969904,37.3685792]]]}},{"type":"Feature","properties":{"row":9,"col":89,"name":"Recio Moron Carolina","street":"Calle Curro Romero","number":"31","osm_id":"way/1164882246"},"geometry":{"type":"Polygon","coordinates":[[[-5.9961942,37.3686289],[-5.9963834,37.3684785],[-5.996349,37.3684519],[-5.9961674,37.3686005],[-5.9961794,37.368616],[-5.9961942,37.3686289]]]}},{"type":"Feature","properties":{"row":9,"col":90,"name":"Peña Betica el Fontanal","street":"Calle Ignacio Sánchez Mejías","number":"19","osm_id":"way/1169334111"},"geometry":{"type":"Polygon","coordinates":[[[-5.9956778,37.368578],[-5.9956758,37.3685376],[-5.9953612,37.368543],[-5.9953652,37.3685832],[-5.9956778,37.368578]]]}},{"type":"Feature","properties":{"row":9,"col":91,"name":"I. Sanchez Mejias, 6","street":"Calle Ignacio Sánchez Mejías","number":"6","osm_id":"way/1169334134"},"geometry":{"type":"Polygon","coordinates":[[[-5.9959383,37.3685434],[-5.9959401,37.3685816],[-5.9960981,37.3685789],[-5.9960952,37.3685404],[-5.9959383,37.3685434]]]}},{"type":"Feature","properties":{"row":9,"col":92,"name":"Real Club de Enganches de Andalucia","street":"Calle Pascual Márquez","number":"109","osm_id":"way/1167336751"},"geometry":{"type":"Polygon","coordinates":[[[-6.000117,37.3687098],[-6.0001594,37.3687158],[-6.0001937,37.3685479],[-6.0002416,37.368554],[-6.000292,37.3683258],[-6.0002034,37.3683124],[-6.0001804,37.3684184],[-6.000117,37.3687098]]]}},{"type":"Feature","properties":{"row":9,"col":93,"name":"Los Pesaos","street":"Calle Curro Romero","number":"33","osm_id":"way/1164882245"},"geometry":{"type":"Polygon","coordinates":[[[-5.9961674,37.3686005],[-5.996349,37.3684519],[-5.9963161,37.3684265],[-5.9961413,37.3685728],[-5.9961674,37.3686005]]]}},{"type":"Feature","properties":{"row":9,"col":94,"name":"El Homenaje","street":"Calle Antonio Bienvenida","number":"115","osm_id":"way/1164882303"},"geometry":{"type":"Polygon","coordinates":[[[-5.9970254,37.3685516],[-5.9969194,37.3684698],[-5.9968846,37.3684986],[-5.9969904,37.3685792],[-5.9970254,37.3685516]]]}},{"type":"Feature","properties":{"row":9,"col":95,"name":"El Puntito","street":"Calle Pascual Márquez","number":"101","osm_id":"way/1167336770"},"geometry":{"type":"Polygon","coordinates":[[[-5.9999269,37.3686829],[-5.9999717,37.3686892],[-6.0000548,37.36829],[-6.000007,37.3682828],[-5.9999269,37.3686829]]]}},{"type":"Feature","properties":{"row":9,"col":96,"name":"Kiosco Abilio","street":"Calle Ignacio Sánchez Mejías","number":"4","osm_id":"way/1169334135"},"geometry":{"type":"Polygon","coordinates":[[[-5.9959365,37.3685052],[-5.9959383,37.3685434],[-5.9960952,37.3685404],[-5.9960923,37.368502],[-5.9959365,37.3685052]]]}},{"type":"Feature","properties":{"row":9,"col":97,"name":"Gran Albero","street":"Calle Curro Romero","number":"35","osm_id":"way/1164882244"},"geometry":{"type":"Polygon","coordinates":[[[-5.9961413,37.3685728],[-5.9963161,37.3684265],[-5.9962813,37.3683997],[-5.9961185,37.3685398],[-5.9961413,37.3685728]]]}},{"type":"Feature","properties":{"row":9,"col":98,"name":"El Taconeo","street":"Calle Pascual Márquez","number":"99","osm_id":"way/1164892739"},"geometry":{"type":"Polygon","coordinates":[[[-5.9999269,37.3686829],[-6.000007,37.3682828],[-5.9999121,37.3682685],[-5.9998777,37.3684256],[-5.9999326,37.3684326],[-5.9998799,37.3686762],[-5.9999269,37.3686829]]]}},{"type":"Feature","properties":{"row":9,"col":99,"name":"Guijarro Lobato Matilde","street":"Calle Pascual Márquez","number":"103","osm_id":"way/1167336769"},"geometry":{"type":"Polygon","coordinates":[[[-5.9999717,37.3686892],[-6.0000175,37.3686957],[-6.0000764,37.3684046],[-6.0001298,37.3684113],[-6.0001804,37.3684184],[-6.0002034,37.3683124],[-6.0000548,37.36829],[-5.9999717,37.3686892]]]}},{"type":"Feature","properties":{"row":10,"col":0,"name":"Las Cancelas","street":"Calle Curro Romero","number":"4","osm_id":"way/1164882301"},"geometry":{"type":"Polygon","coordinates":[[[-5.9968219,37.3685506],[-5.9968846,37.3684986],[-5.9969194,37.3684698],[-5.9969945,37.3684075],[-5.9969593,37.368381],[-5.9967855,37.3685229],[-5.9968219,37.3685506]]]}},{"type":"Feature","properties":{"row":10,"col":1,"name":"La Hilandera","street":"Calle Antonio Bienvenida","number":"117","osm_id":"way/1164882304"},"geometry":{"type":"Polygon","coordinates":[[[-5.997096,37.368484],[-5.9969945,37.3684075],[-5.9969194,37.3684698],[-5.9970254,37.3685516],[-5.997093,37.3685006],[-5.997096,37.368484]]]}},{"type":"Feature","properties":{"row":10,"col":2,"name":"Las Espuelas Ii","street":"Calle Ignacio Sánchez Mejías","number":"2","osm_id":"way/1169334136"},"geometry":{"type":"Polygon","coordinates":[[[-5.9959341,37.368454],[-5.9959365,37.3685052],[-5.9960923,37.368502],[-5.996085,37.3684481],[-5.9959341,37.368454]]]}},{"type":"Feature","properties":{"row":10,"col":3,"name":"Peña C. y S. los 40 de Montequinto","street":"Calle Curro Romero","number":"37","osm_id":"way/1164882243"},"geometry":{"type":"Polygon","coordinates":[[[-5.9961185,37.3685398],[-5.9962813,37.3683997],[-5.9962476,37.3683737],[-5.9960923,37.368502],[-5.9961185,37.3685398]]]}},{"type":"Feature","properties":{"row":10,"col":4,"name":"Policia Local (Centro Cultural)","street":"Calle Pascual Márquez","number":"85","osm_id":"way/1164892742"},"geometry":{"type":"Polygon","coordinates":[[[-5.9994225,37.3686114],[-5.9996615,37.3686453],[-5.999691,37.3684999],[-5.9996375,37.3684921],[-5.9996553,37.3684239],[-5.9997039,37.3682371],[-5.9995171,37.368209],[-5.9994225,37.3686114]]]}},{"type":"Feature","properties":{"row":10,"col":5,"name":"Er Porvorin","street":"Calle Curro Romero","number":"6","osm_id":"way/1164882300"},"geometry":{"type":"Polygon","coordinates":[[[-5.9967855,37.3685229],[-5.9969593,37.368381],[-5.9969277,37.3683572],[-5.9967526,37.3684979],[-5.9967855,37.3685229]]]}},{"type":"Feature","properties":{"row":10,"col":6,"name":"Ex Empleados de Aeg","street":"Calle Pascual Márquez","number":"67","osm_id":"way/1164892746"},"geometry":{"type":"Polygon","coordinates":[[[-5.999103,37.3685661],[-5.9991562,37.3685736],[-5.9992167,37.3682909],[-5.9991632,37.3682824],[-5.999103,37.3685661]]]}},{"type":"Feature","properties":{"row":10,"col":7,"name":"Cc.oo. Sevilla","street":"Calle Pascual Márquez","number":"75","osm_id":"way/1164892744"},"geometry":{"type":"Polygon","coordinates":[[[-5.9992872,37.3685922],[-5.9994225,37.3686114],[-5.9995171,37.368209],[-5.999376,37.3681877],[-5.9992872,37.3685922]]]}},{"type":"Feature","properties":{"row":10,"col":8,"name":"Peña Sevillista Nuestra Señora de las Mercedes","street":"Calle Pascual Márquez","number":"61","osm_id":"way/1164882064"},"geometry":{"type":"Polygon","coordinates":[[[-5.9989592,37.3685457],[-5.9990589,37.3685598],[-5.9991205,37.3682723],[-5.999024,37.3682579],[-5.9989592,37.3685457]]]}},{"type":"Feature","properties":{"row":10,"col":9,"name":"El Manillar","street":"Calle Curro Romero","number":"39","osm_id":"way/1164882242"},"geometry":{"type":"Polygon","coordinates":[[[-5.9960923,37.368502],[-5.9962476,37.3683737],[-5.9962157,37.368349],[-5.996085,37.3684481],[-5.9960923,37.368502]]]}},{"type":"Feature","properties":{"row":10,"col":10,"name":"Peña Cultural el Besugo","street":"Calle Curro Romero","number":"8","osm_id":"way/1164882299"},"geometry":{"type":"Polygon","coordinates":[[[-5.9967526,37.3684979],[-5.9969277,37.3683572],[-5.9968963,37.3683334],[-5.9967216,37.3684744],[-5.9967526,37.3684979]]]}},{"type":"Feature","properties":{"row":10,"col":11,"name":"Empresa Cobreros","street":"Calle Pascual Márquez","number":"45","osm_id":"way/1164882066"},"geometry":{"type":"Polygon","coordinates":[[[-5.9986904,37.3685076],[-5.99879,37.3685217],[-5.9988496,37.3682637],[-5.9987474,37.3682485],[-5.9986904,37.3685076]]]}},{"type":"Feature","properties":{"row":10,"col":12,"name":"Los Fuji","street":"Calle Curro Romero","number":"10","osm_id":"way/1164882298"},"geometry":{"type":"Polygon","coordinates":[[[-5.9967216,37.3684744],[-5.9968963,37.3683334],[-5.9968622,37.3683077],[-5.9966841,37.3684459],[-5.9967216,37.3684744]]]}},{"type":"Feature","properties":{"row":10,"col":13,"name":"Empresa Cobreros","street":"Calle Pascual Márquez","number":"45","osm_id":"way/1164882261"},"geometry":{"type":"Polygon","coordinates":[[[-5.998597,37.3684943],[-5.9986458,37.3685013],[-5.9986991,37.3682587],[-5.9986504,37.3682519],[-5.998597,37.3684943]]]}},{"type":"Feature","properties":{"row":10,"col":14,"name":"Peña Betica Puerta de la Carne","street":"Calle Pascual Márquez","number":"69","osm_id":"way/1164892745"},"geometry":{"type":"Polygon","coordinates":[[[-5.9991562,37.3685736],[-5.9992872,37.3685922],[-5.999376,37.3681877],[-5.9992409,37.3681673],[-5.9992167,37.3682909],[-5.9991562,37.3685736]]]}},{"type":"Feature","properties":{"row":10,"col":15,"name":"Asociacion Cultural Alhavara","street":"Calle Pascual Márquez","number":"43","osm_id":"way/1164882262"},"geometry":{"type":"Polygon","coordinates":[[[-5.9985416,37.3684865],[-5.998597,37.3684943],[-5.9986504,37.3682519],[-5.998598,37.3682447],[-5.9985416,37.3684865]]]}},{"type":"Feature","properties":{"row":10,"col":16,"name":"Fasa-renault G.e.","street":"Calle Ignacio Sánchez Mejías","number":"9","osm_id":"way/1164882229"},"geometry":{"type":"Polygon","coordinates":[[[-5.9956758,37.3685376],[-5.9956666,37.3683708],[-5.9956204,37.3683694],[-5.9955605,37.3683706],[-5.9955577,37.3683212],[-5.9955088,37.3683211],[-5.9954594,37.3683198],[-5.9954594,37.3682948],[-5.9953508,37.3682963],[-5.9953612,37.368543],[-5.9956758,37.3685376]]]}},{"type":"Feature","properties":{"row":10,"col":17,"name":"Los del 67","street":"Calle Curro Romero","number":"41","osm_id":"way/1164882241"},"geometry":{"type":"Polygon","coordinates":[[[-5.9962157,37.368349],[-5.9961473,37.3682962],[-5.9959341,37.368454],[-5.996085,37.3684481],[-5.9962157,37.368349]]]}},{"type":"Feature","properties":{"row":10,"col":18,"name":"Estrella de Sevilla","street":"Calle Pascual Márquez","number":"21","osm_id":"way/1164882268"},"geometry":{"type":"Polygon","coordinates":[[[-5.9981217,37.368427],[-5.998147,37.3683008],[-5.9980997,37.3682956],[-5.9980769,37.3684206],[-5.9981217,37.368427]]]}},{"type":"Feature","properties":{"row":10,"col":19,"name":"Los Primos","street":"Calle Pascual Márquez","number":"19","osm_id":"way/1164882267"},"geometry":{"type":"Polygon","coordinates":[[[-5.9980769,37.3684206],[-5.9980997,37.3682956],[-5.9980571,37.3682908],[-5.9980326,37.3684143],[-5.9980769,37.3684206]]]}},{"type":"Feature","properties":{"row":10,"col":20,"name":"Los Chiri","street":"Calle Pascual Márquez","number":"17","osm_id":"way/1164882266"},"geometry":{"type":"Polygon","coordinates":[[[-5.9980326,37.3684143],[-5.9980571,37.3682908],[-5.998006,37.3682851],[-5.9979832,37.3684073],[-5.9980326,37.3684143]]]}},{"type":"Feature","properties":{"row":10,"col":21,"name":"Melia Hotels International","street":"Calle Pascual Márquez","number":"65","osm_id":"way/1164892747"},"geometry":{"type":"Polygon","coordinates":[[[-5.9990589,37.3685598],[-5.999103,37.3685661],[-5.9991632,37.3682824],[-5.9992167,37.3682909],[-5.9992409,37.3681673],[-5.9991508,37.3681538],[-5.9991205,37.3682723],[-5.9990589,37.3685598]]]}},{"type":"Feature","properties":{"row":10,"col":22,"name":"Los Cortitos","street":"Calle Pascual Márquez","number":"25","osm_id":"way/1164882270"},"geometry":{"type":"Polygon","coordinates":[[[-5.9982148,37.3684402],[-5.9982613,37.3682352],[-5.9982095,37.368229],[-5.9981662,37.3684333],[-5.9982148,37.3684402]]]}},{"type":"Feature","properties":{"row":10,"col":23,"name":"Los Claveles Verdes","street":"Calle Curro Romero","number":"12","osm_id":"way/1164882297"},"geometry":{"type":"Polygon","coordinates":[[[-5.9966841,37.3684459],[-5.9968622,37.3683077],[-5.9968093,37.3682679],[-5.9967836,37.3682887],[-5.9967997,37.3683012],[-5.996652,37.3684214],[-5.9966841,37.3684459]]]}},{"type":"Feature","properties":{"row":10,"col":24,"name":"Peña Sevillista de San Bernardo","street":"Calle Pascual Márquez","number":"13","osm_id":"way/1164882265"},"geometry":{"type":"Polygon","coordinates":[[[-5.9979832,37.3684073],[-5.998006,37.3682851],[-5.9979008,37.3682734],[-5.99788,37.3683927],[-5.9979832,37.3684073]]]}},{"type":"Feature","properties":{"row":10,"col":25,"name":"Caseta de Feria los Torpes","street":"Calle Pascual Márquez","number":"23","osm_id":"way/1164882269"},"geometry":{"type":"Polygon","coordinates":[[[-5.9981662,37.3684333],[-5.9982095,37.368229],[-5.9981607,37.3682231],[-5.998147,37.3683008],[-5.9981217,37.368427],[-5.9981662,37.3684333]]]}},{"type":"Feature","properties":{"row":10,"col":26,"name":"Asociacion Cultural el Giraldillo","street":"Calle Curro Romero","number":"14","osm_id":"way/1164882296"},"geometry":{"type":"Polygon","coordinates":[[[-5.996652,37.3684214],[-5.9967997,37.3683012],[-5.9967836,37.3682887],[-5.9968093,37.3682679],[-5.9967874,37.3682514],[-5.9966142,37.3683927],[-5.996652,37.3684214]]]}},{"type":"Feature","properties":{"row":10,"col":27,"name":"El Ataharre","street":"Calle Curro Romero","number":"16","osm_id":"way/1164882295"},"geometry":{"type":"Polygon","coordinates":[[[-5.9966142,37.3683927],[-5.9967874,37.3682514],[-5.9967548,37.3682268],[-5.9965823,37.3683685],[-5.9966142,37.3683927]]]}},{"type":"Feature","properties":{"row":10,"col":28,"name":"A Guena Ora","street":"Calle Pascual Márquez","number":"27","osm_id":"way/1164882271"},"geometry":{"type":"Polygon","coordinates":[[[-5.9983094,37.3682411],[-5.9982613,37.3682352],[-5.9982148,37.3684402],[-5.9982656,37.3684474],[-5.9983094,37.3682411]]]}},{"type":"Feature","properties":{"row":10,"col":29,"name":"Asociacion Club de Campo de Sevilla","street":"Calle Pascual Márquez","number":"53","osm_id":"way/1164882065"},"geometry":{"type":"Polygon","coordinates":[[[-5.99879,37.3685217],[-5.9989592,37.3685457],[-5.999024,37.3682579],[-5.9991205,37.3682723],[-5.9991508,37.3681538],[-5.9987804,37.3680979],[-5.9987474,37.3682485],[-5.9988496,37.3682637],[-5.99879,37.3685217]]]}},{"type":"Feature","properties":{"row":10,"col":30,"name":"La Guitarra","street":"Calle Ignacio Sánchez Mejías","number":"7","osm_id":"way/1164882228"},"geometry":{"type":"Polygon","coordinates":[[[-5.9957007,37.3683442],[-5.9955305,37.3682134],[-5.9955223,37.3682071],[-5.9954441,37.3682714],[-5.9955088,37.3683211],[-5.9955323,37.3683017],[-5.9955577,37.3683212],[-5.9956204,37.3683694],[-5.9956419,37.3683518],[-5.9956666,37.3683708],[-5.9957007,37.3683442]]]}},{"type":"Feature","properties":{"row":10,"col":31,"name":"Descandalo","street":"Calle Curro Romero","number":"18","osm_id":"way/1164882294"},"geometry":{"type":"Polygon","coordinates":[[[-5.9965823,37.3683685],[-5.9967548,37.3682268],[-5.9967266,37.3682055],[-5.9965526,37.3683458],[-5.9965823,37.3683685]]]}},{"type":"Feature","properties":{"row":10,"col":32,"name":"Los de la Luz","street":"Calle Pascual Márquez","number":"47","osm_id":"way/1164882260"},"geometry":{"type":"Polygon","coordinates":[[[-5.9986458,37.3685013],[-5.9986904,37.3685076],[-5.9987474,37.3682485],[-5.9987804,37.3680979],[-5.998635,37.368076],[-5.998598,37.3682447],[-5.9986504,37.3682519],[-5.9986991,37.3682587],[-5.9986458,37.3685013]]]}},{"type":"Feature","properties":{"row":10,"col":33,"name":"La Convivencia","street":"Calle Pascual Márquez","number":"33","osm_id":"way/1164882263"},"geometry":{"type":"Polygon","coordinates":[[[-5.9983501,37.3684593],[-5.9985416,37.3684865],[-5.998598,37.3682447],[-5.998635,37.368076],[-5.9984446,37.3680473],[-5.9983501,37.3684593]]]}},{"type":"Feature","properties":{"row":10,"col":34,"name":"Hasta la Bola","street":"Calle Ignacio Sánchez Mejías","number":"5","osm_id":"way/1164882227"},"geometry":{"type":"Polygon","coordinates":[[[-5.9957007,37.3683442],[-5.9957311,37.3683206],[-5.9955713,37.3681851],[-5.9955305,37.3682134],[-5.9957007,37.3683442]]]}},{"type":"Feature","properties":{"row":10,"col":35,"name":"Canela Pura","street":"Calle Curro Romero","number":"20","osm_id":"way/1164882293"},"geometry":{"type":"Polygon","coordinates":[[[-5.9965526,37.3683458],[-5.9967266,37.3682055],[-5.9966894,37.3681775],[-5.9965182,37.3683197],[-5.9965526,37.3683458]]]}},{"type":"Feature","properties":{"row":10,"col":36,"name":"La Pecera","street":"Calle Pascual Márquez","number":"9","osm_id":"way/1164882274"},"geometry":{"type":"Polygon","coordinates":[[[-5.9981607,37.3682231],[-5.9979728,37.3682003],[-5.9979148,37.3681944],[-5.9979008,37.3682734],[-5.998006,37.3682851],[-5.9980571,37.3682908],[-5.9980997,37.3682956],[-5.998147,37.3683008],[-5.9981607,37.3682231]]]}},{"type":"Feature","properties":{"row":10,"col":37,"name":"La Manivela","street":"Calle Curro Romero","number":"22","osm_id":"way/1164882292"},"geometry":{"type":"Polygon","coordinates":[[[-5.9965182,37.3683197],[-5.9966894,37.3681775],[-5.9966531,37.3681501],[-5.9964823,37.3682924],[-5.9965182,37.3683197]]]}},{"type":"Feature","properties":{"row":10,"col":38,"name":"Los Contaores de la Luz","street":"Calle Ignacio Sánchez Mejías","number":"3","osm_id":"way/1164882226"},"geometry":{"type":"Polygon","coordinates":[[[-5.9957311,37.3683206],[-5.9957658,37.3682935],[-5.9956189,37.3681748],[-5.9956034,37.3681622],[-5.9955713,37.3681851],[-5.9957311,37.3683206]]]}},{"type":"Feature","properties":{"row":10,"col":39,"name":"Andaluces por el Mundo","street":"Calle Pascual Márquez","number":"29","osm_id":"way/1164882264"},"geometry":{"type":"Polygon","coordinates":[[[-5.9982656,37.3684474],[-5.9983501,37.3684593],[-5.9984446,37.3680473],[-5.9984115,37.3680423],[-5.9983984,37.3681056],[-5.9983397,37.3680978],[-5.9983094,37.3682411],[-5.9982656,37.3684474]]]}},{"type":"Feature","properties":{"row":10,"col":40,"name":"Peña Betica Ntra. Sra. Mercedes","street":"Calle Curro Romero","number":"24","osm_id":"way/1164882291"},"geometry":{"type":"Polygon","coordinates":[[[-5.9964823,37.3682924],[-5.9966531,37.3681501],[-5.9966199,37.368125],[-5.9964485,37.3682667],[-5.9964823,37.3682924]]]}},{"type":"Feature","properties":{"row":10,"col":41,"name":"Los Amigos de la Papa","street":"Calle Ignacio Sánchez Mejías","number":"1","osm_id":"way/1164882225"},"geometry":{"type":"Polygon","coordinates":[[[-5.9957658,37.3682935],[-5.9958005,37.3682665],[-5.9957301,37.36821],[-5.9956934,37.3681806],[-5.9956534,37.3681485],[-5.9956189,37.3681748],[-5.9957658,37.3682935]]]}},{"type":"Feature","properties":{"row":10,"col":42,"name":"Los Volantones","street":"Calle Curro Romero","number":"26","osm_id":"way/1164882290"},"geometry":{"type":"Polygon","coordinates":[[[-5.9964485,37.3682667],[-5.9966199,37.368125],[-5.9965879,37.3681009],[-5.9964165,37.3682424],[-5.9964485,37.3682667]]]}},{"type":"Feature","properties":{"row":10,"col":43,"name":"La Flamenca","street":"Calle Curro Romero","number":"28","osm_id":"way/1164882289"},"geometry":{"type":"Polygon","coordinates":[[[-5.9964165,37.3682424],[-5.9965879,37.3681009],[-5.996552,37.3680738],[-5.9963816,37.3682159],[-5.9964165,37.3682424]]]}},{"type":"Feature","properties":{"row":10,"col":44,"name":"Grupo de Empresas Induyco","street":"Calle Curro Romero","number":"43","osm_id":"way/1164882240"},"geometry":{"type":"Polygon","coordinates":[[[-5.9959628,37.36814],[-5.9958864,37.3680861],[-5.9957301,37.36821],[-5.9958005,37.3682665],[-5.9959628,37.36814]]]}},{"type":"Feature","properties":{"row":10,"col":45,"name":"Grupo de Empresa Airbus Military Sevilla","street":"Calle Pascual Márquez","number":"5","osm_id":"way/1164882273"},"geometry":{"type":"Polygon","coordinates":[[[-5.9980002,37.3680571],[-5.9979728,37.3682003],[-5.9981607,37.3682231],[-5.9982095,37.368229],[-5.9982613,37.3682352],[-5.9983094,37.3682411],[-5.9983397,37.3680978],[-5.9980435,37.3680606],[-5.9980002,37.3680571]]]}},{"type":"Feature","properties":{"row":10,"col":46,"name":"Vistalegre","street":"Calle Curro Romero","number":"65","osm_id":"way/1164882231"},"geometry":{"type":"Polygon","coordinates":[[[-5.9954294,37.3682231],[-5.9954396,37.3680067],[-5.9953922,37.3680049],[-5.9953839,37.3682339],[-5.9954288,37.3682344],[-5.9954294,37.3682231]]]}},{"type":"Feature","properties":{"row":10,"col":47,"name":"La Plebe","street":"Calle Curro Romero","number":"47","osm_id":"way/1164882239"},"geometry":{"type":"Polygon","coordinates":[[[-5.9957301,37.36821],[-5.9958864,37.3680861],[-5.9958504,37.3680607],[-5.9956934,37.3681806],[-5.9957301,37.36821]]]}},{"type":"Feature","properties":{"row":10,"col":48,"name":"La Gran Familia Unida","street":"Calle Curro Romero","number":"30","osm_id":"way/1164882288"},"geometry":{"type":"Polygon","coordinates":[[[-5.9963816,37.3682159],[-5.996552,37.3680738],[-5.9965196,37.3680495],[-5.9963476,37.36819],[-5.9963816,37.3682159]]]}},{"type":"Feature","properties":{"row":10,"col":49,"name":"Asociacion Cultural Peña Caseta de Feria","street":"Calle Curro Romero","number":"32","osm_id":"way/1164882287"},"geometry":{"type":"Polygon","coordinates":[[[-5.9963476,37.36819],[-5.9965196,37.3680495],[-5.9964832,37.368022],[-5.9963214,37.3681588],[-5.9963128,37.3681635],[-5.9963476,37.36819]]]}},{"type":"Feature","properties":{"row":10,"col":50,"name":"Peña Amigos de la Feria de Abril","street":"Calle Curro Romero","number":"49","osm_id":"way/1164882238"},"geometry":{"type":"Polygon","coordinates":[[[-5.9956934,37.3681806],[-5.9958504,37.3680607],[-5.9958141,37.3680351],[-5.9956704,37.3681369],[-5.9956534,37.3681485],[-5.9956934,37.3681806]]]}},{"type":"Feature","properties":{"row":10,"col":51,"name":"Tirititraum","street":"Calle Curro Romero","number":"63","osm_id":"way/1164882232"},"geometry":{"type":"Polygon","coordinates":[[[-5.9954853,37.3680081],[-5.9954396,37.3680067],[-5.9954294,37.3682231],[-5.9954745,37.3682245],[-5.9954755,37.3682062],[-5.9954853,37.3680081]]]}},{"type":"Feature","properties":{"row":10,"col":52,"name":"Peña 2 + 8","street":"Calle Curro Romero","number":"61","osm_id":"way/1164882233"},"geometry":{"type":"Polygon","coordinates":[[[-5.9955324,37.36801],[-5.9954853,37.3680081],[-5.9954755,37.3682062],[-5.9955223,37.3682071],[-5.9955226,37.3681851],[-5.9955324,37.36801]]]}},{"type":"Feature","properties":{"row":10,"col":53,"name":"Hermandad Ntra. Sra. de la O","street":"Calle Curro Romero","number":"67","osm_id":"way/1164882230"},"geometry":{"type":"Polygon","coordinates":[[[-5.9953922,37.3680049],[-5.995348,37.3680031],[-5.9953406,37.3682336],[-5.9953839,37.3682339],[-5.9953922,37.3680049]]]}},{"type":"Feature","properties":{"row":10,"col":54,"name":"Amigos de Don Garcia","street":"Calle Curro Romero","number":"34","osm_id":"way/1164882286"},"geometry":{"type":"Polygon","coordinates":[[[-5.9963214,37.3681588],[-5.9964832,37.368022],[-5.9964518,37.3679983],[-5.9962891,37.3681359],[-5.9963214,37.3681588]]]}},{"type":"Feature","properties":{"row":10,"col":55,"name":"Fernandez Alonso Antonio","street":"Calle Curro Romero","number":"59","osm_id":"way/1164882234"},"geometry":{"type":"Polygon","coordinates":[[[-5.9955773,37.3680117],[-5.9955324,37.36801],[-5.9955226,37.3681851],[-5.9955713,37.3681851],[-5.9955726,37.3681471],[-5.9955773,37.3680117]]]}},{"type":"Feature","properties":{"row":10,"col":56,"name":"Los Autenticos","street":"Calle Curro Romero","number":"55","osm_id":"way/1164882236"},"geometry":{"type":"Polygon","coordinates":[[[-5.9956759,37.3680154],[-5.995625,37.3680135],[-5.9956212,37.3681483],[-5.9956534,37.3681485],[-5.9956704,37.3681369],[-5.9956759,37.3680154]]]}},{"type":"Feature","properties":{"row":10,"col":57,"name":"Peña Sevillista Marcelo Campanal","street":"Calle Curro Romero","number":"36","osm_id":"way/1164882285"},"geometry":{"type":"Polygon","coordinates":[[[-5.9962891,37.3681359],[-5.9964518,37.3679983],[-5.9964174,37.3679724],[-5.9962543,37.3681112],[-5.9962891,37.3681359]]]}},{"type":"Feature","properties":{"row":10,"col":58,"name":"El Aroma de Sevilla","street":"Calle Curro Romero","number":"57","osm_id":"way/1164882235"},"geometry":{"type":"Polygon","coordinates":[[[-5.995625,37.3680135],[-5.9955773,37.3680117],[-5.9955726,37.3681471],[-5.9956212,37.3681483],[-5.995625,37.3680135]]]}},{"type":"Feature","properties":{"row":10,"col":59,"name":"San Francisco Javier A.c.","street":"Calle Curro Romero","number":"51","osm_id":"way/1164882237"},"geometry":{"type":"Polygon","coordinates":[[[-5.9958141,37.3680351],[-5.9956759,37.3680154],[-5.9956704,37.3681369],[-5.9958141,37.3680351]]]}},{"type":"Feature","properties":{"row":10,"col":60,"name":"Mantenimiento Electrico","street":"Calle Pascual Márquez","number":"1","osm_id":"way/1164882272"},"geometry":{"type":"Polygon","coordinates":[[[-5.9980578,37.367989],[-5.9980435,37.3680606],[-5.9983397,37.3680978],[-5.9983984,37.3681056],[-5.9984115,37.3680423],[-5.9980578,37.367989]]]}},{"type":"Feature","properties":{"row":10,"col":61,"name":"A.t.t.","street":"Calle Curro Romero","number":"38","osm_id":"way/1164882284"},"geometry":{"type":"Polygon","coordinates":[[[-5.9962543,37.3681112],[-5.9964174,37.3679724],[-5.9963805,37.3679446],[-5.9962164,37.3680842],[-5.9962543,37.3681112]]]}},{"type":"Feature","properties":{"row":10,"col":62,"name":"Los Viernes por la Noche","street":"Calle Curro Romero","number":"42","osm_id":"way/1164882282"},"geometry":{"type":"Polygon","coordinates":[[[-5.996184,37.3680612],[-5.9963316,37.367933],[-5.9962781,37.3679307],[-5.9961511,37.368026],[-5.9961429,37.368032],[-5.996184,37.3680612]]]}},{"type":"Feature","properties":{"row":10,"col":63,"name":"Amigos de la Enfermeria","street":"Calle Curro Romero","number":"40","osm_id":"way/1164882283"},"geometry":{"type":"Polygon","coordinates":[[[-5.9962164,37.3680842],[-5.9963805,37.3679446],[-5.9963611,37.3679343],[-5.9963316,37.367933],[-5.996184,37.3680612],[-5.9962164,37.3680842]]]}},{"type":"Feature","properties":{"row":10,"col":64,"name":"Casa de Cantabria","street":"Calle Curro Romero","number":"44","osm_id":"way/1164882281"},"geometry":{"type":"Polygon","coordinates":[[[-5.9961511,37.368026],[-5.9962781,37.3679307],[-5.9960859,37.3679224],[-5.9960497,37.3679528],[-5.9961511,37.368026]]]}},{"type":"Feature","properties":{"row":10,"col":65,"name":"Calle del Infierno","street":"Calle del Infierno","number":"","osm_id":"custom_calle_infierno","zone":"special"},"geometry":{"type":"Polygon","coordinates":[[[-6.0042467,37.3713019],[-6.0044323,37.3713861],[-6.0067546,37.3717385],[-6.00719,37.3718218],[-6.0077464,37.3720654],[-6.0079722,37.3710016],[-6.0073271,37.3709119],[-6.0074077,37.3704569],[-6.0076496,37.3704825],[-6.0077383,37.3700531],[-6.0078028,37.369752],[-6.0075401,37.3697114],[-6.0075619,37.3695866],[-6.0078106,37.3696143],[-6.0078368,37.3694964],[-6.0048448,37.3690357],[-6.0047053,37.3690357],[-6.004563,37.3690681],[-6.0045341,37.3692045],[-6.0042927,37.3703441],[-6.0042839,37.3703859],[-6.0044204,37.3703982],[-6.0042789,37.3711345],[-6.0042467,37.3713019]]]}},{"type":"Feature","properties":{"row":10,"col":66,"name":"Mañaneo","street":"Puente de las Delicias","number":"","osm_id":"custom_mananeo","zone":"special"},"geometry":{"type":"Polygon","coordinates":[[[-5.99212,37.36721],[-5.99132,37.36721],[-5.99132,37.36801],[-5.99212,37.36801],[-5.99212,37.36721]]]}},{"type":"Feature","properties":{"row":10,"col":67,"name":"La Estrellita","street":"","number":"","osm_id":"custom_estrellita","zone":"special"},"geometry":{"type":"Polygon","coordinates":[[[-6.00954,37.38088],[-6.00874,37.38088],[-6.00874,37.381679999999996],[-6.00954,37.381679999999996],[-6.00954,37.38088]]]}},{"type":"Feature","properties":{"row":10,"col":100,"name":"MAÑANEO EN EL RATA","street":"","number":"","osm_id":"custom_mananeo_rata","zone":"special"},"geometry":{"type":"Polygon","coordinates":[[[-5.9778411,37.3898073],[-5.9769366,37.3898073],[-5.9769366,37.390526],[-5.9778411,37.390526],[-5.9778411,37.3898073]]]}},{"type":"Feature","properties":{"row":999,"col":999,"name":"CUMPLE ALI Y CLAU","street":"","number":"","zone":"unlimited"},"geometry":{"type":"Polygon","coordinates":[[[-6.01237,37.37257],[-6.01197,37.37257],[-6.01197,37.37287],[-6.01237,37.37287],[-6.01237,37.37257]]]}},{"type":"Feature","properties":{"row":9999,"col":9999,"name":"El Pescaíto 🐟","street":"Zona especial","number":"","zone":"pescaito"},"geometry":{"type":"Polygon","coordinates":[[[-5.9974,37.3725],[-5.9978,37.3730],[-5.9988,37.3733],[-6.0000,37.3734],[-6.0008,37.3732],[-6.0012,37.3727],[-6.0017,37.3729],[-6.0031,37.3732],[-6.0023,37.3725],[-6.0031,37.3718],[-6.0017,37.3721],[-6.0012,37.3723],[-6.0008,37.3718],[-6.0000,37.3716],[-5.9988,37.3717],[-5.9978,37.3720],[-5.9974,37.3725]]]}}]}